-- MySQL dump 10.13  Distrib 5.7.9, for Win64 (x86_64)
--
-- Host: 127.0.0.1    Database: cubo22_proyectodwh
-- ------------------------------------------------------
-- Server version	5.7.14

/*!40101 SET @OLD_CHARACTER_SET_CLIENT=@@CHARACTER_SET_CLIENT */;
/*!40101 SET @OLD_CHARACTER_SET_RESULTS=@@CHARACTER_SET_RESULTS */;
/*!40101 SET @OLD_COLLATION_CONNECTION=@@COLLATION_CONNECTION */;
/*!40101 SET NAMES utf8 */;
/*!40103 SET @OLD_TIME_ZONE=@@TIME_ZONE */;
/*!40103 SET TIME_ZONE='+00:00' */;
/*!40014 SET @OLD_UNIQUE_CHECKS=@@UNIQUE_CHECKS, UNIQUE_CHECKS=0 */;
/*!40014 SET @OLD_FOREIGN_KEY_CHECKS=@@FOREIGN_KEY_CHECKS, FOREIGN_KEY_CHECKS=0 */;
/*!40101 SET @OLD_SQL_MODE=@@SQL_MODE, SQL_MODE='NO_AUTO_VALUE_ON_ZERO' */;
/*!40111 SET @OLD_SQL_NOTES=@@SQL_NOTES, SQL_NOTES=0 */;

--
-- Table structure for table `dimdepartamento`
--

DROP TABLE IF EXISTS `dimdepartamento`;
/*!40101 SET @saved_cs_client     = @@character_set_client */;
/*!40101 SET character_set_client = utf8 */;
CREATE TABLE `dimdepartamento` (
  `departamento_id` bigint(20) NOT NULL AUTO_INCREMENT,
  `departamento` varchar(45) DEFAULT NULL,
  `becado` varchar(10) DEFAULT NULL,
  PRIMARY KEY (`departamento_id`),
  UNIQUE KEY `idx_dimdepartamento_pk` (`departamento_id`),
  KEY `idx_dimdepartamento_lookup` (`departamento`,`becado`)
) ENGINE=MyISAM AUTO_INCREMENT=28 DEFAULT CHARSET=latin1;
/*!40101 SET character_set_client = @saved_cs_client */;

--
-- Dumping data for table `dimdepartamento`
--

LOCK TABLES `dimdepartamento` WRITE;
/*!40000 ALTER TABLE `dimdepartamento` DISABLE KEYS */;
INSERT INTO `dimdepartamento` VALUES (1,'CHIQUIMULA','Normal'),(2,'HUEHUETENANGO','Becado'),(3,'HUEHUETENANGO','Normal'),(4,'SAN MARCOS','Normal'),(5,'SACATEPEQUEZ','Normal'),(6,'CHIMALTENANGO','Becado'),(7,'SACATEPEQUEZ','Becado'),(8,'GUATEMALA','Normal'),(9,'SAN MARCOS','Becado'),(10,'CHIMALTENANGO','Normal'),(11,'SOLOLA','Normal'),(12,'QUETZALTENANGO','Normal'),(13,'SANTA ROSA','Normal'),(14,'BAJA VERAPAZ','Becado'),(15,'ALTA VERAPAZ','Normal'),(16,'SANTA ROSA','Becado'),(17,'CHIQUIMULA','Becado'),(18,'BAJA VERAPAZ','Normal'),(19,'JUTIAPA','Normal'),(20,'JUTIAPA','Becado'),(21,'SOLOLA','Becado'),(22,'RETALHULEU','Normal'),(23,'RETALHULEU','Becado'),(24,'ALTA VERAPAZ','Becado'),(25,'GUATEMALA','Becado'),(26,'QUETZALTENANGO','Becado'),(27,'TOTONICAPAN','Becado');
/*!40000 ALTER TABLE `dimdepartamento` ENABLE KEYS */;
UNLOCK TABLES;

--
-- Table structure for table `dimdocente`
--

DROP TABLE IF EXISTS `dimdocente`;
/*!40101 SET @saved_cs_client     = @@character_set_client */;
/*!40101 SET character_set_client = utf8 */;
CREATE TABLE `dimdocente` (
  `docente_id` bigint(20) NOT NULL AUTO_INCREMENT,
  `nombres` varchar(45) DEFAULT NULL,
  PRIMARY KEY (`docente_id`),
  UNIQUE KEY `idx_dimdocente_pk` (`docente_id`),
  KEY `idx_dimdocente_lookup` (`nombres`)
) ENGINE=MyISAM AUTO_INCREMENT=7 DEFAULT CHARSET=latin1;
/*!40101 SET character_set_client = @saved_cs_client */;

--
-- Dumping data for table `dimdocente`
--

LOCK TABLES `dimdocente` WRITE;
/*!40000 ALTER TABLE `dimdocente` DISABLE KEYS */;
INSERT INTO `dimdocente` VALUES (1,'Juan Jose Gonzalez'),(2,'Marcos Victor Fuentes Pojoj'),(3,'Cristian Paolo De Leon Orozco'),(4,'Arely Magalí De León Escobar'),(5,'Briseida Aracely Bamaca Lopez'),(6,'Benedicto Francisco,  Navarro López');
/*!40000 ALTER TABLE `dimdocente` ENABLE KEYS */;
UNLOCK TABLES;

--
-- Table structure for table `dimgrado`
--

DROP TABLE IF EXISTS `dimgrado`;
/*!40101 SET @saved_cs_client     = @@character_set_client */;
/*!40101 SET character_set_client = utf8 */;
CREATE TABLE `dimgrado` (
  `grado_id` bigint(20) NOT NULL AUTO_INCREMENT,
  `grado` varchar(45) DEFAULT NULL,
  PRIMARY KEY (`grado_id`),
  UNIQUE KEY `idx_dimgrado_pk` (`grado_id`),
  KEY `idx_dimgrado_lookup` (`grado`)
) ENGINE=MyISAM AUTO_INCREMENT=7 DEFAULT CHARSET=latin1;
/*!40101 SET character_set_client = @saved_cs_client */;

--
-- Dumping data for table `dimgrado`
--

LOCK TABLES `dimgrado` WRITE;
/*!40000 ALTER TABLE `dimgrado` DISABLE KEYS */;
INSERT INTO `dimgrado` VALUES (1,'Primero'),(2,'Segundo'),(3,'Tercero'),(4,'Cuarto'),(5,'Quinto'),(6,'Sexto');
/*!40000 ALTER TABLE `dimgrado` ENABLE KEYS */;
UNLOCK TABLES;

--
-- Table structure for table `dimsexo`
--

DROP TABLE IF EXISTS `dimsexo`;
/*!40101 SET @saved_cs_client     = @@character_set_client */;
/*!40101 SET character_set_client = utf8 */;
CREATE TABLE `dimsexo` (
  `sexo_id` bigint(20) NOT NULL AUTO_INCREMENT,
  `sexo` varchar(5) DEFAULT NULL,
  PRIMARY KEY (`sexo_id`),
  UNIQUE KEY `idx_dimsexo_pk` (`sexo_id`),
  KEY `idx_dimsexo_lookup` (`sexo`)
) ENGINE=MyISAM AUTO_INCREMENT=3 DEFAULT CHARSET=latin1;
/*!40101 SET character_set_client = @saved_cs_client */;

--
-- Dumping data for table `dimsexo`
--

LOCK TABLES `dimsexo` WRITE;
/*!40000 ALTER TABLE `dimsexo` DISABLE KEYS */;
INSERT INTO `dimsexo` VALUES (1,'M'),(2,'F');
/*!40000 ALTER TABLE `dimsexo` ENABLE KEYS */;
UNLOCK TABLES;

--
-- Table structure for table `tablahechos22`
--

DROP TABLE IF EXISTS `tablahechos22`;
/*!40101 SET @saved_cs_client     = @@character_set_client */;
/*!40101 SET character_set_client = utf8 */;
CREATE TABLE `tablahechos22` (
  `departamento_id` bigint(20) DEFAULT NULL,
  `sexo_id` bigint(20) DEFAULT NULL,
  `grado_id` bigint(20) DEFAULT NULL,
  `docente_id` bigint(20) DEFAULT NULL,
  `dpi_id` bigint(20) DEFAULT NULL
) ENGINE=MyISAM DEFAULT CHARSET=latin1;
/*!40101 SET character_set_client = @saved_cs_client */;

--
-- Dumping data for table `tablahechos22`
--

LOCK TABLES `tablahechos22` WRITE;
/*!40000 ALTER TABLE `tablahechos22` DISABLE KEYS */;
INSERT INTO `tablahechos22` VALUES (2,1,1,1,1),(9,2,2,2,1),(9,2,3,3,1),(9,2,4,4,1),(17,1,6,6,1),(9,1,1,1,1),(9,1,2,2,1),(9,1,3,3,1),(9,1,1,1,1),(9,1,2,2,1),(9,2,6,6,1),(25,1,2,2,1),(25,1,3,3,1),(25,1,4,4,1),(6,1,1,1,1),(6,1,2,2,1),(6,1,3,3,1),(7,1,1,1,1),(7,1,2,2,1),(27,1,5,5,1),(9,2,3,3,1),(9,2,4,4,1),(9,2,5,5,1),(9,1,1,1,1),(9,1,2,2,1),(9,1,3,3,1),(9,1,4,4,1),(9,1,5,5,1),(9,1,6,6,1),(9,1,4,4,1),(9,1,5,5,1),(9,1,6,6,1),(2,1,4,4,1),(2,1,5,5,1),(2,1,6,6,1),(17,2,1,1,1),(17,2,2,2,1),(17,2,3,3,1),(25,2,4,4,1),(25,2,5,5,1),(25,2,6,6,1),(4,1,2,2,1),(4,1,3,3,1),(4,1,4,4,1),(9,1,1,1,1),(9,1,2,2,1),(18,2,1,1,1),(10,2,1,1,1),(10,2,2,2,1),(10,2,3,3,1),(10,1,1,1,1),(10,1,2,2,1),(17,2,4,4,1),(4,1,4,4,1),(4,1,5,5,1),(4,1,6,6,1),(3,1,3,3,1),(3,1,4,4,1),(3,1,5,5,1),(4,1,2,2,1),(4,1,3,3,1),(4,1,4,4,1),(13,1,1,1,1),(13,1,2,2,1),(1,1,3,3,1),(1,1,4,4,1),(1,1,5,5,1),(16,1,4,4,1),(16,1,5,5,1),(16,1,6,6,1),(8,1,1,1,1),(8,1,2,2,1),(8,1,3,3,1),(18,1,3,3,1),(18,1,4,4,1),(18,1,5,5,1),(13,1,1,1,1),(13,1,2,2,1),(11,1,1,1,1),(11,1,2,2,1),(11,1,3,3,1),(1,1,2,2,1),(1,1,3,3,1),(1,1,4,4,1),(15,1,3,3,1),(15,1,4,4,1),(15,1,5,5,1),(1,1,4,4,1),(1,1,5,5,1),(1,1,6,6,1),(15,1,1,1,1),(15,1,2,2,1),(15,1,3,3,1),(11,1,3,3,1),(11,1,4,4,1),(11,1,5,5,1),(8,1,2,2,1),(8,1,3,3,1),(8,1,4,4,1),(4,1,2,2,1),(4,1,3,3,1),(4,1,4,4,1),(1,1,1,1,1),(1,1,2,2,1),(12,1,2,2,1),(12,1,3,3,1),(12,1,4,4,1),(13,1,1,1,1),(13,1,2,2,1),(8,1,3,3,1),(8,1,4,4,1),(8,1,5,5,1),(9,1,2,2,1),(9,1,3,3,1),(9,1,4,4,1),(10,1,2,2,1),(10,1,3,3,1),(10,1,4,4,1),(10,1,1,1,1),(13,1,1,1,1),(13,1,2,2,1),(13,1,3,3,1),(4,1,1,1,1),(4,1,2,2,1),(4,1,3,3,1),(11,1,1,1,1),(11,1,2,2,1),(11,1,3,3,1),(8,1,1,1,1),(18,1,1,1,1),(18,1,2,2,1),(18,1,3,3,1),(15,1,4,4,1),(15,1,5,5,1),(15,1,6,6,1),(12,1,1,1,1),(4,1,2,2,1),(4,1,3,3,1),(4,1,4,4,1),(4,1,1,1,2),(4,1,2,2,1),(17,1,3,3,1),(17,1,4,4,1),(17,1,5,5,1),(10,1,1,1,1),(16,2,2,2,1),(16,2,3,3,1),(16,2,4,4,1),(1,2,3,3,1),(1,2,4,4,1),(1,2,5,5,1),(9,1,1,1,1),(9,1,2,2,1),(12,1,1,1,1),(12,1,2,2,1),(1,2,4,4,1),(1,2,5,5,1),(1,2,6,6,1),(1,1,2,2,1),(1,1,3,3,1),(1,1,4,4,1),(13,1,2,2,1),(1,1,1,1,1),(5,1,4,4,1),(5,1,5,5,1),(5,1,6,6,1),(4,2,2,2,1),(4,2,3,3,1),(4,2,4,4,1),(11,1,1,1,1),(4,1,2,2,1),(19,1,1,1,1),(19,1,2,2,1),(19,1,3,3,1),(9,1,2,2,1),(9,1,3,3,1),(9,1,4,4,1),(4,1,2,2,1),(4,1,3,3,1),(4,1,4,4,1),(13,1,2,2,1),(13,1,3,3,1),(13,1,4,4,1),(4,2,3,3,1),(4,2,4,4,1),(4,2,5,5,1),(10,1,4,4,1),(10,1,5,5,1),(10,1,6,6,1),(21,1,1,1,1),(21,1,2,2,1),(21,1,3,3,1),(8,2,3,3,1),(8,2,4,4,1),(8,2,5,5,1),(4,1,1,1,1),(4,1,2,2,1),(4,1,3,3,1),(1,1,1,1,1),(1,1,2,2,1),(1,1,3,3,1),(10,1,1,1,1),(10,1,2,2,1),(13,1,2,2,1),(13,1,3,3,1),(13,1,4,4,1),(18,1,3,3,1),(18,1,4,4,1),(18,1,5,5,1),(19,1,2,2,1),(19,1,3,3,1),(19,1,4,4,1),(15,1,2,2,1),(15,1,3,3,1),(15,1,4,4,1),(4,1,4,4,1),(4,1,5,5,1),(4,1,6,6,1),(4,2,4,4,1),(4,2,5,5,1),(4,2,6,6,1),(7,1,2,2,1),(7,1,3,3,1),(7,1,4,4,1),(1,1,4,4,1),(1,1,5,5,1),(1,1,6,6,1),(18,2,3,3,1),(18,2,4,4,1),(18,2,5,5,1),(19,2,1,1,1),(1,1,1,1,1),(1,1,2,2,1),(4,2,2,2,1),(4,2,3,3,1),(4,2,4,4,1),(17,1,4,4,1),(17,1,5,5,1),(17,1,6,6,1),(16,1,2,2,1),(16,1,3,3,1),(16,1,4,4,1),(1,2,1,1,1),(1,2,2,2,1),(12,1,1,1,1),(4,1,2,2,1),(4,1,3,3,1),(4,1,4,4,1),(4,1,1,1,1),(10,2,2,2,1),(10,2,3,3,1),(10,2,4,4,1),(11,1,1,1,1),(4,1,4,4,1),(4,1,5,5,1),(4,1,6,6,1),(19,1,3,3,1),(19,1,4,4,1),(19,1,5,5,1),(13,1,1,1,1),(13,1,2,2,1),(13,1,3,3,1),(8,1,4,4,1),(8,1,5,5,1),(8,1,6,6,1),(9,2,3,3,1),(9,2,4,4,1),(9,2,5,5,1),(1,1,3,3,1),(11,1,1,1,1),(15,1,4,4,1),(15,1,5,5,1),(15,1,6,6,1),(4,1,1,1,1),(4,1,2,2,1),(4,1,3,3,1),(4,1,2,2,1),(4,1,3,3,1),(4,1,4,4,1),(25,1,1,1,1),(1,1,1,1,1),(13,1,1,1,1),(13,1,2,2,1),(1,1,2,2,1),(1,1,3,3,1),(1,1,4,4,1),(4,2,3,3,1),(4,2,4,4,1),(4,2,5,5,1),(10,2,1,1,1),(10,2,2,2,1),(10,2,3,3,1),(1,1,2,2,1),(18,1,3,3,1),(18,1,4,4,1),(18,1,5,5,1),(19,1,1,1,1),(19,1,2,2,1),(4,1,4,4,1),(4,1,5,5,1),(4,1,6,6,1),(12,1,1,1,1),(12,1,2,2,1),(1,1,1,1,1),(10,1,2,2,1),(10,1,3,3,1),(10,1,4,4,1),(5,1,1,1,1),(7,1,1,1,1),(9,1,1,1,1),(9,1,2,2,1),(9,1,3,3,1),(4,1,3,3,1),(4,1,4,4,1),(4,1,5,5,1),(13,1,4,4,1),(13,1,5,5,1),(13,1,6,6,1),(24,1,3,3,1),(24,1,4,4,1),(24,1,5,5,1),(11,1,3,3,1),(11,1,4,4,1),(11,1,5,5,1),(11,1,3,3,1),(11,1,4,4,1),(11,1,5,5,1),(4,1,1,1,1),(4,1,2,2,1),(13,1,2,2,1),(13,1,3,3,1),(13,1,4,4,1),(13,2,1,1,1),(13,2,2,2,1),(1,2,2,2,1),(1,2,3,3,1),(1,2,4,4,1),(4,2,1,1,1),(1,1,2,2,1),(1,1,3,3,1),(1,1,4,4,1),(6,1,1,1,1),(6,1,2,2,1),(4,2,1,1,1),(4,2,2,2,1),(18,1,1,1,1),(8,1,1,1,1),(8,1,2,2,1),(8,1,3,3,1),(18,1,2,2,1),(18,1,3,3,1),(18,1,4,4,1),(19,1,4,4,1),(19,1,5,5,1),(19,1,6,6,1),(9,1,4,4,1),(9,1,5,5,1),(9,1,6,6,1),(4,1,2,2,1),(4,1,3,3,1),(4,1,4,4,1),(12,1,4,4,1),(12,1,5,5,1),(12,1,6,6,1),(3,1,3,3,1),(3,1,4,4,1),(3,1,5,5,1),(10,2,2,2,1),(10,2,3,3,1),(10,2,4,4,1),(4,1,4,4,1),(4,1,5,5,1),(4,1,6,6,1),(8,2,1,1,1),(8,2,2,2,1),(8,2,3,3,1),(1,1,1,1,1),(1,1,2,2,1),(12,1,4,4,1),(12,1,5,5,1),(12,1,6,6,1),(6,1,4,4,1),(6,1,5,5,1),(6,1,6,6,1),(4,1,4,4,1),(4,1,5,5,1),(4,1,6,6,1),(4,1,3,3,1),(4,1,4,4,1),(4,1,5,5,1),(3,1,4,4,1),(3,1,5,5,1),(3,1,6,6,1),(24,1,2,2,1),(24,1,3,3,1),(24,1,4,4,1),(4,1,1,1,1),(4,1,2,2,1),(13,1,4,4,1),(13,1,5,5,1),(13,1,6,6,1),(19,1,2,2,1),(19,1,3,3,1),(19,1,4,4,1),(5,2,2,2,1),(5,2,3,3,1),(5,2,4,4,1),(6,1,2,2,1),(6,1,3,3,1),(6,1,4,4,1),(21,1,1,1,1),(11,2,1,1,1),(8,2,1,1,1),(8,2,2,2,1),(1,1,1,1,1),(1,1,2,2,1),(4,2,4,4,1),(4,2,5,5,1),(4,2,6,6,1),(14,1,1,1,1),(14,1,2,2,1),(14,1,3,3,1),(18,2,1,1,1),(8,1,2,2,1),(8,1,3,3,1),(8,1,4,4,1),(18,2,1,1,1),(18,2,2,2,1),(4,2,3,3,1),(4,2,4,4,1),(4,2,5,5,1),(12,1,1,1,1),(12,1,2,2,1),(12,1,3,3,1),(9,1,1,1,1),(12,1,4,4,1),(12,1,5,5,1),(12,1,6,6,1),(4,1,1,1,1),(8,1,2,2,1),(8,1,3,3,1),(8,1,4,4,1),(4,2,3,3,1),(4,2,4,4,1),(4,2,5,5,1),(15,1,1,1,1),(15,1,4,4,1),(15,1,5,5,1),(15,1,6,6,1),(6,1,1,1,1),(6,1,2,2,1),(6,1,3,3,1),(1,2,3,3,1),(1,2,4,4,1),(1,2,5,5,1),(3,1,3,3,1),(3,1,4,4,1),(3,1,5,5,1),(17,2,4,4,1),(17,2,5,5,1),(17,2,6,6,1),(10,1,3,3,1),(19,1,2,2,1),(19,1,3,3,1),(19,1,4,4,1),(8,1,1,1,1),(8,1,2,2,1),(8,1,3,3,1),(13,1,3,3,1),(13,1,4,4,1),(13,1,5,5,1),(11,1,1,1,1),(11,1,2,2,1),(9,1,1,1,1),(9,1,2,2,1),(9,1,3,3,1),(8,1,2,2,1),(8,1,3,3,1),(8,1,4,4,1),(18,2,3,3,1),(18,2,4,4,1),(18,2,5,5,1),(11,1,1,1,1),(11,1,2,2,1),(9,1,1,1,1),(9,1,2,2,1),(18,1,1,1,1),(18,1,2,2,1),(18,1,3,3,1),(4,1,3,3,1),(4,1,4,4,1),(4,1,5,5,1),(7,1,3,3,1),(7,1,4,4,1),(7,1,5,5,1),(8,2,2,2,1),(8,2,3,3,1),(8,2,4,4,1),(8,1,3,3,1),(10,1,1,1,1),(10,1,2,2,1),(10,1,3,3,1),(9,1,1,1,1),(9,1,2,2,1),(5,1,1,1,1),(5,1,2,2,1),(24,2,4,4,1),(24,2,5,5,1),(24,2,6,6,1),(4,1,1,1,1),(4,1,2,2,1),(4,1,3,3,1),(18,1,3,3,1),(18,1,4,4,1),(18,1,5,5,1),(19,1,2,2,1),(19,1,3,3,1),(19,1,4,4,1),(12,1,2,2,1),(4,1,4,4,1),(4,1,5,5,1),(4,1,6,6,1),(8,1,4,4,1),(8,1,5,5,1),(8,1,6,6,1),(19,1,1,1,1),(4,1,1,1,1),(4,1,2,2,1),(4,1,3,3,1),(17,1,1,1,1),(17,1,2,2,1),(3,1,1,1,1),(3,1,2,2,1),(3,1,3,3,1),(11,1,1,1,1),(11,1,2,2,1),(16,2,1,1,1),(16,2,2,2,1),(5,1,1,1,1),(5,1,2,2,1),(5,1,3,3,1),(10,1,1,1,1),(10,1,2,2,1),(3,1,4,4,1),(3,1,5,5,1),(3,1,6,6,1),(17,1,1,1,1),(11,2,4,4,1),(11,2,5,5,1),(11,2,6,6,1),(16,1,2,2,1),(16,1,3,3,1),(16,1,4,4,1),(5,1,4,4,1),(5,1,5,5,1),(5,1,6,6,1),(8,2,1,1,1),(4,1,1,1,1),(3,1,1,1,1),(3,1,2,2,1),(3,1,3,3,1),(15,1,1,1,1),(8,1,1,1,1),(8,1,2,2,1),(8,1,3,3,1),(17,1,1,1,1),(17,1,2,2,1),(20,1,1,1,1),(9,1,1,1,1),(9,1,2,2,1),(9,1,3,3,2),(9,1,4,4,1),(9,1,5,5,1),(10,1,4,4,1),(10,1,5,5,1),(10,1,6,6,1),(8,1,4,4,1),(8,1,5,5,1),(8,1,6,6,1),(11,1,4,4,1),(11,1,5,5,1),(11,1,6,6,1),(12,1,4,4,1),(12,1,5,5,1),(12,1,6,6,1),(12,1,1,1,1),(10,1,1,1,1),(10,1,2,2,1),(10,1,3,3,1),(9,1,3,3,1),(9,1,4,4,1),(9,1,5,5,1),(18,1,1,1,1),(18,1,2,2,1),(18,1,3,3,1),(5,1,3,3,1),(5,1,4,4,1),(5,1,5,5,1),(2,1,2,2,1),(2,1,3,3,1),(2,1,4,4,1),(25,1,4,4,1),(25,1,5,5,1),(25,1,6,6,1),(17,2,1,1,1),(17,2,2,2,1),(17,2,3,3,1),(20,2,1,1,1),(20,2,2,2,1),(20,2,3,3,1),(9,1,1,1,1),(9,1,2,2,1),(9,1,3,3,1),(24,1,1,1,1),(24,1,2,2,1),(4,2,1,1,1),(4,2,2,2,1),(4,2,3,3,1),(2,1,1,1,1),(2,1,2,2,1),(2,1,3,3,1),(4,1,3,3,1),(4,1,4,4,1),(4,1,5,5,1),(7,1,3,3,1),(7,1,4,4,1),(7,1,5,5,1),(9,1,1,1,1),(9,1,2,2,1),(4,2,1,1,1),(4,2,2,2,1),(4,2,3,3,1),(13,1,3,3,1),(13,1,4,4,1),(13,1,5,5,1),(11,2,1,1,1),(11,2,2,2,1),(11,2,3,3,1),(15,2,1,1,1),(15,2,2,2,1),(15,2,3,3,1),(25,1,4,4,1),(25,1,5,5,1),(25,1,6,6,1),(4,1,4,4,1),(4,1,5,5,1),(4,1,6,6,1),(6,1,2,2,1),(6,1,3,3,1),(6,1,4,4,1),(1,2,1,1,1),(1,2,2,2,1),(1,2,3,3,1),(2,2,3,3,1),(2,2,4,4,1),(2,2,5,5,1),(7,1,6,6,1),(5,1,2,2,1),(15,1,1,1,1),(11,1,1,1,1),(11,1,2,2,1),(11,1,3,3,1),(3,1,3,3,1),(3,1,4,4,1),(3,1,5,5,1),(8,1,4,4,1),(8,1,5,5,1),(8,1,6,6,1),(19,1,4,4,1),(19,1,5,5,1),(19,1,6,6,1),(4,1,2,2,1),(4,1,3,3,1),(4,1,4,4,1),(4,1,1,1,1),(4,1,2,2,1),(4,1,3,3,1),(1,1,1,1,1),(1,1,2,2,1),(21,1,2,2,1),(21,1,3,3,1),(21,1,4,4,1),(13,1,1,1,1),(13,1,2,2,1),(15,1,1,1,1),(3,1,1,1,1),(3,1,2,2,1),(3,1,3,3,1),(5,1,1,1,1),(5,1,2,2,1),(5,1,3,3,1),(9,1,2,2,1),(9,1,3,3,1),(9,1,4,4,1),(18,1,1,1,1),(18,1,2,2,1),(4,1,2,2,1),(4,1,3,3,1),(4,1,4,4,1),(12,1,4,4,1),(12,1,5,5,1),(12,1,6,6,1),(10,2,4,4,1),(10,2,5,5,1),(10,2,6,6,1),(4,2,1,1,1),(4,2,2,2,1),(10,2,1,1,1),(10,2,2,2,1),(10,2,3,3,1),(7,1,1,1,1),(7,1,2,2,1),(7,1,3,3,1),(11,1,3,3,1),(11,1,4,4,1),(11,1,5,5,1),(8,1,1,1,1),(8,1,2,2,1),(4,1,3,3,1),(4,1,4,4,1),(4,1,5,5,1),(4,1,1,1,1),(4,1,2,2,1),(4,1,3,3,1),(1,1,4,4,1),(1,1,5,5,1),(1,1,6,6,1),(1,2,1,1,1),(1,2,2,2,1),(1,2,3,3,1),(5,1,1,1,1),(5,1,2,2,1),(5,1,3,3,1),(8,1,1,1,1),(3,1,1,1,1),(3,1,2,2,1),(3,1,3,3,1),(20,2,1,1,1),(11,1,1,1,1),(11,1,2,2,1),(11,1,3,3,1),(16,2,2,2,1),(16,2,3,3,1),(16,2,4,4,1),(4,1,3,3,1),(4,1,4,4,1),(4,1,5,5,1),(5,1,3,3,1),(5,1,4,4,1),(5,1,5,5,1),(4,2,3,3,1),(4,2,4,4,1),(4,2,5,5,1),(4,1,3,3,1),(4,1,4,4,1),(4,1,5,5,1),(4,1,2,2,1),(4,1,3,3,1),(4,1,4,4,1),(3,1,5,5,1),(3,1,1,1,1),(3,1,2,2,1),(5,1,1,1,1),(5,1,2,2,1),(17,2,4,4,1),(17,2,5,5,1),(17,2,6,6,1),(10,1,3,3,1),(10,1,4,4,1),(10,1,5,5,1),(24,2,3,3,1),(24,2,4,4,1),(24,2,5,5,1),(15,1,1,1,1),(10,1,1,1,1),(4,2,4,4,1),(4,2,5,5,1),(4,2,6,6,1),(4,1,4,4,1),(4,1,5,5,1),(4,1,6,6,1),(11,1,2,2,1),(11,1,3,3,1),(11,1,4,4,1),(4,1,4,4,1),(4,1,5,5,1),(4,1,6,6,1),(4,2,3,3,1),(4,2,4,4,1),(4,2,5,5,1),(4,1,1,1,1),(4,1,2,2,1),(9,1,4,4,1),(9,1,5,5,1),(9,1,6,6,1),(4,2,1,1,1),(4,2,2,2,1),(4,2,3,3,1),(19,1,1,1,1),(19,1,2,2,1),(13,1,1,1,1),(5,1,1,1,1),(5,1,2,2,1),(11,1,1,1,2),(11,1,2,2,1),(1,2,3,3,1),(1,2,4,4,1),(1,2,5,5,1),(4,1,1,1,1),(4,1,2,2,1),(11,1,4,4,1),(11,1,5,5,1),(11,1,6,6,1),(4,1,5,5,1),(18,1,1,1,1),(18,1,2,2,1),(18,1,3,3,1),(24,1,1,1,1),(6,1,1,1,1),(6,1,2,2,1),(6,1,3,3,1),(4,1,1,1,1),(4,1,4,4,1),(4,1,5,5,1),(4,1,6,6,1),(4,1,3,3,1),(4,1,4,4,1),(4,1,5,5,1),(11,2,1,1,1),(11,2,2,2,1),(15,2,3,3,1),(15,2,4,4,1),(15,2,5,5,1),(4,1,1,1,1),(4,1,2,2,1),(4,1,3,3,1),(7,1,2,2,1),(7,1,3,3,1),(7,1,4,4,1),(16,1,1,1,1),(16,1,2,2,1),(16,1,3,3,1),(9,2,1,1,1),(4,1,1,1,1),(4,1,2,2,1),(1,2,4,4,1),(23,1,3,3,1),(23,1,4,4,1),(23,1,5,5,1),(22,1,2,2,1),(22,1,3,3,1),(22,1,4,4,1),(23,1,1,1,1),(4,1,1,1,1),(15,1,1,1,1),(22,2,1,1,1),(23,1,1,1,1),(23,1,2,2,1),(22,2,3,3,1),(22,2,4,4,1),(22,2,5,5,1),(22,2,3,3,1),(22,2,4,4,1),(22,2,5,5,1),(22,2,1,1,1),(22,2,2,2,1),(22,1,2,2,1),(22,1,3,3,1),(22,1,4,4,1),(23,1,3,3,1),(23,1,4,4,1),(23,1,5,5,1),(15,1,1,1,1),(10,1,1,1,1),(22,1,1,1,1),(23,1,1,1,1),(23,1,2,2,1),(22,1,1,1,1),(22,1,2,2,1),(22,2,1,1,1),(22,1,1,1,1),(23,1,2,2,1),(23,1,3,3,1),(23,1,4,4,1),(22,2,1,1,1),(22,2,2,2,1),(23,1,1,1,1),(23,1,2,2,1),(23,1,1,1,1),(22,1,1,1,1),(22,1,2,2,1),(22,2,3,3,1),(22,2,4,4,1),(22,2,5,5,1),(12,1,3,3,1),(12,1,4,4,1),(12,1,5,5,1),(12,1,4,4,1),(12,1,5,5,1),(12,1,6,6,1),(12,1,1,1,1),(9,1,1,1,1),(12,1,1,1,1),(12,1,3,3,1),(12,1,4,4,1),(12,1,5,5,1),(12,1,2,2,1),(12,1,3,3,1),(12,1,4,4,1),(12,1,2,2,1),(12,1,3,3,1),(12,1,4,4,1),(26,1,3,3,1),(26,1,4,4,1),(26,1,5,5,1),(12,1,2,2,1),(12,1,3,3,1),(12,1,4,4,1),(26,1,3,3,1),(26,1,4,4,1),(26,1,5,5,1),(12,1,4,4,1),(12,1,3,3,1),(12,1,4,4,1),(12,1,5,5,1),(3,1,1,1,1),(3,1,2,2,1),(2,2,1,1,1),(2,2,2,2,1),(3,1,2,2,1),(3,1,3,3,1),(3,1,4,4,1);
/*!40000 ALTER TABLE `tablahechos22` ENABLE KEYS */;
UNLOCK TABLES;
/*!40103 SET TIME_ZONE=@OLD_TIME_ZONE */;

/*!40101 SET SQL_MODE=@OLD_SQL_MODE */;
/*!40014 SET FOREIGN_KEY_CHECKS=@OLD_FOREIGN_KEY_CHECKS */;
/*!40014 SET UNIQUE_CHECKS=@OLD_UNIQUE_CHECKS */;
/*!40101 SET CHARACTER_SET_CLIENT=@OLD_CHARACTER_SET_CLIENT */;
/*!40101 SET CHARACTER_SET_RESULTS=@OLD_CHARACTER_SET_RESULTS */;
/*!40101 SET COLLATION_CONNECTION=@OLD_COLLATION_CONNECTION */;
/*!40111 SET SQL_NOTES=@OLD_SQL_NOTES */;

-- Dump completed on 2016-11-11 12:48:03
