-- MySQL dump 10.13  Distrib 5.7.9, for Win64 (x86_64)
--
-- Host: localhost    Database: mydb
-- ------------------------------------------------------
-- Server version	5.6.28-log

/*!40101 SET @OLD_CHARACTER_SET_CLIENT=@@CHARACTER_SET_CLIENT */;
/*!40101 SET @OLD_CHARACTER_SET_RESULTS=@@CHARACTER_SET_RESULTS */;
/*!40101 SET @OLD_COLLATION_CONNECTION=@@COLLATION_CONNECTION */;
/*!40101 SET NAMES utf8 */;
/*!40103 SET @OLD_TIME_ZONE=@@TIME_ZONE */;
/*!40103 SET TIME_ZONE='+00:00' */;
/*!40014 SET @OLD_UNIQUE_CHECKS=@@UNIQUE_CHECKS, UNIQUE_CHECKS=0 */;
/*!40014 SET @OLD_FOREIGN_KEY_CHECKS=@@FOREIGN_KEY_CHECKS, FOREIGN_KEY_CHECKS=0 */;
/*!40101 SET @OLD_SQL_MODE=@@SQL_MODE, SQL_MODE='NO_AUTO_VALUE_ON_ZERO' */;
/*!40111 SET @OLD_SQL_NOTES=@@SQL_NOTES, SQL_NOTES=0 */;

--
-- Table structure for table `tbl_dep`
--

DROP TABLE IF EXISTS `tbl_dep`;
/*!40101 SET @saved_cs_client     = @@character_set_client */;
/*!40101 SET character_set_client = utf8 */;
CREATE TABLE `tbl_dep` (
  `id_dep` int(11) NOT NULL,
  `departamento` varchar(45) DEFAULT NULL,
  PRIMARY KEY (`id_dep`)
) ENGINE=InnoDB DEFAULT CHARSET=utf8;
/*!40101 SET character_set_client = @saved_cs_client */;

--
-- Dumping data for table `tbl_dep`
--

LOCK TABLES `tbl_dep` WRITE;
/*!40000 ALTER TABLE `tbl_dep` DISABLE KEYS */;
INSERT INTO `tbl_dep` VALUES (1,'GUATEMALA'),(2,'EL PROGRESO'),(3,'SACATEPEQUEZ'),(4,'CHIMALTENANGO'),(5,'ESCUINTLA'),(6,'SANTA ROSA'),(7,'SOLOLA'),(8,'TOTONICAPAN'),(9,'QUETZALTENANGO'),(10,'SUCHITEPEQUEZ'),(11,'RETALHULEU'),(12,'SAN MARCOS'),(13,'HUEHUETENANGO'),(14,'EL QUICHE'),(15,'BAJA VERAPAZ'),(16,'ALTA VERAPAZ'),(17,'EL PETEN'),(18,'IZABAL'),(19,'ZACAPA'),(20,'CHIQUIMULA'),(21,'JALAPA'),(22,'JUTIAPA');
/*!40000 ALTER TABLE `tbl_dep` ENABLE KEYS */;
UNLOCK TABLES;

--
-- Table structure for table `tbl_docente`
--

DROP TABLE IF EXISTS `tbl_docente`;
/*!40101 SET @saved_cs_client     = @@character_set_client */;
/*!40101 SET character_set_client = utf8 */;
CREATE TABLE `tbl_docente` (
  `dpidocente_id` char(13) NOT NULL,
  `nombres` varchar(45) DEFAULT NULL,
  `sexo` varchar(5) DEFAULT NULL,
  `telefono` int(11) DEFAULT NULL,
  `direccion` varchar(45) DEFAULT NULL,
  `departamento` varchar(45) DEFAULT NULL,
  `especialidad` varchar(45) DEFAULT NULL,
  `sueldo` varchar(45) DEFAULT NULL,
  `fecha` datetime DEFAULT NULL,
  PRIMARY KEY (`dpidocente_id`)
) ENGINE=InnoDB DEFAULT CHARSET=utf8;
/*!40101 SET character_set_client = @saved_cs_client */;

--
-- Dumping data for table `tbl_docente`
--

LOCK TABLES `tbl_docente` WRITE;
/*!40000 ALTER TABLE `tbl_docente` DISABLE KEYS */;
INSERT INTO `tbl_docente` VALUES ('1602608091227','Mario Emiliano Sandoval Lopez','M',23239232,'Aldea Fraternidad, Esquipulas Palo Gordo','San Marcos',NULL,'4500.00',NULL),('1660968731202','Welfin Rodrigo Fuentes Bautista','M',23239232,'Aldea San Jose Caben, San Pedro Sac.','San Marcos',NULL,'4500.00',NULL),('1687753601203','Cardona Almaraz, Eberto Alexes1687 75360 1203','M',23239232,'San Pablo,','San Marcos',NULL,'4500.00',NULL),('1701502081216','Sandro Omar, Valenzuela','M',23239232,'1ra. Av. 8-34 zona 1 Catarina','San Marcos',NULL,'4500.00',NULL),('1720000842214','Juan Alberto, Alvarez Lopez ','M',53644191,'Santa Cruz Moyuta Jutiapa','Moyuta Jutiapa',NULL,'4500.00',NULL),('1746291251202','Juan Jose Gonzalez','M',23239232,'1era. Calle B 6-47 zona 2, San Pedro Sac.','San Marcos',NULL,'4500.00',NULL),('1746715471201','Liliana Leticia, Muñoz Sanchez','F',23239232,'5ta. Calle 10-64 zona 4, ,','San Marcos',NULL,'4500.00',NULL),('1764403051203','Juan Carlos Cardona Cardona','M',53426156,'Caserio Vista Hermosa, San Antonio Sac.','San Marcos',NULL,'4500.00',NULL),('1764427581203','Maria del Carmen, Gutierrez Cifuentes','F',23239232,'7ma calle 15-301 Zona 4,','San Marcos',NULL,'4500.00',NULL),('1782172121226','Cesar Augusto Ambrocio y Ambrocio','M',30121737,'Aldea Escupijá, Sipacapa','San Marcos',NULL,'4500.00',NULL),('1800459461201','Yurguen Estuardo Lopez Lopez','M',23239232,'4a. Avenida 7-03 zona 2,','San Marcos',NULL,'4500.00',NULL),('1803943471215','Nehemias Joel, Orozco Barrios','M',23239232,'Aldea La Muralla, Catarina,','San Marcos',NULL,'4500.00',NULL),('1805852741901','Elmer RandolfoDe Paz Lopez','M',45371738,'1a avenida El Estor','Izabal',NULL,'4500.00',NULL),('1812226711202','Marcos Victor Fuentes Pojoj','M',23239232,'Aldea San Andrés Chapil, San Pedro Sac.','San Marcos',NULL,'4500.00',NULL),('1834956080203','Lubia Yaceña Toledo Carranza','F',23239232,'Caserio Agua Tibia, San Pedro Sacatepequez,','San Marcos',NULL,'4500.00',NULL),('1853651751202','Luis Felipe Isaac Gomez Godinez','M',23239232,'Aldea San Isidro Chamac, SanPedro Sac.','San Marcos',NULL,'4500.00',NULL),('1870477311202','Elman Uliser Lopez Miranda','M',53233176,'5ta. Calle \"A\" Zona 1 San Pedro Sac.','San Marcos.',NULL,'4500.00',NULL),('1937025761201','Cristian Paolo De Leon Orozco','M',57101661,'1a. Calle A 3-65 zona 3, San Pedro Sac','San Marcos',NULL,'4500.00',NULL),('1965670841203','Maria Eugenia Cardona Estrada','F',77773785,'2da. Calle 2-47 zona 1, San Antonio sac','San Marcos',NULL,'4500.00',NULL),('1969035561203','Elder Matias, Garcia Lopez','M',23239232,'San Antonio Sac.,','San Marcos',NULL,'4500.00',NULL),('1984440871226','Julio Amilcar, Tema López','M',45852873,'Ald. Tres Cruces, Sipacapa','San Marcos',NULL,'4500.00',NULL),('1987228931210','Arely Magalí De León Escobar','F',23239232,'5ta. Calle 14-176 Zona 4,  Cton, S. Fraco.','San Marcos',NULL,'4500.00',NULL),('1989591171202','Erwin Jonatan Navarro Fuentes','M',23239232,'Aldea San Jose Caben, San Pedro Sac','San Marcos',NULL,'4500.00',NULL),('2062797321218','Mario Arturo, Luarca Alvarado','M',23239232,'Caserio Los Faros, Ocos','San Marcos',NULL,'4500.00',NULL),('2116762411201','Andrea Beatriz Arreaga Sandova','F ',57778163,'5a. Calle 15-231 Zona 5, San Marcos ','San Marcos  ',NULL,'4500.00',NULL),('2122720201203','Darwin Matias Carreto Garcia','M',23239232,'Aldea San Isidro Ixcolochil, San Antonio Sac.','San Marcos',NULL,'4500.00',NULL),('2127255641203','Jeovany Franquil  Alvarado Ramirez','M',48855907,'ALDEA SAN RAFAEL SAC.SAN ANTONIO SAC.','San Marcos',NULL,'4500.00',NULL),('2151290161202','Fuentes Godinez, Wilman Rodelbi 2151290161202','M',23239232,'Caseri Llano Grande San Pedro Sac','San Marcos',NULL,'4500.00',NULL),('2164944511226','Briseida Aracely Bamaca Lopez','F',23239232,'Aldea Poj, Sipacapa,','San Marcos',NULL,'4500.00',NULL),('2171330611202','Donnis Aroldo Bilsai, Fuentes Garcia','M',23239232,'Aldea San Jose Caben, San Pedro Sac.','San Marcos',NULL,'4500.00',NULL),('2197750951202','Delgy Patricia Fuentes Fuentes','F',23239232,'Aldea San Andres Chapil, San Pedro Sac.','San Marcos',NULL,'4500.00',NULL),('2272288201202','Rony Urias, Ramirez Juarez','M',23239232,'Aldea San Jose Caben Zona 4 San Pedro Sac.','San Marcos',NULL,'4500.00',NULL),('2301802991202','Enrique Santiago, Tul Ardiano','M',23239232,'Aldea San Andres Chapil, San Pedro Sac','San Marcos',NULL,'4500.00',NULL),('2301934201202','Juventino Fulgencio, Gonzalez Fuentes','M',23239232,'Caserio Llano Grande San Pedro Sac.','San Marcos',NULL,'4500.00',NULL),('2327734911202','Elsa Eugenia  Garcia Miranda','F',23239232,'Aldea San Andres Chapil, San Pedro Sac.','San Marcos',NULL,'4500.00',NULL),('2356049332101','Mauricio Enrique, Ortiz Contreras','M',40280657,'Residenciales Valle del Sol, Zona 7','Jalapa',NULL,'4500.00',NULL),('2357731661218','Emilsen Isabel, Luarca Alvarado','F',23239232,'Caserio Los Faros, Ocos','San Marcos',NULL,'4500.00',NULL),('2362673451202','Douglas Urias, Gonzalez Castañon','M',23239232,'San Jose Caben, San Pedro Sac. S.M.','San Marcos',NULL,'4500.00',NULL),('2394833751203','Mazriegos Xun Dulce Rocio','F',45781143,'Aldea Santa Irene','San Marcos',NULL,'4500.00',NULL),('2431146721202','Benedicto Francisco,  Navarro López','M',23239232,'Aldea San Jose Caben, San Pedro Sac.,','San Marcos',NULL,'4500.00',NULL),('2442191171202','Ejil Vinicio Fuentes Godinez','M',23239232,'Aldea San Jose Caben, San Pedro Sac.','San Marcos',NULL,'4500.00',NULL),('2449994301219','Jose Adolfo, Estrada Licardie','M',55530536,'San Pablo, San Marcos','San Marcos',NULL,'4500.00',NULL),('2549005181202','Walfred Isai Fuentes Miranda','M',23239232,'Aldea San Jose Caben, San Pedro Sacatepequez.','San Marcos',NULL,'4500.00',NULL),('2625729661201','Yesica Walesca Castro','F',23239232,'6ta. Av. 6-55 Zona 2 San  Marcos','San Marcos',NULL,'4500.00',NULL),('2663375701201','Carlos Fernando Minchez Fuentes','M',53259759,'Aldea la Grandeza, San Pedro Sac','San Marcos',NULL,'4500.00',NULL);
/*!40000 ALTER TABLE `tbl_docente` ENABLE KEYS */;
UNLOCK TABLES;

--
-- Table structure for table `tbl_estudiante`
--

DROP TABLE IF EXISTS `tbl_estudiante`;
/*!40101 SET @saved_cs_client     = @@character_set_client */;
/*!40101 SET character_set_client = utf8 */;
CREATE TABLE `tbl_estudiante` (
  `dpi_id` char(13) NOT NULL,
  `nomyape` varchar(45) NOT NULL,
  `sexo` varchar(5) NOT NULL,
  `telefono` int(11) DEFAULT NULL,
  `direccion` varchar(45) DEFAULT NULL,
  `carnet` varchar(45) DEFAULT NULL,
  `becado` tinyint(1) DEFAULT NULL,
  `fecha` datetime DEFAULT NULL,
  `fk_dep` int(11) NOT NULL,
  PRIMARY KEY (`dpi_id`),
  KEY `fk_tbl_datos_tbl_dep1_idx` (`fk_dep`),
  CONSTRAINT `fk_tbl_datos_tbl_dep1` FOREIGN KEY (`fk_dep`) REFERENCES `tbl_dep` (`id_dep`) ON DELETE NO ACTION ON UPDATE NO ACTION
) ENGINE=InnoDB DEFAULT CHARSET=utf8;
/*!40101 SET character_set_client = @saved_cs_client */;

--
-- Dumping data for table `tbl_estudiante`
--

LOCK TABLES `tbl_estudiante` WRITE;
/*!40000 ALTER TABLE `tbl_estudiante` DISABLE KEYS */;
INSERT INTO `tbl_estudiante` VALUES ('1576280861306','Lazaro Domingo Julio Ambrocio','M',50486347,'Caserio Tepan San Pedro Nectá','2016-01-101',0,NULL,13),('1578899041201','Evelyn Liliana Godinez Velasquez','F',31558622,'Aldea Las Lagunas','2016-04-123',0,NULL,12),('1582027751202','Lusvin Estuardo Fuentes Orozco','M',31653711,' San Pedro Sacatepequez','2016-06-108',0,NULL,20),('1585408241211','Christian Estuardo Fuentes Navarro','M',31840287,'Aldea SanJose Caben San Pedro Sac','2016-03-114',1,NULL,12),('1585607520101','Braulio Israel Felix Ramirez','M',31953029,'Aldea Talquicho San Lorenzo','2016-02-160',0,NULL,12),('1587923941214','Fabiola Enelina Castañon Merida','F',32016607,' Esquipulas Palo Gordo','2016-06-146',0,NULL,12),('1588737071204','Hilder Osbely Barrios Alvarez','M',32187383,'Aldea las Manzanas Rio Blanco','2016-04-119',0,NULL,1),('1599104041101','Aguilon Pablo Oscar Enriqu','M',32372020,'Aldea Santa Rosa San Lorenzo','2016-03-108',0,NULL,4),('1599675891202','Pablo Aladino Ardiano Ramirez','M',32244950,'Aldea San Andres Chapil San Pedro Sac.','2016-02-110',0,NULL,3),('1606133530602','Alfredo Isaias Garcia Castro','M',32403115,'Zona 2 Momostenango Totonicapan','2016-05-227',0,NULL,8),('1622306721210','Obdulia Etelvina Miranda Orozco','F',32533771,'zona 4 San pedro Sacatepquez S.M','2016-05-232',0,NULL,12),('1623967911201','Ismael Eliu  Miranda Fuentes','M',32546729,'Aldea San Jose Caben San Pedro Sac','2016-03-145',0,NULL,12),('1630405751201','Bersai Bartolome Gomez Gutierrez','M',32568862,'Caserio 20 de abril Malacatan','2016-06-151',0,NULL,12),('1633547971503','Enai Duvan Garcia','M',32586620,'Canton san Ramon San Antonio Sac','2016-06-162',1,NULL,12),('1639723381202','Esdras Josue Fuentes Perez','M',32614090,'Caserio Oratorio San Pedro Sac','2016-06-110',0,NULL,13),('1641450441229','Dicla Marna De León Váldez','F',32622910,'Aldea San Jose Caben San Pedro Sac.','2016-03-138',0,NULL,20),('1641454271202','Benjamin Cruz de la Cruz','F',32678490,'Caserio la Joyita San Pablo','2016-06-132',1,NULL,1),('1642840280805','Elvin Wilfredo Carrillo Orozco','M',32802050,'Aldea Mavil San Pedro Sacatepequez .','2016-04-110',0,NULL,12),('1644167171202','Gelber Humberto Calmo Velasquez','M',33052544,' La Reforma ','2016-02-106',0,NULL,12),('1644311611202','Vilma Elizabeth Ambrocio Carrillo','F',33069860,'Sector el Jardin Sipacapa .','2016-01-124',0,NULL,15),('1646016031203','Sandoval Coyoy Petronila Guillermina','F',33080810,'Aldea San Juan Melendrez Catarina','2016-03-124',0,NULL,4),('1652913701202','Rony Saul Reyna Tovar','M',33518633,'Canton El Centro Aldea La Federacion','2016-02-121',0,NULL,4),('1654646581216','Astrid Verenice Ramirez Nolasco','F',33540462,'Aldea Nuevo San Antonio Malacatan','2016-04-106',0,NULL,20),('1659725561202','Oscar Humberto  Macario Jimenez','M',36657493,'Caserío Llano Grande Concepción tutuapa.','2016-06-124',0,NULL,12),('1660058781213','Octavio Cruz González Sandoval,','M',40035640,'San Rafael Pie de la Cuesta','2016-05-168',0,NULL,13),('1660481511215','Martinez Bertilio Donai','M',30387835,'Aldea el Porvenir Talquicho San Lorenzo','2016-04-159',0,NULL,12),('1660962961202','Laureano Guzman Temaj','M',5367536,'Aldea Tuisacaja Comitancillo','2016-02-154',1,NULL,6),('1660968651202','Juan Carlos  Gonzalez Rodriguez','M',40108332,'Ald. San Isidro Chamac San Pedro Sac','2016-05-189',0,NULL,20),('1667022931220','Herman Darinel Gonzalez Barrios','M',40121205,'CASERIO GUADALUPE CATARINA','2016-06-142',0,NULL,6),('1667101641207','Udilzar Yerandi Fuentes Miranda','M',40216655,'Aldea San Jose Caben San Pedro Sac.','2016-03-137',0,NULL,1),('1669733431201','Hector Lionel Escobar Ovando','M',40238708,'3ra. Calle 1-26 zona 1 Tecun Uman','2016-05-214',0,NULL,15),('1671465481207','Emanuel Zaqueo Cruz Domingo','M',40263714,'Calle Los Tres Reyes El Tumbador','2016-02-137',0,NULL,6),('1672072531109','Fausto Renato Castañon Lopez','M',40278737,'Aldea San Jose Petacalapa Malacatan','2016-03-127',0,NULL,7),('1672363931204','Cristobal Danilo Barrios Domingo','M',40317740,'ALDEA COLIMA 2 SAN PABLO','2016-04-163',0,NULL,20),('1679225641202','Obdulio Rosendo Merida Sandoval','M',40325040,'2 calle 7-72 zona 4 Coatepeque','2016-05-230',0,NULL,16),('1679229551202','Cristian Brenner Orozco Miranda','M',40391513,'Caserio Oratorio San Pedro Sac','2016-06-109',0,NULL,20),('1681280121202','Heber Francisco Juarez Miranda','M',40428402,'Aldea San Jose Caben San Pedro Sac','2016-03-130',0,NULL,16),('1682264481215','Denis Rodolfo Estrada Bautista','M',40445018,' San Antonio Sacateopequez','2016-05-179',0,NULL,7),('1683894951202','Lirio Heriberto Cinto Hernandez','M',40482277,'San Miguel Ixtaguacan','2016-04-148',0,NULL,1),('1685098731203','wilmer Nehemias Chilel Moreno','M',40613188,'Aldea Nueva Colonia Malacatan','2016-04-107',0,NULL,12),('1685102001203','Jose Luis  Baltazar Perez','M',40724374,'Aldea Tuichilupe Comitancillo','2016-02-156',0,NULL,20),('1685108981202','Mario Alexander Arreaga Perez','M',40737332,'Aldea Las Majadas San Cristobal Cucho','2016-04-121',0,NULL,9),('1685117381201','Wuilson Onelio Alvarez Lopez','M',40772329,'Canton Colima  Belen Malacatan .','2016-02-125',0,NULL,6),('1685710481202','Mariano Chivalan Mateo','M',40825641,'Santa Izabel II Zona 3 Villa Nueva.','2016-05-229',0,NULL,1),('1690554341108','Fray Cristobal Garcia Salazar','M',40862806,'Aldea Las Azucenas Jalapa','2016-04-129',0,NULL,12),('1692647341216','Franlin Romeo Rafael  Gomez','M',40894188,'Aldea La independencia Chilil Sipacapa','2016-04-137',0,NULL,4),('1695746011204','Jose Fernando Ortega Bamba','M',40989322,' El Asintal,11','2016-01-149',0,NULL,4),('1696125111216','Alejandro Manfredo Navarro Orozco','M',41032576,'Aldea San Ignacio Nuevo Progreso','2016-03-156',0,NULL,6),('1698103131201','Miranda Orozco Baldomero Roberto','M',41079988,'Aldea San Jose Caben San Pedro Sac.','2016-03-136',1,NULL,12),('1699113651202','Miranda Miranda Rolando Antonio','M',41539700,'Aldea San Jose Caben San Pedro Sac.','2016-03-135',0,NULL,7),('1702768561202','Miranda Lòpez Ovidio','M',41589916,'Comitancillo','2016-01-147',0,NULL,1),('1704116641202','Neldo Vidal Matias Perez','M',41752589,'Aldea San Jeronimo El Tumbador','2016-03-147',0,NULL,15),('1704310371216','Fausto Estuardo Guzman Miranda','M',42286464,'Cantón San Pablo Comitancillo','2016-06-164',0,NULL,16),('1710423281204','Juan Francisco Jose','M',42349679,'comunidad Guadalupe Victoria El Palmar','2016-01-145',0,NULL,9),('1717380711203','Leonardo Gustavo Fuentes Orozco','M',42504167,'Aldea La Grandeza San Pedro Sacatepequez','2016-04-141',0,NULL,12),('1719135311203','Cristian Audulio Fuentes Miranda','M',42724158,'San Andres Chapil San Pedro Sac','2016-01-131',0,NULL,12),('1725262721204','Edmond Hillary Fuentes Fuentes','M',42760905,'zona 1 Catarina','2016-02-139',0,NULL,12),('1726778741224','Jimmy Adimir Estrada Flores','M',43460638,' zona 1 San Antonio Sacatepequez.','2016-05-222',0,NULL,20),('1727610181202','Gabriel Eduardo Domingo Perez','M',43558425,' San Jose El Rodeo','2016-01-146',0,NULL,4),('1729836651218','Eriselda Lineth Dominguez Pérez','F',43627260,'Aldea La Muralla Catarina','2016-04-131',0,NULL,6),('1729860001202','Irian Liseth De Leòn Orozco','F',43631894,'Aldea Agua Caliente','2016-05-185',0,NULL,20),('1729887641202','Alejandro Manuel Cifuentes Gabriel','M',44240689,'Ald. Sann Jose Caben San Pedro Sac.','2016-02-149',0,NULL,12),('1729893101202','Ismer Magiver Castañon Vasquez','M',44827041,'Aldea San Andres Chapil San Pedro Sac','2016-02-101',0,NULL,9),('1732713671229','Veronica Elvira Barrios Lopez','F',45006012,'Caserio El Plan Ixchiguan .','2016-06-144',0,NULL,20),('1732714481229','Carlos Antonio Bravo lopez','M',45021307,'Aldea El Amparo Tumbador','2016-04-160',0,NULL,20),('1733701791204','Kevin Leonel Gonzalez Lopez','M',45054475,' Aldea San Andres Chapil San Pedro Sac.','2016-02-120',0,NULL,6),('1733964021211','Keyner Vinicio Gonzalez Godinez','M',45117099,'ald San Jose Caben San Pedro Sac','2016-01-109',0,NULL,20),('1734194881217','Rafael Rene Giron Gramajo','M',45156278,'Caserio el Naranjal San Pablo','2016-06-148',1,NULL,3),('1735110581201','Erica Noemi Garcia Ramirez','F',45227501,'Aldea Julischin Ixchiguan','2016-04-146',0,NULL,12),('1738601921229','Byron Otoniel Garcia Miranda','M',24774464,'San Antonio Sac.','2016-01-130',0,NULL,7),('1738716311207','Juanito Rinaldi Fuentes Perez','M',45244143,'Canton Filipinas Catarina','2016-02-115',0,NULL,12),('1738782371204','Cristhian Juventino Fuentes Castañon','M',45259554,'Aldea San Andres Chapiul San Pedro Sac','2016-03-158',0,NULL,22),('1739674421202','Jose Felipe de Jesus Feliciano Orozco','M',45380956,'Aldea Chicajalaj Comitancillo','2016-04-167',0,NULL,12),('1739675151202','Maynor Israel Castañon Quic','M',45386419,'Aldea Chual Sipacapa','2016-04-164',0,NULL,12),('1739683331202','Francly Adonias Bravo','M',45395977,'Aldea Chim San Pedro Sac','2016-04-166',0,NULL,6),('1741074471301','Luceli Gabriela Bautista Esteban','F',45503071,'San Pedro Sac','2016-05-196',0,NULL,12),('1741805271202','Rony Andres Barrera Fuentes','M',45504819,'Caserio la Independencia Catarina','2016-06-133',0,NULL,4),('1742033221217','Nelson Amadeo Ardiano Miranda','M',45560827,'Aldea San Andres chapil San Pedro Sac','2016-03-162',0,NULL,7),('1742074471301','Cindy Patricia Bautista Perez','F',45428474,'Pedra Grande San Pedro Sac','2016-05-223',0,NULL,1),('1746709661204','Walter Rolando Ambrocio Villegas','M',45743041,'Aldea San Isidro Saipacapa','2016-03-150',0,NULL,12),('1746713931203','Edwin Eliseo Ambrocio Rafael','M',45803183,'Aldea Setivaj Sipacapa .','2016-03-101',0,NULL,20),('1753564751002','Eliseo Isaias Ambrocio Lopez','M',45870007,'aledea Poj Sipacapa','2016-02-150',0,NULL,4),('1755668281215','Julio Aroldo Aguilar Orozco','M',45875439,'Aldea Las Lagunas','2016-04-122',0,NULL,6),('1757984001204','Oscar Humberto Osorio Cahuec','M',45902900,'4ta. Calle 3-71 Zona 2 Rabinal Baja Verapaz','2016-05-208',0,NULL,15),('1761787671201','Diovan Elisman Barrios Aguilar','M',45961991,'Aldea El Sitio Catarina','2016-04-152',0,NULL,22),('1764361541203','Gonzalo Roman Vasquez Lopez','M',46048977,'Aldea El Tecomate Catarina','2016-04-150',0,NULL,16),('1764363241203','Jose Lazaro Tum Acabal','M',46082551,' Aldea San Jon San Lorenzo Ayutla .','2016-06-106',0,NULL,12),('1764376061203','Dominga Petronila Orozco López','F',46088936,'Caserio El Chipal Catarina','2016-06-149',0,NULL,12),('1764379401203','Antulio Roldan Lopez Castro','M',46100988,'Aldea la Estancia Sipacapa .','2016-04-142',0,NULL,3),('1764424721203','Marvin Eli Gamboa Martin','M',46191987,'Malacatan .','2016-06-105',0,NULL,20),('1764426261203','Maria Lourdes Estrada Fuentes','F',46229410,'zona 1 San Anntonio Sac','2016-05-209',0,NULL,15),('1764704251202','Maria del Carmen Estrada Fuentes','F',46260631,'San Antonio Sac .','2016-01-111',1,NULL,22),('1765314241202','Simon Victoriano Escalante Perez','M',46297295,'Barrio Los Olivos Sibinal .','2016-02-142',0,NULL,20),('1767447031216','Mildred Monica Cifuenes Barrios','F',46363028,'Aldea La Muralla Catarina','2016-04-130',0,NULL,12),('1771076691215','Nelson Abel Chicaj Orozco','M',46367330,'Cantón San Pedro Nuevo Progreso','2016-06-163',0,NULL,20),('1771695240114','Simsai Obed Castillo Rabanales','M',46392302,'Aldea El Sitio Catarina','2016-04-151',0,NULL,6),('1772142521213','Carreto Sanchez Luz Amanda','F',46421035,'Aldea Sibana El Asintal11','2016-02-165',0,NULL,20),('1773139941227','Cardona Barrios Jobito Raul','M',46439402,'Frente Escuela de Parvulos Catarina','2016-01-139',0,NULL,9),('1776143901101','Ovidio Abimael Bonilla Merida','M',46444099,'Aldea El Tecomatillo Catarina','2016-04-149',0,NULL,12),('1776823291204','Erick Luiden Barrios Bail','M',46448825,'El Asintal,11','2016-01-143',0,NULL,12),('1777472851204','Rosmery Roxana Fuentes De León','F',30009496,' San Rafael Pie de la Cuesta','2016-04-147',0,NULL,4),('1781283921219','Ludin Guadalupe Rodriguez Vasquez','M',46481211,'Pajapita','2016-01-134',0,NULL,7),('1804695840911','Gilmer Vladimir Gonzalez Escobar','M',46627496,'Caserio la fraternidad tumbador ','2016-06-134',0,NULL,12),('1805437411229','Ferneli Fidel Fuentes y Fuentes','M',46653842,'Ald. San Jose Caben San Pedro Sac.','2016-05-216',0,NULL,22),('1806667381202','Wilver Andres Fuentes Godinez','M',46658625,'Aldea San jose Caben San Pedro Sac .','2016-03-128',0,NULL,6),('1816678511216',' Rubelsi Nehemias Fuentes Castañon','M',46699216,'Ald San Jose Caben','2016-06-131',0,NULL,1),('1819017651216','Sandy Yanira Escobedo Morales','F',46728478,'5a. Calle 5-12 zona 5 Barrios San Luis,11','2016-05-204',0,NULL,12),('1824830101215','Cesar Miguel Cesar Miguel','M',46867490,'Aldea Santa Rosa Sector la Union San Lorenzo','2016-03-104',0,NULL,20),('1826744520906','Cardona López Byron Margarito ','M',46878985,'Pajapita','2016-01-133',0,NULL,7),('1827660471101','Marlon Gamaliel Agustin Lopez','M',46904231,'Cantón Santo Domingo Belen Malacatan .','2016-06-158',0,NULL,16),('1828359011212','Maximiliano Federico Aguilar Bravo','M',46979879,'Aldea San Pedro Petz San Pedro Sac.','2016-03-121',0,NULL,12),('1828812451202','Byron Danilo Tul Monzon','M',47158698,'Aldea La Grandeza San Pedro Sac.','2016-04-139',0,NULL,12),('1830128521203','Perez Miranda Jose Luis','M',47688550,'Ald Grande San Pedro Sacatepequez','2016-01-112',0,NULL,1),('1830138751203','Paxtor Maldonado Marlon David','M',47688995,' Acceso Candacuchex 8-29 zona 2','2016-01-135',0,NULL,20),('1830345461208','Omar Hernan Rabanalez Juarez','M',47687045,'Aldea Sisiltepeque Catarina','2016-02-163',0,NULL,6),('1831883811229','Lopez Fuentes William Alex','M',30403174,'Aldea San Andres Chapil San Pedro Sac','2016-04-102',0,NULL,20),('1834942101202','Sheny Francisca Estrada Giron','F',47780614,' San Antonio Sacateopequez','2016-05-178',0,NULL,12),('1835162571215','Estrada Coyoy Edelma Cristina','F',47873071,'Aldea San Rafael Sac San Antonio Sac','2016-03-116',0,NULL,4),('1840014551202','Jose Alberto  Castañon Chavez','M',47892576,'Canton 12 de noviembre el rodeo','2016-02-128',0,NULL,20),('1848490981215','Francisco Anibal Baustista Barrios','M',48121318,'5a. Calle 5-25 Callejon Juanita Zona 4','2016-05-203',0,NULL,15),('1852492991102','Eli Daniel Agueda Lopez','M',48137862,'Aldea Villa Linda Las Palmas Coatepeque 09','2016-02-153',0,NULL,22),('1855985871202','Selvin Adan Orozco Ramirez','M',48313715,'Cantón Santo Domingo Belen Malacatan .','2016-06-157',0,NULL,12),('1858983781223','Eduardo Josue Orozco Orozco','M',48437273,'Aldea San Isidro Chamac SanPedro Sac.','2016-02-136',0,NULL,9),('1859030611204','Navarro Gonzalez Roldi Gonzalo','M',48450026,' San Pedro Sac.','2016-01-108',0,NULL,20),('1859438101226','Edwin Roberto Mendez Perez','M',48479755,'Aldea La independencia Chilil Sipacapa','2016-04-136',1,NULL,4),('1860388951204','Mendez Lopez Haroldo Josue','M',48491617,'Catarina','2016-01-158',0,NULL,3),('1860400241201','Antony Josue Gomez Fuentes','M',48609605,' Zona 2 San Pedro Sac','2016-01-141',0,NULL,3),('1861842391213','Wilder Paul Gamboa Ramirez','M',48745035,'Aldea San Jose Zelandia San Pablo','2016-03-126',0,NULL,12),('1866087800904','Cesar Higinio Fuentes Orozco','M',48749726,'Zona 4 San José Caben San Pedro Sac.','2016-05-219',0,NULL,12),('1878689211204','Edvin Edilzar Felix Agustin','M',48778381,'Caserio la Primavera Comitancillo','2016-06-129',0,NULL,6),('1879052661226','Leonardo Alexander Estrada Orozco','M',48811203,'San Antonio Sacatepequez','2016-05-173',0,NULL,16),('1882310801203','Sergio Jonatan Estrada Fuentes','M',48818051,' San Antonio Sacatepequez.','2016-05-170',0,NULL,7),('1887282951203','Edwin Orlando Estrada Cardona','M',48870124,' San Antonio S.','2016-05-177',0,NULL,7),('1890486771221','Godinez López Guillermo Veracruz','M',30555165,'Aldea Sisiltepeque Catarina','2016-02-162',0,NULL,12),('1893199251202','Arturo Enrique Escobar de León','M',48935385,'Aldea La Lima Malacatan','2016-04-132',0,NULL,6),('1894074921201','Ribelina de Jesus Diaz Escalante','F',48938395,'Canton Cuatan Aldea Tojcheche Tacana .','2016-02-123',0,NULL,6),('1895051091203','De León López Urelis Floricelda','F',48988249,'Aldea Las Majadas San Cristobal Cucho','2016-04-120',0,NULL,20),('1900973371214','Iris Cristina  De Leon Cifuentes','F',49120212,'zona 3','2016-01-106',0,NULL,12),('190117951202','Wilmer Bladimir Chun Gomez','M',49135819,'Aldea las Tapias Tejutla','2016-04-118',0,NULL,20),('1901717821229','Mynor Alfonso Charuc Lopez','M',49153325,'Canton el Carmen San Andres Chapil','2016-02-122',0,NULL,4),('1903032041204','Cardona Santos Wendy Maricela','F',49163475,'ALDEA LA  GRANDEZA SAN PEDRO SAC.','2016-02-126',0,NULL,12),('1903717301215','Julio Amarildo Bravo Culebro','M',49320463,'Zona 5 San Isidro Chamac','2016-01-102',1,NULL,15),('1904293641215','Wilder Alexander,Garcia','M',30590245,'Aldea San Isidro Chamac San Pedro Sac.','2016-03-155',0,NULL,1),('1906431451226','Lazaro Irene Barrios Reyes','M',49337460,'Aldea Limones Ocos','2016-04-117',0,NULL,15),('1909211531201','Abimael Alexander Barrios Aguilon','M',49340836,'Esquipulas Palo Gordo','2016-06-145',0,NULL,22),('1912790481301','Oscar Gumercindo Pérez Cabrera','M',49366567,'  San Antonio Sacatepequez','2016-06-153',0,NULL,12),('1913149351207','Walter Ramos Dìaz','M',49373788,'Aldea Ninchim Concepcion Tutuapa','2016-04-108',0,NULL,12),('1919438050101','Melvin Alberto Ramirez Ramirez','M',49385251,'Caserio Pajatz Ixchiguan','2016-06-107',0,NULL,9),('1920816081213','Emilio Benjamin Ramirez Orozco','M',49497322,'6ta. Av. Z-109 zona 1 Comitancillo','2016-05-197',0,NULL,13),('1922122061216','Delma Noemiy Cruz Lopez','F',30653450,'ALDEA PUEBLO VIEJO SIPACAPA .','2016-04-103',0,NULL,4),('1922157791204','Maycol Darwin Escobar Galvez','M',30038730,'Caserío Ixquihuila Aldea Las Lagunas','2016-06-137',0,NULL,12),('1925599581215','Ivone Lourdes Rabanales Morales','F',49522330,'Aldea Santa Marta Melendres Ayutla','2016-03-112',0,NULL,1),('1925655401109','Elfido Ovidio Miranda Matias','M',49527411,'Aldea Tojcheche Comitancillo .','2016-02-157',0,NULL,20),('1929579291203','Kenedy Wanerges Matias de Paz','M',49577136,'Caserio Los Bujes Comitancillo','2016-06-119',0,NULL,9),('1930708551204','Edvin Alcario Matias Aguilon','M',49598005,'Aldea Tuilelen Comitancillo','2016-06-152',0,NULL,4),('1935026901229','Fabio Bernardo Marroquin Felix','M',49670592,'Caserio la Primavera Comitancillo .','2016-06-127',0,NULL,12),('1937781731202','Gilberto Noel Macario Gomez','M',49729308,'Aldea Agua Tibia Tejutla .','2016-05-184',0,NULL,12),('1938038281214','Elvin Abraham Jiguan Berduo','M',49792701,'Canton San Pablo Comitancillo','2016-06-166',0,NULL,13),('1940126461206','Elmar Natan Gabriel Escobar','M',49812921,'Aldea Corinto Zacualpa an Lorenzo .','2016-04-162',0,NULL,16),('1940876541201','Eber Jeudith Gabriel Marroquin','M',49903628,'Aldea Tuichuilupe Comitancillo .','2016-02-155',0,NULL,12),('1942320422121','Hector Edilberto Gabriel Jimenez','M',49947164,'Caserio Los Bujes Comitancillo','2016-06-120',0,NULL,6),('1942546701203','Isaias Rigoberto Coronado Florencio','M',49967411,'aldea el Porvenir  San Lorenzo .','2016-04-158',0,NULL,22),('1942627742101','Yolanda Ambrocio Bautista','F',50068214,'Aldea Llano Grande Sipacapa .','2016-04-113',0,NULL,3),('1947497111229','Gustavo Aguilon Perez','M',50070719,'Aldea Piedra de Fuego Comitancillo','2016-04-105',0,NULL,4),('1947532391215','Matias Perez Yordano Herdildo','M',50178815,'Colonia San Antonio El Tumbador','2016-01-151',0,NULL,7),('1949992971214','Marta Olivia Aguilar Muñoz','F',30658976,'San Rafel Pie de la Cuesta','2016-01-140',0,NULL,7),('1950614701204','Deyni Yojaira Gonzalez Lopez','F',50188126,'Calle Principal Tectitan 13','2016-02-132',1,NULL,1),('1951219880919','Rony Estuardo Alvarado Fuentes','M',30728919,'Cantón Ojo de Agua San Pedro Sac','2016-02-108',0,NULL,20),('1953086111101','Blanca Maricela Gabriel Isidro','F',50198351,'Caserio la Caballería San Lorenzo ','2016-06-135',0,NULL,12),('1958991211216','Jesus Alejandro Fuentes Monzon','M',50297996,'Aldea San Jose Caben San Pedro Sac','2016-03-129',0,NULL,15),('1959126911202','Susana judith Fuentes Castro','F',50343047,'Colonia Buenos Aires Tejutla .','2016-01-152',1,NULL,15),('1961946361203','Elkin Ulises Escobar Carreto','M',50344735,'aldea San Andres Chapil San Pedro Sac','2016-04-101',0,NULL,1),('1963762461202','Diaz Velasquez Yury Yaquely','F',50367903,'Aldea Sujchay Tacana','2016-02-161',0,NULL,15),('1964693411201','Sandra Luisa Cardona Morales','F',50393034,'Aldea Calapte Ixchiguan','2016-05-182',0,NULL,12),('1964806151204','Elfido Ricardo Camel Mendez','M',50393034,'Aldea San Jose Zelandia San Pablo','2016-03-125',0,NULL,9),('1970424811216','Leonidas  Ambrocio Bamaca','M',50410149,'SECTOR EL JARDIN SIPACAPA','2016-01-125',0,NULL,12),('1979572261101','Sarbelio Antonio Aguilon Isidro','M',50486310,'Caserio Las Flores Comitancillo .','2016-06-125',0,NULL,9),('1983922731216','Edelfo Nery Bartolon Ortiz','M',50486347,'Colonia Barrios Tacana','2016-01-153',0,NULL,12),('1983994561223','Transito Martin Rivas','M',50503429,'Aldea Llano Grande 13','2016-04-115',0,NULL,1),('1985007771202','Lesbia Cristina Rabanales Alfonso','F',50516885,'Barrio el Esfuerzo 10-52 ayutla','2016-05-228',0,NULL,12),('1989590601202','Ramirez Mendez Anibal Ramon','M',50520232,'Paraje Biuche Concepcion Tutuapa','2016-01-132',0,NULL,16),('1990915441202','Lázaro Lopez Marroquin','M',50552904,'Canton San Pablo Comitancillo','2016-06-165',0,NULL,16),('1991708431211','Erick Panfilo Cardona Requena','M',30748766,'Aldea San Rafael Sac. San Antonio Sac.','2016-03-118',0,NULL,4),('1995004361202','Sandra Ileana De León Sandoval','F',50581237,'5ta. Calle 3er callejo 5-10 zona 5','2016-05-200',1,NULL,20),('1995150071203','Mynor Marcelo De León Godinez','M',50593719,'Aldea San José Caben San pedro Sac.','2016-05-224',0,NULL,13),('1995874930101','Elizabeth Magdalena  Carreto Cardona','F',50611272,'Caserio Nueva Jersalen San Antonio Sac','2016-06-113',0,NULL,20),('1996844801213','Velásquez Pérez Leonel Aníbal','M',31086582,'Aldea Santa Rosa San Lorenzo','2016-03-109',0,NULL,4),('1998168591410','Niguer Jael Cardona Velasquez','M',50615881,'Aldea las Barrancas San Antonio Sac','2016-04-128',0,NULL,22),('2044688331220','Osmar domingo Cardona Ramirez','M',51001702,'Aldea San Rafael sac','2016-03-117',0,NULL,1),('2051655081202','Dimar Robin Cardona Lopez','M',51315183,'Zona 04 San antonio Sacatepequez','2016-05-226',0,NULL,6),('2052165871202','Vasquez Godinez Enmny Jeronimo','M',31095775,'Cantòn Ojo de Agua San Pedro Sac .','2016-02-107',0,NULL,7),('2054037781202','Rogelio  Ambrocio Bautista','M',51533364,'Aldea San Isidro Sipacapa','2016-03-149',0,NULL,12),('2056346721226','Marco Vinicio Orantes Davila','M',51556413,'Aldea el Quebracho Barberena Santa Rosa','2016-04-157',0,NULL,1),('2056346801226','Velasquez Rubi Griset','F',51561640,'6A. Avenida 1-44 Zona 2 San Pedro Sac.','2016-05-199',0,NULL,15),('2060201391204',' Victor Manuel Rodriguez Fuentes','M',51593066,'Calle Real Pajapita','2016-02-131',0,NULL,7),('2061230861202','Alangumer Obed Ramos Navarro','M',51618894,' Aldea Piedra Grande San Pedro Sac','2016-02-105',0,NULL,12),('2061235071203','Milton Eduardo Orozco Godinez','M',51664097,'Aldea San Isidro Chamac San Pedro Sac.','2016-03-154',1,NULL,15),('2063171581203','Fuentes Orozco Carlos Abel','M',51666379,'Alda San Jose Caben San Pedro sac','2016-05-187',0,NULL,12),('2065184121202','Ronal Gustavo Estrada Vasquez','M',51669487,'Zona 3 San Antonio Sacatepequez','2016-05-221',0,NULL,3),('2071574481212','Dobora Raquel Roblero Godinez','F',31114559,'Aldea las Lagunas','2016-04-124',0,NULL,1),('2074871541202','Almaraz Cardona Fredy','M',51688753,'Aldea San Rafael Sac. San Antonio Sac .','2016-03-119',0,NULL,1),('2076844801202','Dionicio Agustin Agustin','M',51734127,'Aldea San Andres Chapil San Pedro Sac','2016-03-166',1,NULL,4),('2083208220906','Erick Benigno  Velasquez Zunun','M',51823634,'Aldea Tocapote Sibinal','2016-02-158',0,NULL,12),('2085146511203','Ramirez Pojoy Josias Isai','M',51907288,'Aldeea Santa Rosa San Lorezo','2016-02-151',0,NULL,3),('2085244351229','Hilda Maribel Ramírez López','F',51963079,'Caserio Caxlemuj Comitancillo','2016-06-150',0,NULL,16),('2086673851301','Humberto Guillermo Orozco Tul','M',53145059,'Aldea San Jose Caben San Pedro Sac.','2016-03-134',0,NULL,12),('2097009631204','Fuentes Gomez Victor Manuel','M',53190898,'3ra. Calle 01-30 Zona L San Pedro Sac. S.M.','2016-05-215',0,NULL,15),('2097236371217','Idigoras Abidán Castro Velasquez','M',53218537,'Aldea Provincia Chiquita San Pedro Sac','2016-04-104',0,NULL,22),('2103434190916','Ramirez Ramos Osvaldo Manuel','M',31130670,'Canton Cotzic Ixchiguan','2016-02-124',0,NULL,9),('2109076651203','Elder Eduardo Castañon Merida','M',53232495,'Esquipulas Palo Gordo','2016-06-147',0,NULL,12),('2109363041226','Leonel Bautista Cruz','M',53369987,'Caserio La Vega,SiPacapa .','2016-06-126',0,NULL,1),('2112127761210','Maynor Eliberto Lopez Garrido','M',53400884,'Ciudad Pedro de Alvarado Moyuta','2016-01-157',0,NULL,22),('2113369981202','Julio Raquel Velasquez Gonzalez','M',53459471,'Aldea San Isidro Chamac San Pedro Sac.','2016-03-153',0,NULL,12),('2114563811219','Gregorio  Santizo Mejia','M',53483507,'Barrio Los Laureles Zona 5 Tacana','2016-02-143',0,NULL,20),('2115190931149','William Amilcar Santos Fuentes','M',53483507,'Aldea San Andres Chapil San Pedro Sac','2016-03-164',0,NULL,13),('2115547071204','Sánchez Berduo Elias Otoniel','M',53483950,'Barrio El Berjel Ald. Sujchay Tacana','2016-02-145',0,NULL,7),('2116599321202','Dilma Vitalina Ramirez Cardona','F',53498558,'aldea San Andres Chapil San Pedro Sac .','2016-02-104',0,NULL,6),('2122196931206','Juan Clemente  Pablo Gomez','M',53530221,'Aldea Santa Rosa San Lorenzo','2016-03-107',0,NULL,3),('2122224301229','Rodolfo Esteban Orozco Perez','M',53550523,'canton el Reformador San Lorenzo','2016-02-118',0,NULL,4),('2123941181213','Ivan Gabriel Gómez Marroquin','M',53633584,'Aldea Tuichilupe Comitancillo .','2016-06-104',0,NULL,13),('2126442111202','Julio Cesar Fuentes Cardona','M',53701442,'El Rodeo .','2016-01-142',0,NULL,20),('2127352561209','Glenda Beatriz  Coronado Jimenez','F',53705108,'Caserio Los Bujes Sector No.5 Comitancillo','2016-06-118',1,NULL,7),('2132860331215','Enequias Jeremias Chaj Chaj','M',53745436,'Aldea Choanlà San Jose Ojetenam','2016-04-165',0,NULL,6),('2137058261207','Daivin  Ariel Bautista  Zacarias','M',53753483,'Caserio el Plan Ixchiguan','2016-06-143',0,NULL,3),('2142010741202','Sindi Yaneth Baltazar Perez','F',53799399,' San Antonio Sac','2016-01-138',0,NULL,1),('2143038961229','Almaraz Gonzalez Marco Antulio','M',53851515,'Tajumulco','2016-01-114',0,NULL,12),('2143481561203','Rabanales Mazariegos Melvin Olegario','M',53894234,'Aldea Santa Rosa San Lorenzo','2016-03-106',0,NULL,13),('2143605391223','Lopez Velasquez Celso Vinicio','M',53937825,'Tajumulco','2016-01-113',0,NULL,16),('2143976291227','Daymer Lorenzo Fuentes Miranda','M',54485801,'Aldea San Jose Caben San Pedro Sac .','2016-03-140',0,NULL,1),('2146293921109','Edilzar Misael Godinez Fuentes','M',54807227,'Adlea San Andres Chapil San Pedro Sac.','2016-02-103',0,NULL,20),('2153155021229','Mauro Jesus Fuentes Lopez','M',55157274,'San Antonio sacatepequez','2016-01-129',0,NULL,22),('2156046871214','Anibal Edgar Fuentes Aguilar','M',55277079,'Aldea San Jose Caben San Pedro Sac.','2016-03-133',0,NULL,12),('2164026381202','Robelio Ricardo Escobar Rodriguez','M',55277079,'Aldea Caxaque','2016-05-169',0,NULL,12),('2165288601215','Lorenzo David Chavez Escobar','M',55279104,'Caserio los Angeles El rodeo','2016-06-122',0,NULL,4),('2165879801210','Patricio Coronado Lopez','M',55293470,'Caserio los Bujes comitancillo','2016-06-121',0,NULL,1),('2166359341215','Eli Josias Bamaca Lopez','M',55807974,'Caserio Guancache Aldea Poj Sipacapa','2016-06-141',0,NULL,7),('2169066441202','Noe Moises orozco Mendez','M',57151725,'Canton Santo Domingo Belen Malacatan','2016-06-156',0,NULL,9),('2171453881226','Velasquez Gonzalez Edgar Evelio','M',57228984,'San Isidro Chamac San Pedro Sac','2016-01-128',0,NULL,9),('2172177611202','Elias Joaquin Velasquez Chaj','M',57242528,'Aldea San Miguel de Los Altos San Antonio Sac','2016-03-123',0,NULL,4),('2177062071203','Vasquez Mendoza Arnulfo','M',57243185,'l San Antonio Sacatepequez','2016-05-172',0,NULL,12),('2187239891213','Selvin Wenceslao Sandoval Escobar','M',57280261,'Aldea San Jeronimo El Tumbador','2016-03-148',0,NULL,15),('2194454511204','Ramirez Diaz Edwin Raul','M',57318853,'Aldea Calapte Ixchiguan','2016-05-181',0,NULL,3),('2197723391213','Dionel Rafael Ambrocio','M',57379876,'Aldea la Independencia Chilil Sipacapa .','2016-04-135',0,NULL,13),('2197783451223','Wilder Josue Perez Ramirez','M',57382271,'Canton San Ramón San Antonio Sacatepéquez','2016-06-161',0,NULL,1),('2205720381203','Glendy Rosmery Orozco y Orozco','F',57433321,'Aldea San Jose Caben San Pedro Sac','2016-03-144',0,NULL,20),('2208350041228','Sulmy Mildred Miranda Miranda','F',57459455,'Aldea San Andres Chapil San Pedro Sac','2016-03-161',0,NULL,22),('2210392951203','Usvin Amilcar Miranda Godinez','M',57482564,'Aldea San Jose Caben San Pedro Sac.','2016-03-132',0,NULL,12),('2223085241201','Sergio Rene Maldonado Cabrera','M',57502989,'Barrio San Josè Aldea xab El Asintal11','2016-02-140',0,NULL,16),('2229104961202','Nancy Paola López Morales','F',57517627,'Aldea San Miguel de Los Altos San Antonio Sac','2016-03-122',0,NULL,12),('2233230711210','Gelber Ajanel Gonzalez Ramirez','M',57555738,'Aldea Santo Domingo San Antonio Sac','2016-03-102',0,NULL,13),('2244494941225','Selvin Eleazar Garcia Estrada','M',57589740,' San Antonio Sacatepequez','2016-05-171',0,NULL,12),('2249776361219','Jaime Ruben Fuentes Miranda','M',57691169,'Zona 3 San Pedro Sac .','2016-05-198',0,NULL,3),('2256193851109','Josue Vinicio Fuentes Godinez','M',57752611,'Canton Esquipulas San Andres Chapil','2016-02-117',0,NULL,12),('2256791761209','Blanca Jannete Fuentes Gonzalez','F',57800263,'Aldea San Jose Caben San Pedro Sac','2016-03-143',0,NULL,12),('2257095111226','Fuentes Garcia Luis Alberto','M',57866496,' zona 1 San Pedro Sac','2016-05-193',0,NULL,6),('2257611301302','Sherly Elenita Fuentes Coronado','F',57874674,'Aldea San Isidro Chamac San Pedro Sac.','2016-03-152',0,NULL,7),('2267518051202','Sandra Karina Fuentes Bautista','F',57874803,'Aldea San Jose Caben San Pedro Sac','2016-03-142',0,NULL,16),('2270008621320','Milgen Gudiel Felix Aguilon','M',57892834,'Caserio Molino Biejo Comintancillo','2016-06-116',0,NULL,1),('2270938601007','Delfido Estrada Felix Agustin','M',57893372,'Caserio la Primavera Comitancillo','2016-06-128',0,NULL,12),('2273828381202','Eberto Daniel Echverria Robles','M',57980011,'Aldea la Lima Malacatan','2016-04-133',0,NULL,4),('2275540431223','Everilda Adilia Estrada Paz','F',57981475,'Aldea San Rafael Sac San Antonio Sac','2016-03-115',0,NULL,20),('2280065701226','Yennifer Ciriaca Estrada Cardona','F',58022016,' Antonio Sac','2016-05-176',0,NULL,13),('2283477181215','Gerson Alfonso Dominguez lopez','M',58036411,'Canton San Sebastian Malacatan','2016-06-159',0,NULL,3),('2284464221109','Rene David De leon Cardona','M',58043892,'San Andres Chapil San Pedro sacatepequez','2016-02-109',0,NULL,3),('2284488751226','Franklin Rocael Calderon Diaz','M',58045633,' aldea San Isidro Malacatan','2016-01-123',0,NULL,16),('2290545361204','Edvin Adilson Cardona Almaraz','M',58083643,'Aldea San Rafael Sac San Antonio Sac','2016-03-120',0,NULL,7),('2292588591202',' Selvin Ediberto Carreto Garcia','M',58262041,'Ald. San Isidro Ixcolochil San Antonio Sac.','2016-05-188',0,NULL,13),('2293309671202','Jenner Alexis Bautista Mendez','M',30190465,'Caserio Llano Grande San Pedro Sacatepequez','2016-06-123',0,NULL,1),('2295765321202','Velasquez Reyes Sergio Enrique','M',30190465,'Canton Tejeria Catarina ','2016-06-154',0,NULL,22),('2299286091223','Guillermo Magdiel Valladares Lopez','M',30192662,'Aldea El Sitio Catarina','2016-04-153',0,NULL,12),('2304798391203','Vagner Wilfredo Bravo Aguilar','M',58437660,'Aldea San Geronimo el Tumbador','2016-03-157',0,NULL,12),('2305549541214','Levis Jesiel Bautista Orozco','M',58457055,'Aldea Champollap San Pedro Sac','2016-02-113',0,NULL,20),('2306716241202','Amer Emanuel Bautista López','M',58533128,'Aldea Llano Grande Sipacapa','2016-04-114',0,NULL,7),('2309054121202','Santos Victor Bautista de León','M',58533128,'ALDEA XEABAJ SIPACAPA','2016-02-152',0,NULL,6),('2309536621202','Bautista Fuentes Bernabe Roberto','M',58601156,'San Pedro Sac','2016-01-127',0,NULL,16),('2310348491201','Cleyder Lisman Ardiano Lopez','M',58800219,'Aldea San Andres Chapil San Pedro Sac','2016-03-165',0,NULL,13),('2310935781213','Osman Ivan Ardiano Perez','M',58864186,'Aldea San Andres Chapil San Pedro Sac','2016-03-160',0,NULL,3),('2313573890906','Amilcar Isaias Velasquez Fuentes','M',58877376,'Aldea la Grandeza San Pedro Sac','2016-04-140',0,NULL,12),('2316238871207','Edras Alfe Sánchez Miguel,','M',58910289,'Barrio El Vergel Aldea Sujchay Tacanà','2016-02-144',0,NULL,15),('2318209331202','Antonio Zacarias Rojas Ramirez','M',58921513,'Aldea la Cienaga Cabrican 09','2016-04-144',0,NULL,12),('2318708841204','Oliverio Ramos Cabrera','M',58968108,'Caserío Nueva Jerusalen San Antonio Sac .','2016-06-112',0,NULL,9),('2324881181206','Gudiela Emelina','F',58980562,'Cantòn San Ramon San Antonio Sacatepequez','2016-06-160',0,NULL,4),('2326028241202','Celeste Aracely Lopez Lopez','F',59052004,' San Antonio Sac .','2016-02-114',0,NULL,12),('2326761431203','Norma Migadalia Hernandez Barrios','F',59065661,'Aldea San Jose Caben San Pedro Sac','2016-03-141',0,NULL,4),('2327042360316','Ervin David Gomez Perez','M',59078983,'Aldea Santa Rosa Municipio San Lorenzo','2016-03-110',0,NULL,3),('2327473421202','Wilson Aramis Fuentes Orozco','M',59080370,' Zona 1 San Pedro Sac .','2016-05-207',0,NULL,7),('2328388441204','Wilian Waldemar Feliciano Perez','M',59108720,'Canto San Pabo comitancillo','2016-02-129',0,NULL,1),('2329806161101','Hugo Nicolas  Estrada Ramirez','M',59289067,' Zona 3 San Antonio Sac.','2016-05-218',0,NULL,12),('2330682441225','Miguel Angel Cifuentes','M',59396596,'Aldea Santa Rosa San Lorenzo','2016-03-105',0,NULL,12),('2333256541108','Porfirio Geremias Chilel Hernandez','M',59606931,'Caserío Nuevo Paraiso San Pablo','2016-06-111',0,NULL,20),('2333571301203','Heydi Beatriz Cabrera Cabrera','F',59791664,'Aldea santa irene San Antonio San pedro sac','2016-03-113',0,NULL,20),('2335713611202','Joel Faustino Ardiano López','M',59865229,'Aldea San Andres Chapil San Pedro Sac','2016-03-163',0,NULL,3),('2339291261109','Enrique Gonzalez Hernandez','M',59956742,'Canton El Porvenir Canalitos Zona 24','2016-01-137',0,NULL,1),('2340760621215','Velasquez Orozco Abermino Olivar','M',77768327,'Aldea Santa Teresa San Pedro Sac.','2016-03-103',0,NULL,13),('2342242821211','Julia Sugeiri Velasquez Fuentes','F',12312312,' ald San Jose Caben San pedro Sac','2016-01-107',0,NULL,22),('2342572451202','David Ezequiel Vasquez','M',32546729,'Aldea San Jose Caben San Pedro Caben','2016-03-146',0,NULL,7),('2343462211219','Yesenia Marisela Tos de León','F',30421394,'Aldea El Recreo','2016-04-154',0,NULL,6),('2347781481204','Mardoqueo de Jesús Temaj Coronado','M',30421394,' Zona 1 Comitancillo','2016-05-206',0,NULL,12),('2350324841204','Luis Jenner Rubio Bautista','M',30421394,'4a. Calle 6-27 zona 2 San Pedro Sac.','2016-05-213',0,NULL,3),('2360983220101','Reyna Epifania Roldan Alvarado','F',30421394,'5ta. Calle 15-263 Zona 5','2016-05-201',0,NULL,12),('2366094161216','Jaime Manuel Rodas Rodríguez','M',30421394,'9a. Avenida 3-50 zona 2','2016-05-192',0,NULL,12),('2367881831215','Robinson Isaac Ramos Cabrera','M',30421394,'Aldea Las Brisas Malacatan','2016-04-127',0,NULL,12),('2373102360919','Humberto Fernando Ramirez Fuentes','M',30421394,'ASan Antonio Sac','2016-05-175',1,NULL,13),('2387778041216','Navarro Paz Ademar Rene','M',30421394,'Canton El Mosquito Zona 3 San Pedro Sac.','2016-02-119',0,NULL,13),('2393353251203','Milton Ricardo Perez Tomas','M',30332329,'Aldea Tictucabe Concepcion Tutuapa .','2016-02-159',0,NULL,3),('2398366991321','Maydelin Yojaneli Navarro Fuentes','F',30421394,'San Josè Caben San Pedro Sac.','2016-06-138',0,NULL,20),('2406349501202','Daniel Elnathan Minchez Gomez','M',30421394,'5a. Calle 15-181 zona 5','2016-05-205',0,NULL,4),('2409966231202','Heydi Paola Mendez Gonzalez','F',30421394,'Acceso 4.3 3-41 Zona 3 San Pedro Sacatepequez','2016-05-190',0,NULL,16),('2426126791416','Ervin Aroldo Maldonado Alvarez','M',30421394,'Ald San Jose Caben San Pedro Sac','2016-01-103',0,NULL,16),('2430828191201','Noel Edin  Luarca Alvarado','M',30421394,'San Rafael Pie de la Cuesta','2016-01-148',0,NULL,4),('2433560991204','Carmela Marcei Lopez Morales','F',30421394,'Caserio jerusalen Esquipulas Palo Gordo','2016-06-136',0,NULL,12),('2439457521216','Orlan Elizardo Lopez Fuentes','M',30421394,'Caserio Ixca Aldea la Grandeza','2016-06-139',0,NULL,12),('2440331881209','Salvador Alexander Juarez Velasquez','M',30421394,'Aldea Corral Grande San Pedro Sac.','2016-04-161',0,NULL,7),('2441798511216','Jorge Anbimael Hernandez Velasquez','M',30421394,'Caserío Nueva Esperanza Malacatan','2016-06-114',0,NULL,12),('2443420241202','Yusmara Elizabeth Guzman Fuentes','F',30421394,'zona 2 San Pedro Sac.','2016-05-231',1,NULL,12),('2452942361219','Reynaldo Valentin Gomez Navarro','M',30421394,'Calle La Reforma Aldea San Rafael Soche','2016-02-138',0,NULL,12),('2458075351213','Jorge Anibal Godinez Fuentes','M',30421394,'Ald San José Caben San Pedro Sac.','2016-06-130',0,NULL,12),('2458963921204','Leydi Leticia Godinez Bautista','F',30421394,'Aldea santa rita San Antonio Sacatepequez','2016-03-111',0,NULL,12),('2461488961106','Patrick Roberto Fuentes Perez','M',30541206,'Aldea Piedra Grande San Pedro Sac .','2016-02-135',0,NULL,22),('2465452401226','Jenner Faustino Fuentes y Fuentes','M',30551661,' Ald San Jose Caben San Pedro Sac','2016-01-105',0,NULL,6),('2484976770101','Rudgen Antulio Fuentes Lopez','M',30758182,' Ald. San Andres Chapil San Pedro Sac.','2016-02-102',0,NULL,3),('2491935311221','Vinicio Danilo Fuentes Gonzalez','M',31417009,'Ald San Jose Caben San Pedro Sac.','2016-01-110',0,NULL,7),('2495944711219','Deny Aramis Fuentes de Leòn','M',31609702,'Avenida el Reformador zona 3 San Jose Caben','2016-02-147',0,NULL,7),('2498097611201','Disleny Evilia Estrada Cardona','F',32016459,'San Antonio Sac','2016-05-174',0,NULL,20),('2506094360904','Edilson Rodelbi Orozco Monterroso','M',31203936,'Aldea San José Caben San Pedro Sac','2016-02-146',0,NULL,12),('2507517631213','Lester Rene Cartagena Alvarez','M',33216218,'Canton Santo Domingo malacatan','2016-06-155',0,NULL,7),('2509505021202','Victor Augustin Castañon  Magaña','M',40982231,'Alde Sanjon San Lorenzo','2016-05-186',0,NULL,12),('2512457050114','Emilzar David Castañon Gomez','M',42416501,'Aldea San José Caben San Pedro Sac.','2016-03-139',0,NULL,15),('2518339090101','Wesley Tomas Castañon Fuentes','M',44601999,'Ald la Grandeza San Pedro Sac.','2016-01-117',0,NULL,16),('2535408281229','Anibal Alejandro Castañon Fuentes','M',45104460,'Aldea San Isidro Chamac San Pedro Sac. .','2016-03-151',0,NULL,4),('2549002671202','Orozco Juarez Horacio Romeo','M',31207595,'Sector 3 Aldea Talquicho San Lorenzo','2016-01-126',0,NULL,12),('2549240931229','Lauro Marino Cardona Mauricio','M',45135870,'Caserio Molino Viejo Comitancillo','2016-06-115',0,NULL,12),('2549446201108','Wildred Leonel Cardona Estrada','M',46229410,' zona 4 San Antonio Sac .','2016-05-212',0,NULL,12),('2552761251228','Zulmi Janeth Bautista Juarez','F',45336861,'Ald. San Andres Chapil San Pedro Sac','2016-02-116',0,NULL,7),('2567644761226','Maria Isabel Orozco Godinez','F',31319046,'Cantón La Parroquia San Pedro Sac','2016-05-194',0,NULL,16),('2571077701217','Adelso Manuel Ardiano Fuentes','M',45882111,'Aldea San Andres Chapil San Pedro Sac','2016-03-159',0,NULL,12),('2583499481201','Fredy Abraham Aguilon Mauricio','M',46156535,'Aldea Jute Chiquimula','2016-04-145',0,NULL,3),('2590659801202','Omar Bilsai Monzon Godinez','M',46504583,'Aldea San Jose Caben San Pedro Sac.','2016-03-131',0,NULL,6),('2593609290920','Mildred Nohemi Cardona Castañon','F',47081460,'Ald San Jose Caben San Pedro Sac','2016-01-104',0,NULL,12),('2595286330917','Yuvviny Jonatan López Fuentes','M',47542594,'Aldea San José Caben San Pedro Sac.','2016-02-148',0,NULL,12),('2596926541223','Sheily Leticia Vasquez Ardiano','F',47929667,'Aldea La Grandeza San Pedro Sac.','2016-04-138',0,NULL,20),('2599975361204','Ervin Benjamin Gonzalez Cardoza','M',48024080,'Aldea Ajaxa San Martin Zapotitlan','2016-05-183',0,NULL,11),('2600446361201','Frandy Abigail Escobar Siguenza','M',48064230,'Aldea La Libertad Nuevo San Carlos','2016-04-134',0,NULL,11),('2608160861207','Dan Amin Lopez Sanchez','M',48164864,'Sector las Flores Aldea Sibana El Asintal','2016-01-119',0,NULL,11),('2609160861207','Linder Abel Coronado Lopez','M',46783960,'aldea El Quetzali San Pablo .','2016-01-120',0,NULL,12),('2610160861207','Edgar Andres  Chavez Felix','M',30102711,' aldea El Quetzali San Pablo .','2016-01-121',0,NULL,16),('2615777511226','Eloysa Etelvina Cabrera Gomez','F',48646961,'Sector Nuevo Esperanza aldea Xab','2016-01-115',0,NULL,11),('2630370881215','Genner Misrain Gonon Morales','M',48736297,'Camelias Nuevo San Carlos','2016-02-130',0,NULL,11),('2631839981216','Linda Karina Alonzo Martinez','F',48747411,'5ta. Av. Zona 5 Barrios San Luis','2016-05-202',0,NULL,11),('2635281461201','Odilia Rebeca Ajanel Rac','F',49517799,'4ta calle4-77 zona 6 Entrada a Canton Dolores','2016-05-210',0,NULL,11),('2636731381206','Dulce Fernanda Ramirez de Leon','F',49629044,'Cantòn Morazan Nuevo San Carlos ','2016-02-111',1,NULL,11),('2650623221210','Jesus Jorge Arturo Garcia Castillo','M',49917926,'Sector el Muro Nuevo San Carlos','2016-04-109',0,NULL,11),('2654844801202','Oscar Enrique Armas Lopez','M',50063655,'zona 4 Barrio Monte Rey','2016-05-217',0,NULL,11),('2659522981202','Max Monzon Aguilar','M',50083803,'Lotificación Pamelita 0-72 Zona 4','2016-01-136',0,NULL,16),('2662066621108','Ruben Urias Lopez Sanchez','M',50326555,'Sector las Flores Aldea Sibana El Asintal','2016-01-118',0,NULL,4),('2664048201109','Henry Ampareli Flores Lopez','M',50607814,' Nuevo San Carlos','2016-01-144',0,NULL,11),('2667281971201','Melecio Chiyut Cuc','M',51549238,'canton San Jose San Andres Villa Seca','2016-02-134',0,NULL,11),('2668415031202','Hector Alfonzo De Leon Lopez','M',51621297,'Canton Morazan nuevo San Carlos','2016-02-112',0,NULL,11),('2671331031226','Victoria Isabel Chan de Leobn','F',51726844,'Sector El Zapote aldea San Luis San Sebastian','2016-01-122',0,NULL,11),('2674443461201','Lopez Lopez Ancel Rocael','M',51834282,'Sector Nueva Esperanza Aldea Xah. El Asintal','2016-01-116',0,NULL,11),('2675000251226','Idilio Chavez Mazariegos','M',52011467,'Aldea las Cruces','2016-04-125',0,NULL,11),('2686162641202','Caren Liseth Cabrera Lopez','F',53732337,'Aldea Sibana El Asintal','2016-02-166',1,NULL,11),('2697157461202','Jayron Omar Barrios Sanchez','M',54894546,'Aldea Sibana El Asintal','2016-02-164',0,NULL,11),('2697574221202','Elder Natanael Aguilar  Juarez','M',55972631,'Colonia Santa Elena El Asintal','2016-01-150',0,NULL,11),('2701687370101','Richar Alexander Acabal Ixchop','M',56218506,'Barrio Monterey 13-38 4ta Calle Zona 4','2016-02-141',0,NULL,11),('2704731221215','Lilian Elizabeth Acabal Ixchop','F',56318703,'4ta calle 13-38 zona 4 Barrio Monterey','2016-05-211',0,NULL,11),('2707315710920','Jorge Abel Elias Xiloj','M',57116612,'2da. Avenida 4-40 Zona 1 El Palmar','2016-05-225',0,NULL,9),('2713720361203','Engly Eli De Leon Santos','M',57176798,'Caserio Los Positos Civilia','2016-06-117',0,NULL,9),('2721273961202','Macha Guzman Gerber Humberto','M',57273281,'Coatepeque','2016-01-156',0,NULL,9),('2721442871215','Danilo Estuardo De León Alonzo','M',30045110,'Colonia Alejos Malacatan','2016-01-154',0,NULL,12),('2722442871215','Sebastian Escobar Fernandez','M',57295750,'Colonia Agua viva','2016-01-155',0,NULL,9),('2727006141101','Fervi Yoel Cifuentes Perez','M',57330834,'9na. Calle A 9-46 zona 2 Cooatepeque','2016-05-191',0,NULL,9),('2727585311202','Fuentes Lopez Adan Osbaldo','M',57364431,'Aldea Loma Grande Cabrican','2016-04-112',0,NULL,9),('2727892241202','Benjamin Cruz de la Cruz','M',57399647,'aldea la Estancia la Cruz Zunil','2016-04-143',0,NULL,9),('2736980281202','Carlos Alejandro Hernandez Aguilar','M',42497244,'Barrios las Casas Coatepeque','2016-05-195',0,NULL,9),('2740427971202','Felix Santiago Rojas Lopez','M',58085236,'Aldea las Cienagas Cabrican','2016-04-126',0,NULL,9),('2744002351201','Fernando Mendoza Pérez','M',58387353,'Aldea Calel,Municipio De San Carlos Sija.','2016-05-180',0,NULL,9),('2745573391201','Manuel de Jesus  Ramos','M',58436810,'Aldea Loma Grande Cabrican','2016-04-111',0,NULL,9),('2753027251201','Jaime Rocael Cabrera López','M',58776013,'Zona 4 Concepción Chiquirichapa','2016-05-220',0,NULL,9),('2775498901203','Cesar Leonel Tello Cifuentes','M',58908469,'Cantón Calvario Zona 2 Chiantla','2016-02-127',0,NULL,13),('2882292171217','Deyni Yojaira Gonzalez Lopez','F',59078239,'Calle Principal Tectitan','2016-02-133',0,NULL,13),('2884021871223','Transito Martin Rivas','M',59308956,'Aldea Llano Grande','2016-04-116',0,NULL,13);
/*!40000 ALTER TABLE `tbl_estudiante` ENABLE KEYS */;
UNLOCK TABLES;

--
-- Table structure for table `tbl_grado`
--

DROP TABLE IF EXISTS `tbl_grado`;
/*!40101 SET @saved_cs_client     = @@character_set_client */;
/*!40101 SET character_set_client = utf8 */;
CREATE TABLE `tbl_grado` (
  `id_grado` int(11) NOT NULL,
  `grado` varchar(45) NOT NULL,
  `seccion` varchar(1) NOT NULL,
  `jornada` varchar(45) DEFAULT NULL,
  `fk_dpidocente` char(13) NOT NULL,
  `tbl_gradocol` varchar(45) DEFAULT NULL,
  PRIMARY KEY (`id_grado`),
  KEY `fk_tbl_grado_tbl_docente1_idx` (`fk_dpidocente`),
  CONSTRAINT `fk_tbl_grado_tbl_docente1` FOREIGN KEY (`fk_dpidocente`) REFERENCES `tbl_docente` (`dpidocente_id`) ON DELETE NO ACTION ON UPDATE NO ACTION
) ENGINE=InnoDB DEFAULT CHARSET=utf8;
/*!40101 SET character_set_client = @saved_cs_client */;

--
-- Dumping data for table `tbl_grado`
--

LOCK TABLES `tbl_grado` WRITE;
/*!40000 ALTER TABLE `tbl_grado` DISABLE KEYS */;
INSERT INTO `tbl_grado` VALUES (1,'Primero','A','Matutina','1746291251202',NULL),(2,'Segundo','A','Matutina','1812226711202',NULL),(3,'Tercero','A','Matutina','1937025761201',NULL),(4,'Cuarto','A','Matutina','1987228931210',NULL),(5,'Quinto','A','Matutina','2164944511226',NULL),(6,'Sexto','A','Matutina','2431146721202',NULL);
/*!40000 ALTER TABLE `tbl_grado` ENABLE KEYS */;
UNLOCK TABLES;

--
-- Table structure for table `tbl_materia`
--

DROP TABLE IF EXISTS `tbl_materia`;
/*!40101 SET @saved_cs_client     = @@character_set_client */;
/*!40101 SET character_set_client = utf8 */;
CREATE TABLE `tbl_materia` (
  `id_materia` int(11) NOT NULL,
  `materia` varchar(45) NOT NULL,
  `fk_grado` int(11) NOT NULL,
  `fk_dpidocente` char(13) NOT NULL,
  `tbl_materiacol` varchar(45) DEFAULT NULL,
  PRIMARY KEY (`id_materia`),
  KEY `fk_tbl_materia_tbl_grado1_idx` (`fk_grado`),
  KEY `fk_tbl_materia_tbl_docente1_idx` (`fk_dpidocente`),
  CONSTRAINT `fk_tbl_materia_tbl_docente1` FOREIGN KEY (`fk_dpidocente`) REFERENCES `tbl_docente` (`dpidocente_id`) ON DELETE NO ACTION ON UPDATE NO ACTION,
  CONSTRAINT `fk_tbl_materia_tbl_grado1` FOREIGN KEY (`fk_grado`) REFERENCES `tbl_grado` (`id_grado`) ON DELETE NO ACTION ON UPDATE NO ACTION
) ENGINE=InnoDB DEFAULT CHARSET=utf8;
/*!40101 SET character_set_client = @saved_cs_client */;

--
-- Dumping data for table `tbl_materia`
--

LOCK TABLES `tbl_materia` WRITE;
/*!40000 ALTER TABLE `tbl_materia` DISABLE KEYS */;
INSERT INTO `tbl_materia` VALUES (1001,'Comunicación y Lenguaje I',1,'1660968731202',NULL),(1002,'MatemáticasI',1,'1701502081216',NULL),(1003,'Medio Social y NaturalI',1,'1746715471201',NULL),(1004,'Ciencias Naturales y TecnologíaI',1,'1764403051203',NULL),(1005,'Ciencias SocialesI',1,'1782172121226',NULL),(1006,'Expresión ArtísticaI',1,'1965670841203',NULL),(1007,'Educación FísicaI',1,'1987228931210',NULL),(1008,'Formación CiudadanaI',1,'2062797321218',NULL),(1009,'Productividad y DesarrolloI',1,'2127255641203',NULL),(1011,'Comunicación y LenguajeII',2,'2197750951202',NULL),(1012,'MatemáticasII',2,'2301802991202',NULL),(1013,'Medio Social y NaturalII',2,'2327734911202',NULL),(1014,'Ciencias Naturales y TecnologíaII',2,'2362673451202',NULL),(1015,'Ciencias SocialesII',2,'2394833751203',NULL),(1016,'Expresión ArtísticaII',2,'2549005181202',NULL),(1017,'Educación FísicaII',2,'2663375701201',NULL),(1018,'Formación CiudadanaII',2,'1602608091227',NULL),(1019,'Productividad y DesarrolloII',2,'1687753601203',NULL),(1021,'Comunicación y LenguajeIII',3,'1720000842214',NULL),(1022,'MatemáticasIII',3,'1764427581203',NULL),(1023,'Medio Social y NaturalIII',3,'1800459461201',NULL),(1024,'Ciencias Naturales y TecnologíaIII',3,'1803943471215',NULL),(1025,'Ciencias SocialesIII',3,'1805852741901',NULL),(1026,'Expresión ArtísticaIII',3,'1834956080203',NULL),(1027,'Educación FísicaIII',3,'1853651751202',NULL),(1028,'Formación CiudadanaIII',3,'1870477311202',NULL),(1029,'Productividad y DesarrolloIII',3,'1969035561203',NULL),(1031,'Comunicación y LenguajeIV',4,'1984440871226',NULL),(1032,'MatemáticasIV',4,'1989591171202',NULL),(1033,'Medio Social y NaturalIV',4,'2116762411201',NULL),(1034,'Ciencias Naturales y TecnologíaIV',4,'2122720201203',NULL),(1035,'Ciencias SocialesIV',4,'2151290161202',NULL),(1036,'Expresión ArtísticaIV',4,'2171330611202',NULL),(1037,'Educación FísicaIV',4,'2272288201202',NULL),(1038,'Formación CiudadanaIV',4,'2301934201202',NULL),(1039,'Productividad y DesarrolloIV',4,'2356049332101',NULL),(1041,'Comunicación y LenguajeV',5,'1965670841203',NULL),(1042,'MatemáticasV',5,'2197750951202',NULL),(1043,'Medio Social y NaturalV',5,'2362673451202',NULL),(1044,'Ciencias Naturales y TecnologíaV',5,'1687753601203',NULL),(1045,'Ciencias SocialesV',5,'1800459461201',NULL),(1046,'Expresión ArtísticaV',5,'1969035561203',NULL),(1047,'Educación FísicaV',5,'1984440871226',NULL),(1048,'Formación CiudadanaV',5,'1989591171202',NULL),(1049,'Productividad y DesarrolloV',5,'2116762411201',NULL),(1051,'Comunicación y LenguajeVI',6,'2151290161202',NULL),(1052,'MatemáticasVI',6,'2356049332101',NULL),(1053,'Medio Social y NaturalVI',6,'1701502081216',NULL),(1054,'Ciencias Naturales y TecnologíaVI',6,'2062797321218',NULL),(1055,'Ciencias SocialesVI',6,'2327734911202',NULL),(1056,'Expresión ArtísticaVI',6,'2362673451202',NULL),(1057,'Educación FísicaVI',6,'2549005181202',NULL),(1058,'Formación CiudadanaVI',6,'1764427581203',NULL),(1059,'Productividad y DesarrolloVI',6,'1989591171202',NULL);
/*!40000 ALTER TABLE `tbl_materia` ENABLE KEYS */;
UNLOCK TABLES;

--
-- Table structure for table `tbl_matricula`
--

DROP TABLE IF EXISTS `tbl_matricula`;
/*!40101 SET @saved_cs_client     = @@character_set_client */;
/*!40101 SET character_set_client = utf8 */;
CREATE TABLE `tbl_matricula` (
  `cod_matricula_id` int(11) NOT NULL,
  `fecha_matriculacion` date NOT NULL,
  `monto_matricula` int(11) DEFAULT NULL,
  `fk_dpi` char(13) NOT NULL,
  `fk_grado` int(11) NOT NULL,
  PRIMARY KEY (`cod_matricula_id`),
  KEY `fk_tbl_matricula_tbl_datos1_idx` (`fk_dpi`),
  KEY `fk_tbl_matricula_tbl_grado1_idx` (`fk_grado`),
  CONSTRAINT `fk_tbl_matricula_tbl_datos1` FOREIGN KEY (`fk_dpi`) REFERENCES `tbl_estudiante` (`dpi_id`) ON DELETE NO ACTION ON UPDATE NO ACTION,
  CONSTRAINT `fk_tbl_matricula_tbl_grado1` FOREIGN KEY (`fk_grado`) REFERENCES `tbl_grado` (`id_grado`) ON DELETE NO ACTION ON UPDATE NO ACTION
) ENGINE=InnoDB DEFAULT CHARSET=utf8;
/*!40101 SET character_set_client = @saved_cs_client */;

--
-- Dumping data for table `tbl_matricula`
--

LOCK TABLES `tbl_matricula` WRITE;
/*!40000 ALTER TABLE `tbl_matricula` DISABLE KEYS */;
INSERT INTO `tbl_matricula` VALUES (201403101,'2014-03-01',135,'1746713931203',1),(201403102,'2014-03-01',135,'2233230711210',1),(201403103,'2014-03-01',135,'2340760621215',1),(201403105,'2014-03-01',135,'2330682441225',1),(201403106,'2014-03-01',135,'2143481561203',1),(201403107,'2014-03-01',135,'2122196931206',1),(201403108,'2014-03-01',135,'1599104041101',1),(201403110,'2014-03-01',135,'2327042360316',1),(201403111,'2014-03-01',135,'2458963921204',1),(201403112,'2014-03-01',135,'1925599581215',1),(201403113,'2014-03-01',135,'2333571301203',1),(201403114,'2014-03-01',135,'1585408241211',1),(201403115,'2014-03-01',135,'2275540431223',1),(201403116,'2014-03-01',135,'1835162571215',1),(201403117,'2014-03-01',135,'2044688331220',1),(201403118,'2014-03-01',135,'1991708431211',1),(201403120,'2014-03-01',135,'2290545361204',1),(201403121,'2014-03-01',135,'1828359011212',1),(201403122,'2014-03-01',135,'2229104961202',1),(201403123,'2014-03-01',135,'2172177611202',1),(201403124,'2014-03-01',135,'1646016031203',1),(201403125,'2014-03-01',135,'1964806151204',1),(201403126,'2014-03-01',135,'1861842391213',1),(201403127,'2014-03-01',135,'1672072531109',1),(201403128,'2014-03-01',135,'1806667381202',1),(201403129,'2014-03-01',135,'1958991211216',1),(201403130,'2014-03-01',135,'1681280121202',1),(201403131,'2014-03-01',135,'2590659801202',1),(201403132,'2014-03-01',135,'2210392951203',1),(201403133,'2014-03-01',135,'2156046871214',1),(201403134,'2014-03-01',135,'2086673851301',1),(201403135,'2014-03-01',135,'1699113651202',1),(201403136,'2014-03-01',135,'1698103131201',1),(201403137,'2014-03-01',135,'1667101641207',1),(201403138,'2014-03-01',135,'1641450441229',1),(201403139,'2014-03-01',135,'2512457050114',1),(201403140,'2014-03-01',135,'2143976291227',1),(201403141,'2014-03-01',135,'2326761431203',1),(201403142,'2014-03-01',135,'2267518051202',1),(201403143,'2014-03-01',135,'2256791761209',1),(201403144,'2014-03-01',135,'2205720381203',1),(201403145,'2014-03-01',135,'1623967911201',1),(201403146,'2014-03-01',135,'2342572451202',1),(201403147,'2014-03-01',135,'1704116641202',1),(201403148,'2014-03-01',135,'2187239891213',1),(201403149,'2014-03-01',135,'2054037781202',1),(201403150,'2014-03-01',135,'1746709661204',1),(201403151,'2014-03-01',135,'2535408281229',1),(201403152,'2014-03-01',135,'2257611301302',1),(201403153,'2014-03-01',135,'2113369981202',1),(201403154,'2014-03-01',135,'2061235071203',1),(201403155,'2014-03-01',135,'1904293641215',1),(201403156,'2014-03-01',135,'1696125111216',1),(201403157,'2014-03-01',135,'2304798391203',1),(201403158,'2014-03-01',135,'1738782371204',1),(201403159,'2014-03-01',135,'2571077701217',1),(201403160,'2014-03-01',135,'2310935781213',1),(201403161,'2014-03-01',135,'2208350041228',1),(201403162,'2014-03-01',135,'1742033221217',1),(201403163,'2014-03-01',135,'2335713611202',1),(201403164,'2014-03-01',135,'2115190931149',1),(201403165,'2014-03-01',135,'2310348491201',1),(201403166,'2014-03-01',135,'2076844801202',1),(201404101,'2014-03-01',135,'1961946361203',2),(201404102,'2014-03-01',135,'1831883811229',2),(201404103,'2014-03-01',135,'1922122061216',2),(201404104,'2014-03-01',135,'2097236371217',2),(201404105,'2014-03-01',135,'1947497111229',2),(201404107,'2014-03-01',135,'1685098731203',2),(201404108,'2014-03-01',135,'1913149351207',2),(201404109,'2014-03-01',135,'2650623221210',2),(201404110,'2014-03-01',135,'1642840280805',2),(201404112,'2014-03-01',135,'2727585311202',2),(201404113,'2014-03-01',135,'1942627742101',2),(201404114,'2014-03-01',135,'2306716241202',2),(201404115,'2014-03-01',135,'1983994561223',2),(201404116,'2014-03-01',135,'2884021871223',2),(201404117,'2014-03-01',135,'1906431451226',2),(201404118,'2014-03-01',135,'190117951202',2),(201404119,'2014-03-01',135,'1588737071204',2),(201404120,'2014-03-01',135,'1895051091203',2),(201404121,'2014-03-01',135,'1685108981202',2),(201404122,'2014-03-01',135,'1755668281215',2),(201404123,'2014-03-01',135,'1578899041201',2),(201404124,'2014-03-01',135,'2071574481212',2),(201404125,'2014-03-01',135,'2675000251226',2),(201404126,'2014-03-01',135,'2740427971202',2),(201404127,'2014-03-01',135,'2367881831215',2),(201404128,'2014-03-01',135,'1998168591410',2),(201404129,'2014-03-01',135,'1690554341108',2),(201404130,'2014-03-01',135,'1767447031216',2),(201404131,'2014-03-01',135,'1729836651218',2),(201404132,'2014-03-01',135,'1893199251202',2),(201404133,'2014-03-01',135,'2273828381202',2),(201404134,'2014-03-01',135,'2600446361201',2),(201404135,'2014-03-01',135,'2197723391213',2),(201404136,'2014-03-01',135,'1859438101226',2),(201404137,'2014-03-01',135,'1692647341216',2),(201404139,'2014-03-01',135,'1828812451202',2),(201404140,'2014-03-01',135,'2313573890906',2),(201404141,'2014-03-01',135,'1717380711203',2),(201404142,'2014-03-01',135,'1764379401203',2),(201404143,'2014-03-01',135,'2727892241202',2),(201404144,'2014-03-01',135,'2318209331202',2),(201404145,'2014-03-01',135,'2583499481201',2),(201404146,'2014-03-01',135,'1735110581201',2),(201404147,'2014-03-01',135,'1777472851204',2),(201404148,'2014-03-01',135,'1683894951202',2),(201404149,'2014-03-01',135,'1776143901101',2),(201404150,'2014-03-01',135,'1764361541203',2),(201404151,'2014-03-01',135,'1771695240114',2),(201404152,'2014-03-01',135,'1761787671201',2),(201404153,'2014-03-01',135,'2299286091223',2),(201404154,'2014-03-01',135,'2343462211219',2),(201404157,'2014-03-01',135,'2056346721226',2),(201404158,'2014-03-01',135,'1942546701203',2),(201404159,'2014-03-01',135,'1660481511215',2),(201404160,'2014-03-01',135,'1732714481229',2),(201404161,'2014-03-01',135,'2440331881209',2),(201404162,'2014-03-01',135,'1940126461206',2),(201404163,'2014-03-01',135,'1672363931204',2),(201404164,'2014-03-01',135,'1739675151202',2),(201404165,'2014-03-01',135,'2132860331215',2),(201404166,'2014-03-01',135,'1739683331202',2),(201404167,'2014-03-01',135,'1739674421202',2),(201405168,'2014-03-01',135,'1660058781213',3),(201405169,'2014-03-01',135,'2164026381202',3),(201405170,'2014-03-01',135,'1882310801203',3),(201405171,'2014-03-01',135,'2244494941225',3),(201405172,'2014-03-01',135,'2177062071203',3),(201405173,'2014-03-01',135,'1879052661226',3),(201405174,'2014-03-01',135,'2498097611201',3),(201405176,'2014-03-01',135,'2280065701226',3),(201405177,'2014-03-01',135,'1887282951203',3),(201405178,'2014-03-01',135,'1834942101202',3),(201405179,'2014-03-01',135,'1682264481215',3),(201405180,'2014-03-01',135,'2744002351201',3),(201405181,'2014-03-01',135,'2194454511204',3),(201405182,'2014-03-01',135,'1964693411201',3),(201405183,'2014-03-01',135,'2599975361204',3),(201405184,'2014-03-01',135,'1937781731202',3),(201405185,'2014-03-01',135,'1729860001202',3),(201405187,'2014-03-01',135,'2063171581203',3),(201405188,'2014-03-01',135,'2292588591202',3),(201405189,'2014-03-01',135,'1660968651202',3),(201405190,'2014-03-01',135,'2409966231202',3),(201405191,'2014-03-01',135,'2727006141101',3),(201405192,'2014-03-01',135,'2366094161216',3),(201405193,'2014-03-01',135,'2257095111226',3),(201405194,'2014-03-01',135,'2567644761226',3),(201405195,'2014-03-01',135,'2736980281202',3),(201405196,'2014-03-01',135,'1741074471301',3),(201405197,'2014-03-01',135,'1920816081213',3),(201405198,'2014-03-01',135,'2249776361219',3),(201405199,'2014-03-01',135,'2056346801226',3),(201405200,'2014-03-01',135,'1995004361202',3),(201405201,'2014-03-01',135,'2360983220101',3),(201405202,'2014-03-01',135,'2631839981216',3),(201405203,'2014-03-01',135,'1848490981215',3),(201405204,'2014-03-01',135,'1819017651216',3),(201405205,'2014-03-01',135,'2406349501202',3),(201405206,'2014-03-01',135,'2347781481204',3),(201405207,'2014-03-01',135,'2327473421202',3),(201405208,'2014-03-01',135,'1757984001204',3),(201405209,'2014-03-01',135,'1764426261203',3),(201405210,'2014-03-01',135,'2635281461201',3),(201405211,'2014-03-01',135,'2704731221215',3),(201405212,'2014-03-01',135,'2549446201108',3),(201405213,'2014-03-01',135,'2350324841204',3),(201405214,'2014-03-01',135,'1669733431201',3),(201405215,'2014-03-01',135,'2097009631204',3),(201405216,'2014-03-01',135,'1805437411229',3),(201405217,'2014-03-01',135,'2654844801202',3),(201405218,'2014-03-01',135,'2329806161101',3),(201405219,'2014-03-01',135,'1866087800904',3),(201405220,'2014-03-01',135,'2753027251201',3),(201405221,'2014-03-01',135,'2065184121202',3),(201405222,'2014-03-01',135,'1726778741224',3),(201405223,'2014-03-01',135,'1742074471301',3),(201405224,'2014-03-01',135,'1995150071203',3),(201405225,'2014-03-01',135,'2707315710920',3),(201405226,'2014-03-01',135,'2051655081202',3),(201405228,'2014-03-01',135,'1985007771202',3),(201405229,'2014-03-01',135,'1685710481202',3),(201405230,'2014-03-01',135,'1679225641202',3),(201405231,'2014-03-01',135,'2443420241202',3),(201405232,'2014-03-01',135,'1622306721210',3),(201406104,'2014-03-01',135,'2123941181213',4),(201406105,'2014-03-01',135,'1764424721203',4),(201406106,'2014-03-01',135,'1764363241203',4),(201406107,'2014-03-01',135,'1919438050101',4),(201406109,'2014-03-01',135,'1679229551202',4),(201406110,'2014-03-01',135,'1639723381202',4),(201406111,'2014-03-01',135,'2333256541108',4),(201406112,'2014-03-01',135,'2318708841204',4),(201406113,'2014-03-01',135,'1995874930101',4),(201406114,'2014-03-01',135,'2441798511216',4),(201406115,'2014-03-01',135,'2549240931229',4),(201406116,'2014-03-01',135,'2270008621320',4),(201406117,'2014-03-01',135,'2713720361203',4),(201406118,'2014-03-01',135,'2127352561209',4),(201406119,'2014-03-01',135,'1929579291203',4),(201406120,'2014-03-01',135,'1942320422121',4),(201406121,'2014-03-01',135,'2165879801210',4),(201406122,'2014-03-01',135,'2165288601215',4),(201406123,'2014-03-01',135,'2293309671202',4),(201406124,'2014-03-01',135,'1659725561202',4),(201406125,'2014-03-01',135,'1979572261101',4),(201406126,'2014-03-01',135,'2109363041226',4),(201406127,'2014-03-01',135,'1935026901229',4),(201406128,'2014-03-01',135,'2270938601007',4),(201406129,'2014-03-01',135,'1878689211204',4),(201406130,'2014-03-01',135,'2458075351213',4),(201406131,'2014-03-01',135,'1816678511216',4),(201406132,'2014-03-01',135,'1641454271202',4),(201406133,'2014-03-01',135,'1741805271202',4),(201406134,'2014-03-01',135,'1804695840911',4),(201406135,'2014-03-01',135,'1953086111101',4),(201406136,'2014-03-01',135,'2433560991204',4),(201406137,'2014-03-01',135,'1922157791204',4),(201406138,'2014-03-01',135,'2398366991321',4),(201406139,'2014-03-01',135,'2439457521216',4),(201406141,'2014-03-01',135,'2166359341215',4),(201406142,'2014-03-01',135,'1667022931220',4),(201406143,'2014-03-01',135,'2137058261207',4),(201406144,'2014-03-01',135,'1732713671229',4),(201406145,'2014-03-01',135,'1909211531201',4),(201406147,'2014-03-01',135,'2109076651203',4),(201406148,'2014-03-01',135,'1734194881217',4),(201406149,'2014-03-01',135,'1764376061203',4),(201406150,'2014-03-01',135,'2085244351229',4),(201406151,'2014-03-01',135,'1630405751201',4),(201406152,'2014-03-01',135,'1930708551204',4),(201406153,'2014-03-01',135,'1912790481301',4),(201406154,'2014-03-01',135,'2295765321202',4),(201406155,'2014-03-01',135,'2507517631213',4),(201406156,'2014-03-01',135,'2169066441202',4),(201406157,'2014-03-01',135,'1855985871202',4),(201406158,'2014-03-01',135,'1827660471101',4),(201406160,'2014-03-01',135,'2324881181206',4),(201406161,'2014-03-01',135,'2197783451223',4),(201406162,'2014-03-01',135,'1633547971503',4),(201406163,'2014-03-01',135,'1771076691215',4),(201406164,'2014-03-01',135,'1704310371216',4),(201406165,'2014-03-01',135,'1990915441202',4),(201406166,'2014-03-01',135,'1938038281214',4),(201502101,'2015-03-10',130,'1729893101202',1),(201502102,'2015-03-10',130,'2484976770101',1),(201502103,'2015-03-10',130,'2146293921109',1),(201502104,'2015-03-10',130,'2116599321202',1),(201502105,'2015-03-10',130,'2061230861202',1),(201502106,'2015-03-10',130,'1644167171202',1),(201502107,'2015-03-10',130,'2052165871202',1),(201502108,'2015-03-10',130,'1951219880919',1),(201502110,'2015-03-10',130,'1599675891202',1),(201502111,'2015-03-10',130,'2636731381206',1),(201502112,'2015-03-10',130,'2668415031202',1),(201502113,'2015-03-10',130,'2305549541214',1),(201502114,'2015-03-10',130,'2326028241202',1),(201502116,'2015-03-10',130,'2552761251228',1),(201502117,'2015-03-10',130,'2256193851109',1),(201502118,'2015-03-10',130,'2122224301229',1),(201502119,'2015-03-10',130,'2387778041216',1),(201502121,'2015-03-10',130,'1652913701202',1),(201502122,'2015-03-10',130,'1901717821229',1),(201502123,'2015-03-10',130,'1894074921201',1),(201502125,'2015-03-10',130,'1685117381201',1),(201502126,'2015-03-10',130,'1903032041204',1),(201502127,'2015-03-10',130,'2775498901203',1),(201502129,'2015-03-10',130,'2328388441204',1),(201502130,'2015-03-10',130,'2630370881215',1),(201502131,'2015-03-10',130,'2060201391204',1),(201502132,'2015-03-10',130,'1950614701204',1),(201502133,'2015-03-10',130,'2882292171217',1),(201502134,'2015-03-10',130,'2667281971201',1),(201502135,'2015-03-10',130,'2461488961106',1),(201502136,'2015-03-10',130,'1858983781223',1),(201502137,'2015-03-10',130,'1671465481207',1),(201502138,'2015-03-10',130,'2452942361219',1),(201502139,'2015-03-10',130,'1725262721204',1),(201502140,'2015-03-10',130,'2223085241201',1),(201502141,'2015-03-10',130,'2701687370101',1),(201502142,'2015-03-10',130,'1765314241202',1),(201502143,'2015-03-10',130,'2114563811219',1),(201502144,'2015-03-10',130,'2316238871207',1),(201502145,'2015-03-10',130,'2115547071204',1),(201502146,'2015-03-10',130,'2506094360904',1),(201502147,'2015-03-10',130,'2495944711219',1),(201502148,'2015-03-10',130,'2595286330917',1),(201502149,'2015-03-10',130,'1729887641202',1),(201502150,'2015-03-10',130,'1753564751002',1),(201502151,'2015-03-10',130,'2085146511203',1),(201502152,'2015-03-10',130,'2309054121202',1),(201502153,'2015-03-10',130,'1852492991102',1),(201502154,'2015-03-10',130,'1660962961202',1),(201502155,'2015-03-10',130,'1940876541201',1),(201502156,'2015-03-10',130,'1685102001203',1),(201502157,'2015-03-10',130,'1925655401109',1),(201502158,'2015-03-10',130,'2083208220906',1),(201502159,'2015-03-10',130,'2393353251203',1),(201502160,'2015-03-10',130,'1585607520101',1),(201502161,'2015-03-10',130,'1963762461202',1),(201502162,'2015-03-10',130,'1890486771221',1),(201502163,'2015-03-10',130,'1830345461208',1),(201502164,'2015-03-10',130,'2697157461202',1),(201502165,'2015-03-10',130,'1772142521213',1),(201502166,'2015-03-10',130,'2686162641202',1),(201503101,'2015-03-10',150,'1746713931203',2),(201503102,'2015-03-10',150,'2233230711210',2),(201503103,'2015-03-10',150,'2340760621215',2),(201503105,'2015-03-10',150,'2330682441225',2),(201503106,'2015-03-10',150,'2143481561203',2),(201503107,'2015-03-10',150,'2122196931206',2),(201503108,'2015-03-10',150,'1599104041101',2),(201503110,'2015-03-10',150,'2327042360316',2),(201503111,'2015-03-10',150,'2458963921204',2),(201503112,'2015-03-10',150,'1925599581215',2),(201503113,'2015-03-10',150,'2333571301203',2),(201503114,'2015-03-10',150,'1585408241211',2),(201503115,'2015-03-10',150,'2275540431223',2),(201503116,'2015-03-10',150,'1835162571215',2),(201503117,'2015-03-10',150,'2044688331220',2),(201503118,'2015-03-10',150,'1991708431211',2),(201503120,'2015-03-10',150,'2290545361204',2),(201503121,'2015-03-10',150,'1828359011212',2),(201503122,'2015-03-10',150,'2229104961202',2),(201503123,'2015-03-10',150,'2172177611202',2),(201503124,'2015-03-10',150,'1646016031203',2),(201503125,'2015-03-10',150,'1964806151204',2),(201503126,'2015-03-10',150,'1861842391213',2),(201503127,'2015-03-10',150,'1672072531109',2),(201503128,'2015-03-10',150,'1806667381202',2),(201503129,'2015-03-10',150,'1958991211216',2),(201503130,'2015-03-10',150,'1681280121202',2),(201503131,'2015-03-10',150,'2590659801202',2),(201503132,'2015-03-10',150,'2210392951203',2),(201503133,'2015-03-10',150,'2156046871214',2),(201503134,'2015-03-10',150,'2086673851301',2),(201503135,'2015-03-10',150,'1699113651202',2),(201503136,'2015-03-10',150,'1698103131201',2),(201503137,'2015-03-10',150,'1667101641207',2),(201503138,'2015-03-10',150,'1641450441229',2),(201503139,'2015-03-10',150,'2512457050114',2),(201503140,'2015-03-10',150,'2143976291227',2),(201503141,'2015-03-10',150,'2326761431203',2),(201503142,'2015-03-10',150,'2267518051202',2),(201503143,'2015-03-10',150,'2256791761209',2),(201503144,'2015-03-10',150,'2205720381203',2),(201503145,'2015-03-10',150,'1623967911201',2),(201503146,'2015-03-10',150,'2342572451202',2),(201503147,'2015-03-10',150,'1704116641202',2),(201503148,'2015-03-10',150,'2187239891213',2),(201503149,'2015-03-10',150,'2054037781202',2),(201503150,'2015-03-10',150,'1746709661204',2),(201503151,'2015-03-10',150,'2535408281229',2),(201503152,'2015-03-10',150,'2257611301302',2),(201503153,'2015-03-10',150,'2113369981202',2),(201503154,'2015-03-10',150,'2061235071203',2),(201503155,'2015-03-10',150,'1904293641215',2),(201503156,'2015-03-10',150,'1696125111216',2),(201503157,'2015-03-10',150,'2304798391203',2),(201503158,'2015-03-10',150,'1738782371204',2),(201503159,'2015-03-10',150,'2571077701217',2),(201503160,'2015-03-10',150,'2310935781213',2),(201503161,'2015-03-10',150,'2208350041228',2),(201503162,'2015-03-10',150,'1742033221217',2),(201503163,'2015-03-10',150,'2335713611202',2),(201503164,'2015-03-10',150,'2115190931149',2),(201503165,'2015-03-10',150,'2310348491201',2),(201503166,'2015-03-10',150,'2076844801202',2),(201504101,'2015-03-10',150,'1961946361203',3),(201504102,'2015-03-10',150,'1831883811229',3),(201504103,'2015-03-10',150,'1922122061216',3),(201504104,'2015-03-10',150,'2097236371217',3),(201504105,'2015-03-10',150,'1947497111229',3),(201504107,'2015-03-10',150,'1685098731203',3),(201504108,'2015-03-10',150,'1913149351207',3),(201504109,'2015-03-10',150,'2650623221210',3),(201504110,'2015-03-10',150,'1642840280805',3),(201504112,'2015-03-10',150,'2727585311202',3),(201504113,'2015-03-10',150,'1942627742101',3),(201504114,'2015-03-10',150,'2306716241202',3),(201504115,'2015-03-10',150,'1983994561223',3),(201504116,'2015-03-10',150,'2884021871223',3),(201504117,'2015-03-10',150,'1906431451226',3),(201504118,'2015-03-10',150,'190117951202',3),(201504119,'2015-03-10',150,'1588737071204',3),(201504120,'2015-03-10',150,'1895051091203',3),(201504121,'2015-03-10',150,'1685108981202',3),(201504122,'2015-03-10',150,'1755668281215',3),(201504123,'2015-03-10',150,'1578899041201',3),(201504124,'2015-03-10',150,'2071574481212',3),(201504125,'2015-03-10',150,'2675000251226',3),(201504126,'2015-03-10',150,'2740427971202',3),(201504127,'2015-03-10',150,'2367881831215',3),(201504128,'2015-03-10',150,'1998168591410',3),(201504129,'2015-03-10',150,'1690554341108',3),(201504130,'2015-03-10',150,'1767447031216',3),(201504131,'2015-03-10',150,'1729836651218',3),(201504132,'2015-03-10',150,'1893199251202',3),(201504133,'2015-03-10',150,'2273828381202',3),(201504134,'2015-03-10',150,'2600446361201',3),(201504135,'2015-03-10',150,'2197723391213',3),(201504136,'2015-03-10',150,'1859438101226',3),(201504137,'2015-03-10',150,'1692647341216',3),(201504139,'2015-03-10',150,'1828812451202',3),(201504140,'2015-03-10',150,'2313573890906',3),(201504141,'2015-03-10',150,'1717380711203',3),(201504142,'2015-03-10',150,'1764379401203',3),(201504143,'2015-03-10',150,'2727892241202',3),(201504144,'2015-03-10',150,'2318209331202',3),(201504145,'2015-03-10',150,'2583499481201',3),(201504146,'2015-03-10',150,'1735110581201',3),(201504147,'2015-03-10',150,'1777472851204',3),(201504148,'2015-03-10',150,'1683894951202',3),(201504149,'2015-03-10',150,'1776143901101',3),(201504150,'2015-03-10',150,'1764361541203',3),(201504151,'2015-03-10',150,'1771695240114',3),(201504152,'2015-03-10',150,'1761787671201',3),(201504153,'2015-03-10',150,'2299286091223',3),(201504154,'2015-03-10',150,'2343462211219',3),(201504157,'2015-03-10',150,'2056346721226',3),(201504158,'2015-03-10',150,'1942546701203',3),(201504159,'2015-03-10',150,'1660481511215',3),(201504160,'2015-03-10',150,'1732714481229',3),(201504161,'2015-03-10',150,'2440331881209',3),(201504162,'2015-03-10',150,'1940126461206',3),(201504163,'2015-03-10',150,'1672363931204',3),(201504164,'2015-03-10',150,'1739675151202',3),(201504165,'2015-03-10',150,'2132860331215',3),(201504166,'2015-03-10',150,'1739683331202',3),(201504167,'2015-03-10',150,'1739674421202',3),(201505168,'2015-03-10',150,'1660058781213',4),(201505169,'2015-03-10',150,'2164026381202',4),(201505170,'2015-03-10',150,'1882310801203',4),(201505171,'2015-03-10',150,'2244494941225',4),(201505172,'2015-03-10',150,'2177062071203',4),(201505173,'2015-03-10',150,'1879052661226',4),(201505174,'2015-03-10',150,'2498097611201',4),(201505176,'2015-03-10',150,'2280065701226',4),(201505177,'2015-03-10',150,'1887282951203',4),(201505178,'2015-03-10',150,'1834942101202',4),(201505179,'2015-03-10',150,'1682264481215',4),(201505180,'2015-03-10',150,'2744002351201',4),(201505181,'2015-03-10',150,'2194454511204',4),(201505182,'2015-03-10',150,'1964693411201',4),(201505183,'2015-03-10',150,'2599975361204',4),(201505184,'2015-03-10',150,'1937781731202',4),(201505185,'2015-03-10',150,'1729860001202',4),(201505187,'2015-03-10',150,'2063171581203',4),(201505188,'2015-03-10',150,'2292588591202',4),(201505189,'2015-03-10',150,'1660968651202',4),(201505190,'2015-03-10',150,'2409966231202',4),(201505191,'2015-03-10',150,'2727006141101',4),(201505192,'2015-03-10',150,'2366094161216',4),(201505193,'2015-03-10',150,'2257095111226',4),(201505194,'2015-03-10',150,'2567644761226',4),(201505195,'2015-03-10',150,'2736980281202',4),(201505196,'2015-03-10',150,'1741074471301',4),(201505197,'2015-03-10',150,'1920816081213',4),(201505198,'2015-03-10',150,'2249776361219',4),(201505199,'2015-03-10',150,'2056346801226',4),(201505200,'2015-03-10',150,'1995004361202',4),(201505201,'2015-03-10',150,'2360983220101',4),(201505202,'2015-03-10',150,'2631839981216',4),(201505203,'2015-03-10',150,'1848490981215',4),(201505204,'2015-03-10',150,'1819017651216',4),(201505205,'2015-03-10',150,'2406349501202',4),(201505206,'2015-03-10',150,'2347781481204',4),(201505207,'2015-03-10',150,'2327473421202',4),(201505208,'2015-03-10',150,'1757984001204',4),(201505209,'2015-03-10',150,'1764426261203',4),(201505210,'2015-03-10',150,'2635281461201',4),(201505211,'2015-03-10',150,'2704731221215',4),(201505212,'2015-03-10',150,'2549446201108',4),(201505213,'2015-03-10',150,'2350324841204',4),(201505214,'2015-03-10',150,'1669733431201',4),(201505215,'2015-03-10',150,'2097009631204',4),(201505216,'2015-03-10',150,'1805437411229',4),(201505217,'2015-03-10',150,'2654844801202',4),(201505218,'2015-03-10',150,'2329806161101',4),(201505219,'2015-03-10',150,'1866087800904',4),(201505220,'2015-03-10',150,'2753027251201',4),(201505221,'2015-03-10',150,'2065184121202',4),(201505222,'2015-03-10',150,'1726778741224',4),(201505223,'2015-03-10',150,'1742074471301',4),(201505224,'2015-03-10',150,'1995150071203',4),(201505225,'2015-03-10',150,'2707315710920',4),(201505226,'2015-03-10',150,'2051655081202',4),(201505228,'2015-03-10',150,'1985007771202',4),(201505229,'2015-03-10',150,'1685710481202',4),(201505230,'2015-03-10',150,'1679225641202',4),(201505231,'2015-03-10',150,'2443420241202',4),(201505232,'2015-03-10',150,'1622306721210',4),(201506104,'2015-03-10',150,'2123941181213',5),(201506105,'2015-03-10',150,'1764424721203',5),(201506106,'2015-03-10',150,'1764363241203',5),(201506107,'2015-03-10',150,'1919438050101',5),(201506109,'2015-03-10',150,'1679229551202',5),(201506110,'2015-03-10',150,'1639723381202',5),(201506111,'2015-03-10',150,'2333256541108',5),(201506112,'2015-03-10',150,'2318708841204',5),(201506113,'2015-03-10',150,'1995874930101',5),(201506114,'2015-03-10',150,'2441798511216',5),(201506115,'2015-03-10',150,'2549240931229',5),(201506116,'2015-03-10',150,'2270008621320',5),(201506117,'2015-03-10',150,'2713720361203',5),(201506118,'2015-03-10',150,'2127352561209',5),(201506119,'2015-03-10',150,'1929579291203',5),(201506120,'2015-02-17',150,'1942320422121',5),(201506121,'2015-02-17',150,'2165879801210',5),(201506122,'2015-02-17',150,'2165288601215',5),(201506123,'2015-02-17',150,'2293309671202',5),(201506124,'2015-02-17',150,'1659725561202',5),(201506125,'2015-02-17',150,'1979572261101',5),(201506126,'2015-02-17',150,'2109363041226',5),(201506127,'2015-02-17',150,'1935026901229',5),(201506128,'2015-02-17',150,'2270938601007',5),(201506129,'2015-02-17',150,'1878689211204',5),(201506130,'2015-02-17',150,'2458075351213',5),(201506131,'2015-02-17',150,'1816678511216',5),(201506132,'2015-02-17',150,'1641454271202',5),(201506133,'2015-02-17',150,'1741805271202',5),(201506134,'2015-02-17',150,'1804695840911',5),(201506135,'2015-02-17',150,'1953086111101',5),(201506136,'2015-02-17',150,'2433560991204',5),(201506137,'2015-02-17',150,'1922157791204',5),(201506138,'2015-02-17',150,'2398366991321',5),(201506139,'2015-02-17',150,'2439457521216',5),(201506141,'2015-02-17',150,'2166359341215',5),(201506142,'2015-02-17',150,'1667022931220',5),(201506143,'2015-02-17',150,'2137058261207',5),(201506144,'2015-02-17',150,'1732713671229',5),(201506145,'2015-02-17',150,'1909211531201',5),(201506147,'2015-02-17',150,'2109076651203',5),(201506148,'2015-02-17',150,'1734194881217',5),(201506149,'2015-02-17',150,'1764376061203',5),(201506150,'2015-02-17',150,'2085244351229',5),(201506151,'2015-02-17',150,'1630405751201',5),(201506152,'2015-02-17',150,'1930708551204',5),(201506153,'2015-02-17',150,'1912790481301',5),(201506154,'2015-02-17',150,'2295765321202',5),(201506155,'2015-02-17',150,'2507517631213',5),(201506156,'2015-02-17',150,'2169066441202',5),(201506157,'2015-02-17',150,'1855985871202',5),(201506158,'2015-02-17',150,'1827660471101',5),(201506160,'2015-02-17',150,'2324881181206',5),(201506161,'2015-02-17',150,'2197783451223',5),(201506162,'2015-02-17',150,'1633547971503',5),(201506163,'2015-02-17',150,'1771076691215',5),(201506164,'2015-02-17',150,'1704310371216',5),(201506165,'2015-02-17',150,'1990915441202',5),(201506166,'2015-02-17',150,'1938038281214',5),(201601101,'2016-02-17',150,'1576280861306',1),(201601102,'2016-02-17',150,'1903717301215',1),(201601103,'2016-02-17',150,'2426126791416',1),(201601104,'2016-02-17',150,'2593609290920',1),(201601105,'2016-02-17',150,'2465452401226',1),(201601106,'2016-02-17',150,'1900973371214',1),(201601107,'2016-02-17',150,'2342242821211',1),(201601108,'2016-02-17',150,'1859030611204',1),(201601109,'2016-02-17',150,'1733964021211',1),(201601110,'2016-02-17',150,'2491935311221',1),(201601111,'2016-02-17',150,'1764704251202',1),(201601112,'2016-02-17',150,'1830128521203',1),(201601113,'2016-02-17',150,'2143605391223',1),(201601114,'2016-02-17',150,'2143038961229',1),(201601115,'2016-02-17',150,'2615777511226',1),(201601116,'2016-02-17',150,'2674443461201',1),(201601117,'2016-02-17',150,'2518339090101',1),(201601118,'2016-02-17',150,'2662066621108',1),(201601119,'2016-02-17',150,'2608160861207',1),(201601120,'2016-02-17',150,'2609160861207',1),(201601121,'2016-02-17',150,'2610160861207',1),(201601122,'2016-02-17',150,'2671331031226',1),(201601123,'2016-02-17',150,'2284488751226',1),(201601124,'2016-02-17',150,'1644311611202',1),(201601125,'2016-02-17',150,'1970424811216',1),(201601126,'2016-02-17',150,'2549002671202',1),(201601127,'2016-02-17',150,'2309536621202',1),(201601128,'2016-02-17',150,'2171453881226',1),(201601129,'2016-02-17',150,'2153155021229',1),(201601130,'2016-02-17',150,'1738601921229',1),(201601131,'2016-02-17',150,'1719135311203',1),(201601132,'2016-02-17',150,'1989590601202',1),(201601133,'2016-02-17',150,'1826744520906',1),(201601134,'2016-02-17',150,'1781283921219',1),(201601135,'2016-02-17',150,'1830138751203',1),(201601136,'2016-02-17',150,'2659522981202',1),(201601137,'2016-02-17',150,'2339291261109',1),(201601138,'2016-02-17',150,'2142010741202',1),(201601139,'2016-02-17',150,'1773139941227',1),(201601140,'2016-02-17',150,'1949992971214',1),(201601141,'2016-02-17',150,'1860400241201',1),(201601142,'2016-02-17',150,'2126442111202',1),(201601143,'2016-02-17',150,'1776823291204',1),(201601144,'2016-02-17',150,'2664048201109',1),(201601145,'2016-02-17',150,'1710423281204',1),(201601146,'2016-02-17',150,'1727610181202',1),(201601147,'2016-02-17',150,'1702768561202',1),(201601148,'2016-02-17',150,'2430828191201',1),(201601149,'2016-02-17',150,'1695746011204',1),(201601150,'2016-02-17',150,'2697574221202',1),(201601151,'2016-02-17',150,'1947532391215',1),(201601152,'2016-02-17',150,'1959126911202',1),(201601153,'2016-02-17',150,'1983922731216',1),(201601154,'2016-02-17',150,'2721442871215',1),(201601155,'2016-02-17',150,'2722442871215',1),(201601156,'2016-02-17',150,'2721273961202',1),(201601157,'2016-02-17',150,'2112127761210',1),(201601158,'2016-02-17',150,'1860388951204',1),(201602101,'2016-02-17',150,'1729893101202',2),(201602102,'2016-02-17',150,'2484976770101',2),(201602103,'2016-02-17',150,'2146293921109',2),(201602104,'2016-02-17',150,'2116599321202',2),(201602105,'2016-02-17',150,'2061230861202',2),(201602106,'2016-02-17',150,'1644167171202',2),(201602107,'2016-02-17',150,'2052165871202',2),(201602108,'2016-02-17',150,'1951219880919',2),(201602109,'2016-02-17',150,'2284464221109',2),(201602110,'2016-02-17',150,'1599675891202',2),(201602111,'2016-02-17',150,'2636731381206',2),(201602112,'2016-02-17',150,'2668415031202',2),(201602113,'2016-02-17',150,'2305549541214',2),(201602114,'2016-02-17',150,'2326028241202',2),(201602115,'2016-02-17',150,'1738716311207',2),(201602116,'2016-02-17',150,'2552761251228',2),(201602117,'2016-02-17',150,'2256193851109',2),(201602118,'2016-02-17',150,'2122224301229',2),(201602119,'2016-02-17',150,'2387778041216',2),(201602120,'2016-02-17',150,'1733701791204',2),(201602121,'2016-02-17',150,'1652913701202',2),(201602122,'2016-02-17',150,'1901717821229',2),(201602123,'2016-02-17',150,'1894074921201',2),(201602124,'2016-02-17',150,'2103434190916',2),(201602125,'2016-02-17',150,'1685117381201',2),(201602126,'2016-02-17',150,'1903032041204',2),(201602127,'2016-02-17',150,'2775498901203',2),(201602128,'2016-02-17',150,'1840014551202',2),(201602129,'2016-02-17',150,'2328388441204',2),(201602130,'2016-02-17',150,'2630370881215',2),(201602131,'2016-02-17',150,'2060201391204',2),(201602132,'2016-02-17',150,'1950614701204',2),(201602133,'2016-02-17',150,'2882292171217',2),(201602134,'2016-02-17',150,'2667281971201',2),(201602135,'2016-02-17',150,'2461488961106',2),(201602136,'2016-02-17',150,'1858983781223',2),(201602137,'2016-02-17',150,'1671465481207',2),(201602138,'2016-02-17',150,'2452942361219',2),(201602139,'2016-02-17',150,'1725262721204',2),(201602140,'2016-02-17',150,'2223085241201',2),(201602141,'2016-02-17',150,'2701687370101',2),(201602142,'2016-02-17',150,'1765314241202',2),(201602143,'2016-02-17',150,'2114563811219',2),(201602144,'2016-02-17',150,'2316238871207',2),(201602145,'2016-02-17',150,'2115547071204',2),(201602146,'2016-02-17',150,'2506094360904',2),(201602147,'2016-02-17',150,'2495944711219',2),(201602148,'2016-02-17',150,'2595286330917',2),(201602149,'2016-02-17',150,'1729887641202',2),(201602150,'2016-02-17',150,'1753564751002',2),(201602151,'2016-02-17',150,'2085146511203',2),(201602152,'2016-02-17',150,'2309054121202',2),(201602153,'2016-02-17',150,'1852492991102',2),(201602154,'2016-02-17',150,'1660962961202',2),(201602155,'2016-02-17',150,'1940876541201',2),(201602156,'2016-02-17',150,'1685102001203',2),(201602157,'2016-02-17',150,'1925655401109',2),(201602158,'2016-02-17',150,'2083208220906',2),(201602159,'2016-02-17',150,'2393353251203',2),(201602160,'2016-02-17',150,'1585607520101',2),(201602161,'2016-02-17',150,'1963762461202',2),(201602162,'2016-02-17',150,'1890486771221',2),(201602163,'2016-02-17',150,'1830345461208',2),(201602164,'2016-02-17',150,'2697157461202',2),(201602165,'2016-02-17',150,'1772142521213',2),(201602166,'2016-02-17',150,'2686162641202',2),(201603101,'2016-02-17',150,'1746713931203',3),(201603102,'2016-02-17',150,'2233230711210',3),(201603103,'2016-02-17',150,'2340760621215',3),(201603104,'2016-02-17',150,'1824830101215',3),(201603105,'2016-02-17',150,'2330682441225',3),(201603106,'2016-02-17',150,'2143481561203',3),(201603107,'2016-02-17',150,'2122196931206',3),(201603108,'2016-02-17',150,'1599104041101',3),(201603109,'2016-02-17',150,'1996844801213',3),(201603110,'2016-02-17',150,'2327042360316',3),(201603111,'2016-02-17',150,'2458963921204',3),(201603112,'2016-02-17',150,'1925599581215',3),(201603113,'2016-02-17',150,'2333571301203',3),(201603114,'2016-02-17',150,'1585408241211',3),(201603115,'2016-02-17',150,'2275540431223',3),(201603116,'2016-02-17',150,'1835162571215',3),(201603117,'2016-02-17',150,'2044688331220',3),(201603118,'2016-02-17',150,'1991708431211',3),(201603119,'2016-02-17',150,'2074871541202',3),(201603120,'2016-02-17',150,'2290545361204',3),(201603121,'2016-02-17',150,'1828359011212',3),(201603122,'2016-02-17',150,'2229104961202',3),(201603123,'2016-02-17',150,'2172177611202',3),(201603124,'2016-02-17',150,'1646016031203',3),(201603125,'2016-02-17',150,'1964806151204',3),(201603126,'2016-02-17',150,'1861842391213',3),(201603127,'2016-02-17',150,'1672072531109',3),(201603128,'2016-02-17',150,'1806667381202',3),(201603129,'2016-02-17',150,'1958991211216',3),(201603130,'2016-02-17',150,'1681280121202',3),(201603131,'2016-02-17',150,'2590659801202',3),(201603132,'2016-02-17',150,'2210392951203',3),(201603133,'2016-02-17',150,'2156046871214',3),(201603134,'2016-02-17',150,'2086673851301',3),(201603135,'2016-02-17',150,'1699113651202',3),(201603136,'2016-02-17',150,'1698103131201',3),(201603137,'2016-02-17',150,'1667101641207',3),(201603138,'2016-02-17',150,'1641450441229',3),(201603139,'2016-02-17',150,'2512457050114',3),(201603140,'2016-02-17',150,'2143976291227',3),(201603141,'2016-02-17',150,'2326761431203',3),(201603142,'2016-02-17',150,'2267518051202',3),(201603143,'2016-02-17',150,'2256791761209',3),(201603144,'2016-02-17',150,'2205720381203',3),(201603145,'2016-02-17',150,'1623967911201',3),(201603146,'2016-02-17',150,'2342572451202',3),(201603147,'2016-02-17',150,'1704116641202',3),(201603148,'2016-02-17',150,'2187239891213',3),(201603149,'2016-02-17',150,'2054037781202',3),(201603150,'2016-02-17',150,'1746709661204',3),(201603151,'2016-02-17',150,'2535408281229',3),(201603152,'2016-02-17',150,'2257611301302',3),(201603153,'2016-02-17',150,'2113369981202',3),(201603154,'2016-02-17',150,'2061235071203',3),(201603155,'2016-02-17',150,'1904293641215',3),(201603156,'2016-02-17',150,'1696125111216',3),(201603157,'2016-02-17',150,'2304798391203',3),(201603158,'2016-02-17',150,'1738782371204',3),(201603159,'2016-02-17',150,'2571077701217',3),(201603160,'2016-02-17',150,'2310935781213',3),(201603161,'2016-02-17',150,'2208350041228',3),(201603162,'2016-02-17',150,'1742033221217',3),(201603163,'2016-02-17',150,'2335713611202',3),(201603164,'2016-02-17',150,'2115190931149',3),(201603165,'2016-02-17',150,'2310348491201',3),(201603166,'2016-02-17',150,'2076844801202',3),(201604101,'2016-02-17',150,'1961946361203',4),(201604102,'2016-02-17',150,'1831883811229',4),(201604103,'2016-02-17',150,'1922122061216',4),(201604104,'2016-02-17',150,'2097236371217',4),(201604105,'2016-02-17',150,'1947497111229',4),(201604106,'2016-02-17',150,'1654646581216',4),(201604107,'2016-02-17',150,'1685098731203',4),(201604108,'2016-02-17',150,'1913149351207',4),(201604109,'2016-02-17',150,'2650623221210',4),(201604110,'2016-02-17',150,'1642840280805',4),(201604111,'2016-02-17',150,'2745573391201',4),(201604112,'2016-02-17',150,'2727585311202',4),(201604113,'2016-02-17',150,'1942627742101',4),(201604114,'2016-02-17',150,'2306716241202',4),(201604115,'2016-02-17',150,'1983994561223',4),(201604116,'2016-02-17',150,'2884021871223',4),(201604117,'2016-02-17',150,'1906431451226',4),(201604118,'2016-02-17',150,'190117951202',4),(201604119,'2016-02-17',150,'1588737071204',4),(201604120,'2016-02-17',150,'1895051091203',4),(201604121,'2016-02-17',150,'1685108981202',4),(201604122,'2016-02-17',150,'1755668281215',4),(201604123,'2016-02-17',150,'1578899041201',4),(201604124,'2016-02-17',150,'2071574481212',4),(201604125,'2016-02-17',150,'2675000251226',4),(201604126,'2016-02-17',150,'2740427971202',4),(201604127,'2016-02-17',150,'2367881831215',4),(201604128,'2016-02-17',150,'1998168591410',4),(201604129,'2016-02-17',150,'1690554341108',4),(201604130,'2016-02-17',150,'1767447031216',4),(201604131,'2016-02-17',150,'1729836651218',4),(201604132,'2016-02-17',150,'1893199251202',4),(201604133,'2016-02-17',150,'2273828381202',4),(201604134,'2016-02-17',150,'2600446361201',4),(201604135,'2016-02-17',150,'2197723391213',4),(201604136,'2016-02-17',150,'1859438101226',4),(201604137,'2016-02-17',150,'1692647341216',4),(201604138,'2016-02-17',150,'2596926541223',4),(201604139,'2016-02-17',150,'1828812451202',4),(201604140,'2016-02-17',150,'2313573890906',4),(201604141,'2016-02-17',150,'1717380711203',4),(201604142,'2016-02-17',150,'1764379401203',4),(201604143,'2016-02-17',150,'2727892241202',4),(201604144,'2016-02-17',150,'2318209331202',4),(201604145,'2016-02-17',150,'2583499481201',4),(201604146,'2016-02-17',150,'1735110581201',4),(201604147,'2016-02-17',150,'1777472851204',4),(201604148,'2016-02-17',150,'1683894951202',4),(201604149,'2016-02-17',150,'1776143901101',4),(201604150,'2016-02-17',150,'1764361541203',4),(201604151,'2016-02-17',150,'1771695240114',4),(201604152,'2016-02-17',150,'1761787671201',4),(201604153,'2016-02-17',150,'2299286091223',4),(201604154,'2016-02-17',150,'2343462211219',4),(201604157,'2016-02-17',150,'2056346721226',4),(201604158,'2016-02-17',150,'1942546701203',4),(201604159,'2016-02-17',150,'1660481511215',4),(201604160,'2016-02-17',150,'1732714481229',4),(201604161,'2016-02-17',150,'2440331881209',4),(201604162,'2016-02-17',150,'1940126461206',4),(201604163,'2016-02-17',150,'1672363931204',4),(201604164,'2016-02-17',150,'1739675151202',4),(201604165,'2016-02-17',150,'2132860331215',4),(201604166,'2016-02-17',150,'1739683331202',4),(201604167,'2016-02-17',150,'1739674421202',4),(201605168,'2016-02-17',150,'1660058781213',5),(201605169,'2016-02-17',150,'2164026381202',5),(201605170,'2016-02-17',150,'1882310801203',5),(201605171,'2016-02-17',150,'2244494941225',5),(201605172,'2016-02-17',150,'2177062071203',5),(201605173,'2016-02-17',150,'1879052661226',5),(201605174,'2016-02-17',150,'2498097611201',5),(201605175,'2016-02-17',150,'2373102360919',5),(201605176,'2016-02-17',150,'2280065701226',5),(201605177,'2016-02-17',150,'1887282951203',5),(201605178,'2016-02-17',150,'1834942101202',5),(201605179,'2016-02-17',150,'1682264481215',5),(201605180,'2016-02-17',150,'2744002351201',5),(201605181,'2016-02-17',150,'2194454511204',5),(201605182,'2016-02-17',150,'1964693411201',5),(201605183,'2016-02-17',150,'2599975361204',5),(201605184,'2016-02-17',150,'1937781731202',5),(201605185,'2016-02-17',150,'1729860001202',5),(201605186,'2016-02-17',150,'2509505021202',5),(201605187,'2016-02-17',150,'2063171581203',5),(201605188,'2016-02-17',150,'2292588591202',5),(201605189,'2016-02-17',150,'1660968651202',5),(201605190,'2016-02-17',150,'2409966231202',5),(201605191,'2016-02-17',150,'2727006141101',5),(201605192,'2016-02-17',150,'2366094161216',5),(201605193,'2016-02-17',150,'2257095111226',5),(201605194,'2016-02-17',150,'2567644761226',5),(201605195,'2016-02-17',150,'2736980281202',5),(201605196,'2016-02-17',150,'1741074471301',5),(201605197,'2016-02-17',150,'1920816081213',5),(201605198,'2016-02-17',150,'2249776361219',5),(201605199,'2016-02-17',150,'2056346801226',5),(201605200,'2016-02-17',150,'1995004361202',5),(201605201,'2016-02-17',150,'2360983220101',5),(201605202,'2016-02-17',150,'2631839981216',5),(201605203,'2016-02-17',150,'1848490981215',5),(201605204,'2016-02-17',150,'1819017651216',5),(201605205,'2016-02-17',150,'2406349501202',5),(201605206,'2016-02-17',150,'2347781481204',5),(201605207,'2016-02-17',150,'2327473421202',5),(201605208,'2016-02-17',150,'1757984001204',5),(201605209,'2016-02-17',150,'1764426261203',5),(201605210,'2016-02-17',150,'2635281461201',5),(201605211,'2016-02-17',150,'2704731221215',5),(201605212,'2016-02-17',150,'2549446201108',5),(201605213,'2016-02-17',150,'2350324841204',5),(201605214,'2016-02-17',150,'1669733431201',5),(201605215,'2016-02-17',150,'2097009631204',5),(201605216,'2016-02-17',150,'1805437411229',5),(201605217,'2016-02-17',150,'2654844801202',5),(201605218,'2016-02-17',150,'2329806161101',5),(201605219,'2016-02-17',150,'1866087800904',5),(201605220,'2016-02-17',150,'2753027251201',5),(201605221,'2016-02-17',150,'2065184121202',5),(201605222,'2016-02-17',150,'1726778741224',5),(201605223,'2016-02-17',150,'1742074471301',5),(201605224,'2016-02-17',150,'1995150071203',5),(201605225,'2016-02-17',150,'2707315710920',5),(201605226,'2016-02-17',150,'2051655081202',5),(201605227,'2016-02-17',150,'1606133530602',5),(201605228,'2016-02-17',150,'1985007771202',5),(201605229,'2016-02-17',150,'1685710481202',5),(201605230,'2016-02-17',150,'1679225641202',5),(201605231,'2016-02-17',150,'2443420241202',5),(201605232,'2016-02-17',150,'1622306721210',5),(201606104,'2016-02-17',150,'2123941181213',6),(201606105,'2016-02-17',150,'1764424721203',6),(201606106,'2016-02-17',150,'1764363241203',6),(201606107,'2016-02-17',150,'1919438050101',6),(201606108,'2016-02-17',150,'1582027751202',6),(201606109,'2016-02-17',150,'1679229551202',6),(201606110,'2016-02-17',150,'1639723381202',6),(201606111,'2016-02-17',150,'2333256541108',6),(201606112,'2016-02-17',150,'2318708841204',6),(201606113,'2016-02-17',150,'1995874930101',6),(201606114,'2016-02-17',150,'2441798511216',6),(201606115,'2016-02-17',150,'2549240931229',6),(201606116,'2016-02-17',150,'2270008621320',6),(201606117,'2016-02-17',150,'2713720361203',6),(201606118,'2016-02-17',150,'2127352561209',6),(201606119,'2016-02-17',150,'1929579291203',6),(201606120,'2016-02-17',150,'1942320422121',6),(201606121,'2016-02-17',150,'2165879801210',6),(201606122,'2016-02-17',150,'2165288601215',6),(201606123,'2016-02-17',150,'2293309671202',6),(201606124,'2016-02-17',150,'1659725561202',6),(201606125,'2016-02-17',150,'1979572261101',6),(201606126,'2016-02-17',150,'2109363041226',6),(201606127,'2016-02-17',150,'1935026901229',6),(201606128,'2016-02-17',150,'2270938601007',6),(201606129,'2016-02-17',150,'1878689211204',6),(201606130,'2016-02-17',150,'2458075351213',6),(201606131,'2016-02-17',150,'1816678511216',6),(201606132,'2016-02-17',150,'1641454271202',6),(201606133,'2016-02-17',150,'1741805271202',6),(201606134,'2016-02-17',150,'1804695840911',6),(201606135,'2016-02-17',150,'1953086111101',6),(201606136,'2016-02-17',150,'2433560991204',6),(201606137,'2016-02-17',150,'1922157791204',6),(201606138,'2016-02-17',150,'2398366991321',6),(201606139,'2016-02-17',150,'2439457521216',6),(201606141,'2016-02-17',150,'2166359341215',6),(201606142,'2016-02-17',150,'1667022931220',6),(201606143,'2016-02-17',150,'2137058261207',6),(201606144,'2016-02-17',150,'1732713671229',6),(201606145,'2016-02-17',150,'1909211531201',6),(201606146,'2016-02-17',150,'1587923941214',6),(201606147,'2016-02-17',150,'2109076651203',6),(201606148,'2016-02-17',150,'1734194881217',6),(201606149,'2016-02-17',150,'1764376061203',6),(201606150,'2016-02-17',150,'2085244351229',6),(201606151,'2016-02-17',150,'1630405751201',6),(201606152,'2016-02-17',150,'1930708551204',6),(201606153,'2016-02-17',150,'1912790481301',6),(201606154,'2016-02-17',150,'2295765321202',6),(201606155,'2016-02-17',150,'2507517631213',6),(201606156,'2016-02-17',150,'2169066441202',6),(201606157,'2016-02-17',150,'1855985871202',6),(201606158,'2016-02-17',150,'1827660471101',6),(201606159,'2016-02-17',150,'2283477181215',6),(201606160,'2016-02-17',150,'2324881181206',6),(201606161,'2016-02-17',150,'2197783451223',6),(201606162,'2016-02-17',150,'1633547971503',6),(201606163,'2016-02-17',150,'1771076691215',6),(201606164,'2016-02-17',150,'1704310371216',6),(201606165,'2016-02-17',150,'1990915441202',6),(201606166,'2016-02-17',150,'1938038281214',6);
/*!40000 ALTER TABLE `tbl_matricula` ENABLE KEYS */;
UNLOCK TABLES;

--
-- Table structure for table `tbl_nota`
--

DROP TABLE IF EXISTS `tbl_nota`;
/*!40101 SET @saved_cs_client     = @@character_set_client */;
/*!40101 SET character_set_client = utf8 */;
CREATE TABLE `tbl_nota` (
  `id_nota` int(11) NOT NULL,
  `n1` float DEFAULT NULL,
  `n2` float DEFAULT NULL,
  `n3` float DEFAULT NULL,
  `n4` float DEFAULT NULL,
  `promedio` float DEFAULT NULL,
  `fk_matricula` int(11) NOT NULL,
  `fk_materia` int(11) NOT NULL,
  PRIMARY KEY (`id_nota`),
  KEY `fk_tbl_nota_tbl_matricula1_idx` (`fk_matricula`),
  KEY `fk_tbl_nota_tbl_materia1_idx` (`fk_materia`),
  CONSTRAINT `fk_tbl_nota_tbl_materia1` FOREIGN KEY (`fk_materia`) REFERENCES `tbl_materia` (`id_materia`) ON DELETE NO ACTION ON UPDATE NO ACTION,
  CONSTRAINT `fk_tbl_nota_tbl_matricula1` FOREIGN KEY (`fk_matricula`) REFERENCES `tbl_matricula` (`cod_matricula_id`) ON DELETE NO ACTION ON UPDATE NO ACTION
) ENGINE=InnoDB DEFAULT CHARSET=utf8;
/*!40101 SET character_set_client = @saved_cs_client */;

--
-- Dumping data for table `tbl_nota`
--

LOCK TABLES `tbl_nota` WRITE;
/*!40000 ALTER TABLE `tbl_nota` DISABLE KEYS */;
INSERT INTO `tbl_nota` VALUES (1,60,60,60,60,60,201601101,1001),(2,80,75,69,70,73.5,201601102,1001),(3,100,90,78,80,87,201601103,1001),(4,100,95,87,90,93,201601104,1001),(5,70,62,60,60,63,201601105,1001),(6,99,97,95,90,95.25,201601106,1001),(7,100,99,97,100,99,201601107,1001),(8,60,60,60,60,60,201601108,1001),(9,80,75,69,70,73.5,201601109,1001),(10,100,90,78,80,87,201601110,1001),(11,100,95,87,90,93,201601111,1001),(12,70,62,60,60,63,201601112,1001),(13,99,97,95,90,95.25,201601113,1001),(14,100,99,97,100,99,201601114,1001),(15,60,60,60,60,60,201601115,1001),(16,80,75,69,70,73.5,201601116,1001),(17,100,90,78,80,87,201601117,1001),(18,100,95,87,90,93,201601118,1001),(19,70,62,60,60,63,201601119,1001),(20,99,97,95,90,95.25,201601120,1001),(21,100,99,97,100,99,201601121,1001),(22,60,60,60,60,60,201601122,1001),(23,80,75,69,70,73.5,201601123,1001),(24,100,90,78,80,87,201601124,1001),(25,100,95,87,90,93,201601125,1001),(26,70,62,60,60,63,201601126,1001),(27,99,97,95,90,95.25,201601127,1001),(28,100,99,97,100,99,201601128,1001),(29,60,60,60,60,60,201601129,1001),(30,80,75,69,70,73.5,201601130,1001),(31,100,90,78,80,87,201601131,1001),(32,100,95,87,90,93,201601132,1001),(33,70,62,60,60,63,201601133,1001),(34,99,97,95,90,95.25,201601134,1001),(35,100,99,97,100,99,201601135,1001),(36,70,62,60,60,63,201601136,1001),(37,99,97,95,90,95.25,201601137,1001),(38,100,99,97,100,99,201601138,1001),(39,60,60,60,60,60,201601139,1001),(40,80,75,69,70,73.5,201601140,1001),(41,100,90,78,80,87,201601141,1001),(42,100,95,87,90,93,201601142,1001),(43,70,62,60,60,63,201601143,1001),(44,99,97,95,90,95.25,201601144,1001),(45,100,99,97,100,99,201601145,1001),(46,60,60,60,60,60,201601146,1001),(47,80,75,69,70,73.5,201601147,1001),(48,100,90,78,80,87,201601148,1001),(49,100,95,87,90,93,201601149,1001),(50,70,62,60,60,63,201601150,1001),(51,99,97,95,90,95.25,201601151,1001),(52,100,99,97,100,99,201601152,1001),(53,60,60,60,60,60,201601153,1001),(54,80,75,69,70,73.5,201601154,1001),(55,100,90,78,80,87,201601155,1001),(56,100,95,87,90,93,201601156,1001),(57,70,62,60,60,63,201601157,1001),(58,99,97,95,90,95.25,201601158,1001),(59,100,99,97,100,99,201602101,1011),(60,60,60,60,60,60,201602102,1011),(61,80,75,69,70,73.5,201602103,1011),(62,100,90,78,80,87,201602104,1011),(63,100,95,87,90,93,201602105,1011),(64,70,62,60,60,63,201602106,1011),(65,99,97,95,90,95.25,201602107,1011),(66,100,99,97,100,99,201602108,1011),(67,70,62,60,60,63,201602109,1011),(68,99,97,95,90,95.25,201602110,1011),(69,100,99,97,100,99,201602111,1011),(70,60,60,60,60,60,201602112,1011),(71,80,75,69,70,73.5,201602113,1011),(72,100,90,78,80,87,201602114,1011),(73,100,95,87,90,93,201602115,1011),(74,70,62,60,60,63,201602116,1011),(75,99,97,95,90,95.25,201602117,1011),(76,100,99,97,100,99,201602118,1011),(77,60,60,60,60,60,201602119,1011),(78,80,75,69,70,73.5,201602120,1011),(79,100,90,78,80,87,201602121,1011),(80,99,97,95,90,95.25,201602122,1011),(81,100,99,97,100,99,201602123,1011),(82,60,60,60,60,60,201602124,1011),(83,80,75,69,70,73.5,201602125,1011),(84,100,90,78,80,87,201602126,1011),(85,100,95,87,90,93,201602127,1011),(86,70,62,60,60,63,201602128,1011),(87,99,97,95,90,95.25,201602129,1011),(88,100,99,97,100,99,201602130,1011),(89,60,60,60,60,60,201602131,1011),(90,80,75,69,70,73.5,201602132,1011),(91,80,75,69,70,73.5,201602133,1011),(92,100,90,78,80,87,201602134,1011),(93,99,97,95,90,95.25,201602135,1011),(94,100,99,97,100,99,201602136,1011),(95,60,60,60,60,60,201602137,1011),(96,80,75,69,70,73.5,201602138,1011),(97,100,90,78,80,87,201602139,1011),(98,60,60,60,60,60,201602140,1011),(99,80,75,69,70,73.5,201602141,1011),(100,100,90,78,80,87,201602142,1011),(101,100,95,87,90,93,201602143,1011),(102,70,62,60,60,63,201602144,1011),(103,99,97,95,90,95.25,201602145,1011),(104,100,99,97,100,99,201602146,1011),(105,60,60,60,60,60,201602147,1011),(106,80,75,69,70,73.5,201602148,1011),(107,100,90,78,80,87,201602149,1011),(108,100,95,87,90,93,201602150,1011),(109,70,62,60,60,63,201602151,1011),(110,99,97,95,90,95.25,201602152,1011),(111,100,99,97,100,99,201602153,1011),(112,60,60,60,60,60,201602154,1011),(113,80,75,69,70,73.5,201602155,1011),(114,100,90,78,80,87,201602156,1011),(115,100,95,87,90,93,201602157,1011),(116,70,62,60,60,63,201602158,1011),(117,99,97,95,90,95.25,201602159,1011),(118,100,99,97,100,99,201602160,1011),(119,60,60,60,60,60,201602161,1011),(120,80,75,69,70,73.5,201602162,1011),(121,100,90,78,80,87,201602163,1011),(122,100,95,87,90,93,201602164,1011),(123,70,62,60,60,63,201602165,1011),(124,99,97,95,90,95.25,201602166,1011),(125,100,99,97,100,99,201603101,1021),(126,60,60,60,60,60,201603102,1021),(127,80,75,69,70,73.5,201603103,1021),(128,100,90,78,80,87,201603104,1021),(129,100,95,87,90,93,201603105,1021),(130,70,62,60,60,63,201603106,1021),(131,99,97,95,90,95.25,201603107,1021),(132,100,99,97,100,99,201603108,1021),(133,70,62,60,60,63,201603109,1021),(134,99,97,95,90,95.25,201603110,1021),(135,100,99,97,100,99,201603111,1021),(136,60,60,60,60,60,201603112,1021),(137,80,75,69,70,73.5,201603113,1021),(138,100,90,78,80,87,201603114,1021),(139,100,95,87,90,93,201603115,1021),(140,70,62,60,60,63,201603116,1021),(141,99,97,95,90,95.25,201603117,1021),(142,100,99,97,100,99,201603118,1021),(143,60,60,60,60,60,201603119,1021),(144,80,75,69,70,73.5,201603120,1021),(145,100,90,78,80,87,201603121,1021),(146,100,95,87,90,93,201603122,1021),(147,70,62,60,60,63,201603123,1021),(148,99,97,95,90,95.25,201603124,1021),(149,100,99,97,100,99,201603125,1021),(150,60,60,60,60,60,201603126,1021),(151,80,75,69,70,73.5,201603127,1021),(152,100,90,78,80,87,201603128,1021),(153,100,95,87,90,93,201603129,1021),(154,70,62,60,60,63,201603130,1021),(155,99,97,95,90,95.25,201603131,1021),(156,100,99,97,100,99,201603132,1021),(157,60,60,60,60,60,201603133,1021),(158,80,75,69,70,73.5,201603134,1021),(159,100,90,78,80,87,201603135,1021),(160,100,95,87,90,93,201603136,1021),(161,70,62,60,60,63,201603137,1021),(162,99,97,95,90,95.25,201603138,1021),(163,100,99,97,100,99,201603139,1021),(164,70,62,60,60,63,201603140,1021),(165,99,97,95,90,95.25,201603141,1021),(166,100,99,97,100,99,201603142,1021),(167,60,60,60,60,60,201603143,1021),(168,80,75,69,70,73.5,201603144,1021),(169,100,90,78,80,87,201603145,1021),(170,100,95,87,90,93,201603146,1021),(171,70,62,60,60,63,201603147,1021),(172,99,97,95,90,95.25,201603148,1021),(173,100,99,97,100,99,201603149,1021),(174,60,60,60,60,60,201603150,1021),(175,80,75,69,70,73.5,201603151,1021),(176,100,90,78,80,87,201603152,1021),(177,99,97,95,90,95.25,201603153,1021),(178,100,99,97,100,99,201603154,1021),(179,60,60,60,60,60,201603155,1021),(180,80,75,69,70,73.5,201603156,1021),(181,100,90,78,80,87,201603157,1021),(182,100,95,87,90,93,201603158,1021),(183,70,62,60,60,63,201603159,1021),(184,99,97,95,90,95.25,201603160,1021),(185,100,99,97,100,99,201603161,1021),(186,60,60,60,60,60,201603162,1021),(187,80,75,69,70,73.5,201603163,1021),(188,80,75,69,70,73.5,201603164,1021),(189,100,90,78,80,87,201603165,1021),(190,99,97,95,90,95.25,201603166,1021),(191,100,99,97,100,99,201604101,1031),(192,60,60,60,60,60,201604102,1031),(193,80,75,69,70,73.5,201604103,1031),(194,100,90,78,80,87,201604104,1031),(195,60,60,60,60,60,201604105,1031),(196,80,75,69,70,73.5,201604106,1031),(197,100,90,78,80,87,201604107,1031),(198,100,95,87,90,93,201604108,1031),(199,70,62,60,60,63,201604109,1031),(200,99,97,95,90,95.25,201604110,1031),(201,100,99,97,100,99,201604111,1031),(202,60,60,60,60,60,201604112,1031),(203,80,75,69,70,73.5,201604113,1031),(204,100,90,78,80,87,201604114,1031),(205,100,95,87,90,93,201604115,1031),(206,70,62,60,60,63,201604116,1031),(207,99,97,95,90,95.25,201604117,1031),(208,100,99,97,100,99,201604118,1031),(209,60,60,60,60,60,201604119,1031),(210,80,75,69,70,73.5,201604120,1031),(211,100,90,78,80,87,201604121,1031),(212,100,95,87,90,93,201604122,1031),(213,70,62,60,60,63,201604123,1031),(214,99,97,95,90,95.25,201604124,1031),(215,100,99,97,100,99,201604125,1031),(216,60,60,60,60,60,201604126,1031),(217,80,75,69,70,73.5,201604127,1031),(218,100,90,78,80,87,201604128,1031),(219,100,95,87,90,93,201604129,1031),(220,70,62,60,60,63,201604130,1031),(221,99,97,95,90,95.25,201604131,1031),(222,100,99,97,100,99,201604132,1031),(223,60,60,60,60,60,201604133,1031),(224,80,75,69,70,73.5,201604134,1031),(225,100,90,78,80,87,201604135,1031),(226,100,95,87,90,93,201604136,1031),(227,70,62,60,60,63,201604137,1031),(228,99,97,95,90,95.25,201604138,1031),(229,100,99,97,100,99,201604139,1031),(230,70,62,60,60,63,201604140,1031),(231,99,97,95,90,95.25,201604141,1031),(232,100,99,97,100,99,201604142,1031),(233,60,60,60,60,60,201604143,1031),(234,80,75,69,70,73.5,201604144,1031),(235,100,90,78,80,87,201604145,1031),(236,100,95,87,90,93,201604146,1031),(237,70,62,60,60,63,201604147,1031),(238,99,97,95,90,95.25,201604148,1031),(239,100,99,97,100,99,201604149,1031),(240,60,60,60,60,60,201604150,1031),(241,80,75,69,70,73.5,201604151,1031),(242,100,90,78,80,87,201604152,1031),(243,100,95,87,90,93,201604153,1031),(244,70,62,60,60,63,201604154,1031),(245,99,97,95,90,95.25,201604157,1031),(246,100,99,97,100,99,201604158,1031),(247,60,60,60,60,60,201604159,1031),(248,80,75,69,70,73.5,201604160,1031),(249,100,90,78,80,87,201604161,1031),(250,100,95,87,90,93,201604162,1031),(251,70,62,60,60,63,201604163,1031),(252,99,97,95,90,95.25,201604164,1031),(253,100,99,97,100,99,201604165,1031),(254,60,60,60,60,60,201604166,1031),(255,80,75,69,70,73.5,201604167,1031),(256,100,90,78,80,87,201605168,1041),(257,100,95,87,90,93,201605169,1041),(258,70,62,60,60,63,201605170,1041),(259,99,97,95,90,95.25,201605171,1041),(260,100,99,97,100,99,201605172,1041),(261,70,62,60,60,63,201605173,1041),(262,99,97,95,90,95.25,201605174,1041),(263,100,99,97,100,99,201605175,1041),(264,60,60,60,60,60,201605176,1041),(265,80,75,69,70,73.5,201605177,1041),(266,100,90,78,80,87,201605178,1041),(267,100,95,87,90,93,201605179,1041),(268,70,62,60,60,63,201605180,1041),(269,99,97,95,90,95.25,201605181,1041),(270,100,99,97,100,99,201605182,1041),(271,60,60,60,60,60,201605183,1041),(272,80,75,69,70,73.5,201605184,1041),(273,100,90,78,80,87,201605185,1041),(274,99,97,95,90,95.25,201605186,1041),(275,100,99,97,100,99,201605187,1041),(276,60,60,60,60,60,201605188,1041),(277,80,75,69,70,73.5,201605189,1041),(278,100,90,78,80,87,201605190,1041),(279,100,95,87,90,93,201605191,1041),(280,70,62,60,60,63,201605192,1041),(281,99,97,95,90,95.25,201605193,1041),(282,100,99,97,100,99,201605194,1041),(283,60,60,60,60,60,201605195,1041),(284,80,75,69,70,73.5,201605196,1041),(285,80,75,69,70,73.5,201605197,1041),(286,100,90,78,80,87,201605198,1041),(287,99,97,95,90,95.25,201605199,1041),(288,100,99,97,100,99,201605200,1041),(289,60,60,60,60,60,201605201,1041),(290,80,75,69,70,73.5,201605202,1041),(291,100,90,78,80,87,201605203,1041),(292,60,60,60,60,60,201605204,1041),(293,80,75,69,70,73.5,201605205,1041),(294,100,90,78,80,87,201605206,1041),(295,100,95,87,90,93,201605207,1041),(296,70,62,60,60,63,201605208,1041),(297,99,97,95,90,95.25,201605209,1041),(298,100,99,97,100,99,201605210,1041),(299,60,60,60,60,60,201605211,1041),(300,80,75,69,70,73.5,201605212,1041),(301,100,90,78,80,87,201605213,1041),(302,100,95,87,90,93,201605214,1041),(303,70,62,60,60,63,201605215,1041),(304,99,97,95,90,95.25,201605216,1041),(305,100,99,97,100,99,201605217,1041),(306,60,60,60,60,60,201605218,1041),(307,80,75,69,70,73.5,201605219,1041),(308,100,90,78,80,87,201605220,1041),(309,100,95,87,90,93,201605221,1041),(310,70,62,60,60,63,201605222,1041),(311,99,97,95,90,95.25,201605223,1041),(312,100,99,97,100,99,201605224,1041),(313,60,60,60,60,60,201605225,1041),(314,80,75,69,70,73.5,201605226,1041),(315,100,90,78,80,87,201605227,1041),(316,100,95,87,90,93,201605228,1041),(317,70,62,60,60,63,201605229,1041),(318,99,97,95,90,95.25,201605230,1041),(319,100,99,97,100,99,201605231,1041),(320,60,60,60,60,60,201605232,1041),(321,80,75,69,70,73.5,201606104,1051),(322,100,90,78,80,87,201606105,1051),(323,100,95,87,90,93,201606106,1051),(324,70,62,60,60,63,201606107,1051),(325,99,97,95,90,95.25,201606108,1051),(326,100,99,97,100,99,201606109,1051),(327,70,62,60,60,63,201606110,1051),(328,99,97,95,90,95.25,201606111,1051),(329,100,99,97,100,99,201606112,1051),(330,60,60,60,60,60,201606113,1051),(331,80,75,69,70,73.5,201606114,1051),(332,100,90,78,80,87,201606115,1051),(333,100,95,87,90,93,201606116,1051),(334,70,62,60,60,63,201606117,1051),(335,99,97,95,90,95.25,201606118,1051),(336,100,99,97,100,99,201606119,1051),(337,60,60,60,60,60,201606120,1051),(338,80,75,69,70,73.5,201606121,1051),(339,100,90,78,80,87,201606122,1051),(340,100,95,87,90,93,201606123,1051),(341,70,62,60,60,63,201606124,1051),(342,99,97,95,90,95.25,201606125,1051),(343,100,99,97,100,99,201606126,1051),(344,60,60,60,60,60,201606127,1051),(345,80,75,69,70,73.5,201606128,1051),(346,100,90,78,80,87,201606129,1051),(347,100,95,87,90,93,201606130,1051),(348,70,62,60,60,63,201606131,1051),(349,99,97,95,90,95.25,201606132,1051),(350,100,99,97,100,99,201606133,1051),(351,60,60,60,60,60,201606134,1051),(352,80,75,69,70,73.5,201606135,1051),(353,100,90,78,80,87,201606136,1051),(354,100,95,87,90,93,201606137,1051),(355,70,62,60,60,63,201606138,1051),(356,99,97,95,90,95.25,201606139,1051),(357,100,99,97,100,99,201606141,1051),(358,70,62,60,60,63,201606142,1051),(359,99,97,95,90,95.25,201606143,1051),(360,100,99,97,100,99,201606144,1051),(361,60,60,60,60,60,201606145,1051),(362,80,75,69,70,73.5,201606146,1051),(363,100,90,78,80,87,201606147,1051),(364,100,95,87,90,93,201606148,1051),(365,70,62,60,60,63,201606149,1051),(366,99,97,95,90,95.25,201606150,1051),(367,100,99,97,100,99,201606151,1051),(368,60,60,60,60,60,201606152,1051),(369,80,75,69,70,73.5,201606153,1051),(370,100,90,78,80,87,201606154,1051),(371,99,97,95,90,95.25,201606155,1051),(372,100,99,97,100,99,201606156,1051),(373,60,60,60,60,60,201606157,1051),(374,80,75,69,70,73.5,201606158,1051),(375,100,90,78,80,87,201606159,1051),(376,100,95,87,90,93,201606160,1051),(377,70,62,60,60,63,201606161,1051),(378,99,97,95,90,95.25,201606162,1051),(379,100,99,97,100,99,201606163,1051),(380,60,60,60,60,60,201606164,1051),(381,80,75,69,70,73.5,201606165,1051),(382,80,75,69,70,73.5,201606166,1051),(383,60,60,60,60,60,201601101,1002),(384,69,75,80,70,73.5,201601102,1002),(385,78,90,100,80,87,201601103,1002),(386,87,95,100,90,93,201601104,1002),(387,60,62,70,60,63,201601105,1002),(388,95,97,99,90,95.25,201601106,1002),(389,97,99,100,100,99,201601107,1002),(390,60,60,60,60,60,201601108,1002),(391,69,75,80,70,73.5,201601109,1002),(392,78,90,100,80,87,201601110,1002),(393,87,95,100,90,93,201601111,1002),(394,60,62,70,60,63,201601112,1002),(395,95,97,99,90,95.25,201601113,1002),(396,97,99,100,100,99,201601114,1002),(397,60,60,60,60,60,201601115,1002),(398,69,75,80,70,73.5,201601116,1002),(399,78,90,100,80,87,201601117,1002),(400,87,95,100,90,93,201601118,1002),(401,60,62,70,60,63,201601119,1002),(402,95,97,99,90,95.25,201601120,1002),(403,97,99,100,100,99,201601121,1002),(404,60,60,60,60,60,201601122,1002),(405,69,75,80,70,73.5,201601123,1002),(406,78,90,100,80,87,201601124,1002),(407,87,95,100,90,93,201601125,1002),(408,60,62,70,60,63,201601126,1002),(409,95,97,99,90,95.25,201601127,1002),(410,97,99,100,100,99,201601128,1002),(411,60,60,60,60,60,201601129,1002),(412,69,75,80,70,73.5,201601130,1002),(413,78,90,100,80,87,201601131,1002),(414,87,95,100,90,93,201601132,1002),(415,60,62,70,60,63,201601133,1002),(416,95,97,99,90,95.25,201601134,1002),(417,97,99,100,100,99,201601135,1002),(418,60,62,70,60,63,201601136,1002),(419,95,97,99,90,95.25,201601137,1002),(420,97,99,100,100,99,201601138,1002),(421,60,60,60,60,60,201601139,1002),(422,69,75,80,70,73.5,201601140,1002),(423,78,90,100,80,87,201601141,1002),(424,87,95,100,90,93,201601142,1002),(425,60,62,70,60,63,201601143,1002),(426,95,97,99,90,95.25,201601144,1002),(427,97,99,100,100,99,201601145,1002),(428,60,60,60,60,60,201601146,1002),(429,69,75,80,70,73.5,201601147,1002),(430,78,90,100,80,87,201601148,1002),(431,87,95,100,90,93,201601149,1002),(432,60,62,70,60,63,201601150,1002),(433,95,97,99,90,95.25,201601151,1002),(434,97,99,100,100,99,201601152,1002),(435,60,60,60,60,60,201601153,1002),(436,69,75,80,70,73.5,201601154,1002),(437,78,90,100,80,87,201601155,1002),(438,87,95,100,90,93,201601156,1002),(439,60,62,70,60,63,201601157,1002),(440,95,97,99,90,95.25,201601158,1002),(441,97,99,100,100,99,201602101,1012),(442,60,60,60,60,60,201602102,1012),(443,69,75,80,70,73.5,201602103,1012),(444,78,90,100,80,87,201602104,1012),(445,87,95,100,90,93,201602105,1012),(446,60,62,70,60,63,201602106,1012),(447,95,97,99,90,95.25,201602107,1012),(448,97,99,100,100,99,201602108,1012),(449,60,62,70,60,63,201602109,1012),(450,95,97,99,90,95.25,201602110,1012),(451,97,99,100,100,99,201602111,1012),(452,60,60,60,60,60,201602112,1012),(453,69,75,80,70,73.5,201602113,1012),(454,78,90,100,80,87,201602114,1012),(455,87,95,100,90,93,201602115,1012),(456,60,62,70,60,63,201602116,1012),(457,95,97,99,90,95.25,201602117,1012),(458,97,99,100,100,99,201602118,1012),(459,60,60,60,60,60,201602119,1012),(460,69,75,80,70,73.5,201602120,1012),(461,78,90,100,80,87,201602121,1012),(462,95,97,99,90,95.25,201602122,1012),(463,97,99,100,100,99,201602123,1012),(464,60,60,60,60,60,201602124,1012),(465,69,75,80,70,73.5,201602125,1012),(466,78,90,100,80,87,201602126,1012),(467,87,95,100,90,93,201602127,1012),(468,60,62,70,60,63,201602128,1012),(469,95,97,99,90,95.25,201602129,1012),(470,97,99,100,100,99,201602130,1012),(471,60,60,60,60,60,201602131,1012),(472,69,75,80,70,73.5,201602132,1012),(473,69,75,80,70,73.5,201602133,1012),(474,78,90,100,80,87,201602134,1012),(475,95,97,99,90,95.25,201602135,1012),(476,97,99,100,100,99,201602136,1012),(477,60,60,60,60,60,201602137,1012),(478,69,75,80,70,73.5,201602138,1012),(479,78,90,100,80,87,201602139,1012),(480,60,60,60,60,60,201602140,1012),(481,69,75,80,70,73.5,201602141,1012),(482,78,90,100,80,87,201602142,1012),(483,87,95,100,90,93,201602143,1012),(484,60,62,70,60,63,201602144,1012),(485,95,97,99,90,95.25,201602145,1012),(486,97,99,100,100,99,201602146,1012),(487,60,60,60,60,60,201602147,1012),(488,69,75,80,70,73.5,201602148,1012),(489,78,90,100,80,87,201602149,1012),(490,87,95,100,90,93,201602150,1012),(491,60,62,70,60,63,201602151,1012),(492,95,97,99,90,95.25,201602152,1012),(493,97,99,100,100,99,201602153,1012),(494,60,60,60,60,60,201602154,1012),(495,69,75,80,70,73.5,201602155,1012),(496,78,90,100,80,87,201602156,1012),(497,87,95,100,90,93,201602157,1012),(498,60,62,70,60,63,201602158,1012),(499,95,97,99,90,95.25,201602159,1012),(500,97,99,100,100,99,201602160,1012),(501,60,60,60,60,60,201602161,1012),(502,69,75,80,70,73.5,201602162,1012),(503,78,90,100,80,87,201602163,1012),(504,87,95,100,90,93,201602164,1012),(505,60,62,70,60,63,201602165,1012),(506,95,97,99,90,95.25,201602166,1012),(507,97,99,100,100,99,201603101,1022),(508,60,60,60,60,60,201603102,1022),(509,69,75,80,70,73.5,201603103,1022),(510,78,90,100,80,87,201603104,1022),(511,87,95,100,90,93,201603105,1022),(512,60,62,70,60,63,201603106,1022),(513,95,97,99,90,95.25,201603107,1022),(514,97,99,100,100,99,201603108,1022),(515,60,62,70,60,63,201603109,1022),(516,95,97,99,90,95.25,201603110,1022),(517,97,99,100,100,99,201603111,1022),(518,60,60,60,60,60,201603112,1022),(519,69,75,80,70,73.5,201603113,1022),(520,78,90,100,80,87,201603114,1022),(521,87,95,100,90,93,201603115,1022),(522,60,62,70,60,63,201603116,1022),(523,95,97,99,90,95.25,201603117,1022),(524,97,99,100,100,99,201603118,1022),(525,60,60,60,60,60,201603119,1022),(526,69,75,80,70,73.5,201603120,1022),(527,78,90,100,80,87,201603121,1022),(528,87,95,100,90,93,201603122,1022),(529,60,62,70,60,63,201603123,1022),(530,95,97,99,90,95.25,201603124,1022),(531,97,99,100,100,99,201603125,1022),(532,60,60,60,60,60,201603126,1022),(533,69,75,80,70,73.5,201603127,1022),(534,78,90,100,80,87,201603128,1022),(535,87,95,100,90,93,201603129,1022),(536,60,62,70,60,63,201603130,1022),(537,95,97,99,90,95.25,201603131,1022),(538,97,99,100,100,99,201603132,1022),(539,60,60,60,60,60,201603133,1022),(540,69,75,80,70,73.5,201603134,1022),(541,78,90,100,80,87,201603135,1022),(542,87,95,100,90,93,201603136,1022),(543,60,62,70,60,63,201603137,1022),(544,95,97,99,90,95.25,201603138,1022),(545,97,99,100,100,99,201603139,1022),(546,60,62,70,60,63,201603140,1022),(547,95,97,99,90,95.25,201603141,1022),(548,97,99,100,100,99,201603142,1022),(549,60,60,60,60,60,201603143,1022),(550,69,75,80,70,73.5,201603144,1022),(551,78,90,100,80,87,201603145,1022),(552,87,95,100,90,93,201603146,1022),(553,60,62,70,60,63,201603147,1022),(554,95,97,99,90,95.25,201603148,1022),(555,97,99,100,100,99,201603149,1022),(556,60,60,60,60,60,201603150,1022),(557,69,75,80,70,73.5,201603151,1022),(558,78,90,100,80,87,201603152,1022),(559,95,97,99,90,95.25,201603153,1022),(560,97,99,100,100,99,201603154,1022),(561,60,60,60,60,60,201603155,1022),(562,69,75,80,70,73.5,201603156,1022),(563,78,90,100,80,87,201603157,1022),(564,87,95,100,90,93,201603158,1022),(565,60,62,70,60,63,201603159,1022),(566,95,97,99,90,95.25,201603160,1022),(567,97,99,100,100,99,201603161,1022),(568,60,60,60,60,60,201603162,1022),(569,69,75,80,70,73.5,201603163,1022),(570,69,75,80,70,73.5,201603164,1022),(571,78,90,100,80,87,201603165,1022),(572,95,97,99,90,95.25,201603166,1022),(573,97,99,100,100,99,201604101,1032),(574,60,60,60,60,60,201604102,1032),(575,69,75,80,70,73.5,201604103,1032),(576,78,90,100,80,87,201604104,1032),(577,60,60,60,60,60,201604105,1032),(578,69,75,80,70,73.5,201604106,1032),(579,78,90,100,80,87,201604107,1032),(580,87,95,100,90,93,201604108,1032),(581,60,62,70,60,63,201604109,1032),(582,95,97,99,90,95.25,201604110,1032),(583,97,99,100,100,99,201604111,1032),(584,60,60,60,60,60,201604112,1032),(585,69,75,80,70,73.5,201604113,1032),(586,78,90,100,80,87,201604114,1032),(587,87,95,100,90,93,201604115,1032),(588,60,62,70,60,63,201604116,1032),(589,95,97,99,90,95.25,201604117,1032),(590,97,99,100,100,99,201604118,1032),(591,60,60,60,60,60,201604119,1032),(592,69,75,80,70,73.5,201604120,1032),(593,78,90,100,80,87,201604121,1032),(594,87,95,100,90,93,201604122,1032),(595,60,62,70,60,63,201604123,1032),(596,95,97,99,90,95.25,201604124,1032),(597,97,99,100,100,99,201604125,1032),(598,60,60,60,60,60,201604126,1032),(599,69,75,80,70,73.5,201604127,1032),(600,78,90,100,80,87,201604128,1032),(601,87,95,100,90,93,201604129,1032),(602,60,62,70,60,63,201604130,1032),(603,95,97,99,90,95.25,201604131,1032),(604,97,99,100,100,99,201604132,1032),(605,60,60,60,60,60,201604133,1032),(606,69,75,80,70,73.5,201604134,1032),(607,78,90,100,80,87,201604135,1032),(608,87,95,100,90,93,201604136,1032),(609,60,62,70,60,63,201604137,1032),(610,95,97,99,90,95.25,201604138,1032),(611,97,99,100,100,99,201604139,1032),(612,60,62,70,60,63,201604140,1032),(613,95,97,99,90,95.25,201604141,1032),(614,97,99,100,100,99,201604142,1032),(615,60,60,60,60,60,201604143,1032),(616,69,75,80,70,73.5,201604144,1032),(617,78,90,100,80,87,201604145,1032),(618,87,95,100,90,93,201604146,1032),(619,60,62,70,60,63,201604147,1032),(620,95,97,99,90,95.25,201604148,1032),(621,97,99,100,100,99,201604149,1032),(622,60,60,60,60,60,201604150,1032),(623,69,75,80,70,73.5,201604151,1032),(624,78,90,100,80,87,201604152,1032),(625,87,95,100,90,93,201604153,1032),(626,60,62,70,60,63,201604154,1032),(627,95,97,99,90,95.25,201604157,1032),(628,97,99,100,100,99,201604158,1032),(629,60,60,60,60,60,201604159,1032),(630,69,75,80,70,73.5,201604160,1032),(631,78,90,100,80,87,201604161,1032),(632,87,95,100,90,93,201604162,1032),(633,60,62,70,60,63,201604163,1032),(634,95,97,99,90,95.25,201604164,1032),(635,97,99,100,100,99,201604165,1032),(636,60,60,60,60,60,201604166,1032),(637,69,75,80,70,73.5,201604167,1032),(638,78,90,100,80,87,201605168,1042),(639,87,95,100,90,93,201605169,1042),(640,60,62,70,60,63,201605170,1042),(641,95,97,99,90,95.25,201605171,1042),(642,97,99,100,100,99,201605172,1042),(643,60,62,70,60,63,201605173,1042),(644,95,97,99,90,95.25,201605174,1042),(645,97,99,100,100,99,201605175,1042),(646,60,60,60,60,60,201605176,1042),(647,69,75,80,70,73.5,201605177,1042),(648,78,90,100,80,87,201605178,1042),(649,87,95,100,90,93,201605179,1042),(650,60,62,70,60,63,201605180,1042),(651,95,97,99,90,95.25,201605181,1042),(652,97,99,100,100,99,201605182,1042),(653,60,60,60,60,60,201605183,1042),(654,69,75,80,70,73.5,201605184,1042),(655,78,90,100,80,87,201605185,1042),(656,95,97,99,90,95.25,201605186,1042),(657,97,99,100,100,99,201605187,1042),(658,60,60,60,60,60,201605188,1042),(659,69,75,80,70,73.5,201605189,1042),(660,78,90,100,80,87,201605190,1042),(661,87,95,100,90,93,201605191,1042),(662,60,62,70,60,63,201605192,1042),(663,95,97,99,90,95.25,201605193,1042),(664,97,99,100,100,99,201605194,1042),(665,60,60,60,60,60,201605195,1042),(666,69,75,80,70,73.5,201605196,1042),(667,69,75,80,70,73.5,201605197,1042),(668,78,90,100,80,87,201605198,1042),(669,95,97,99,90,95.25,201605199,1042),(670,97,99,100,100,99,201605200,1042),(671,60,60,60,60,60,201605201,1042),(672,69,75,80,70,73.5,201605202,1042),(673,78,90,100,80,87,201605203,1042),(674,60,60,60,60,60,201605204,1042),(675,69,75,80,70,73.5,201605205,1042),(676,78,90,100,80,87,201605206,1042),(677,87,95,100,90,93,201605207,1042),(678,60,62,70,60,63,201605208,1042),(679,95,97,99,90,95.25,201605209,1042),(680,97,99,100,100,99,201605210,1042),(681,60,60,60,60,60,201605211,1042),(682,69,75,80,70,73.5,201605212,1042),(683,78,90,100,80,87,201605213,1042),(684,87,95,100,90,93,201605214,1042),(685,60,62,70,60,63,201605215,1042),(686,95,97,99,90,95.25,201605216,1042),(687,97,99,100,100,99,201605217,1042),(688,60,60,60,60,60,201605218,1042),(689,69,75,80,70,73.5,201605219,1042),(690,78,90,100,80,87,201605220,1042),(691,87,95,100,90,93,201605221,1042),(692,60,62,70,60,63,201605222,1042),(693,95,97,99,90,95.25,201605223,1042),(694,97,99,100,100,99,201605224,1042),(695,60,60,60,60,60,201605225,1042),(696,69,75,80,70,73.5,201605226,1042),(697,78,90,100,80,87,201605227,1042),(698,87,95,100,90,93,201605228,1042),(699,60,62,70,60,63,201605229,1042),(700,95,97,99,90,95.25,201605230,1042),(701,97,99,100,100,99,201605231,1042),(702,60,60,60,60,60,201605232,1042),(703,69,75,80,70,73.5,201606104,1052),(704,78,90,100,80,87,201606105,1052),(705,87,95,100,90,93,201606106,1052),(706,60,62,70,60,63,201606107,1052),(707,95,97,99,90,95.25,201606108,1052),(708,97,99,100,100,99,201606109,1052),(709,60,62,70,60,63,201606110,1052),(710,95,97,99,90,95.25,201606111,1052),(711,97,99,100,100,99,201606112,1052),(712,60,60,60,60,60,201606113,1052),(713,69,75,80,70,73.5,201606114,1052),(714,78,90,100,80,87,201606115,1052),(715,87,95,100,90,93,201606116,1052),(716,60,62,70,60,63,201606117,1052),(717,95,97,99,90,95.25,201606118,1052),(718,97,99,100,100,99,201606119,1052),(719,60,60,60,60,60,201606120,1052),(720,69,75,80,70,73.5,201606121,1052),(721,78,90,100,80,87,201606122,1052),(722,87,95,100,90,93,201606123,1052),(723,60,62,70,60,63,201606124,1052),(724,95,97,99,90,95.25,201606125,1052),(725,97,99,100,100,99,201606126,1052),(726,60,60,60,60,60,201606127,1052),(727,69,75,80,70,73.5,201606128,1052),(728,78,90,100,80,87,201606129,1052),(729,87,95,100,90,93,201606130,1052),(730,60,62,70,60,63,201606131,1052),(731,95,97,99,90,95.25,201606132,1052),(732,97,99,100,100,99,201606133,1052),(733,60,60,60,60,60,201606134,1052),(734,69,75,80,70,73.5,201606135,1052),(735,78,90,100,80,87,201606136,1052),(736,87,95,100,90,93,201606137,1052),(737,60,62,70,60,63,201606138,1052),(738,95,97,99,90,95.25,201606139,1052),(739,97,99,100,100,99,201606141,1052),(740,60,62,70,60,63,201606142,1052),(741,95,97,99,90,95.25,201606143,1052),(742,97,99,100,100,99,201606144,1052),(743,60,60,60,60,60,201606145,1052),(744,69,75,80,70,73.5,201606146,1052),(745,78,90,100,80,87,201606147,1052),(746,87,95,100,90,93,201606148,1052),(747,60,62,70,60,63,201606149,1052),(748,95,97,99,90,95.25,201606150,1052),(749,97,99,100,100,99,201606151,1052),(750,60,60,60,60,60,201606152,1052),(751,69,75,80,70,73.5,201606153,1052),(752,78,90,100,80,87,201606154,1052),(753,95,97,99,90,95.25,201606155,1052),(754,97,99,100,100,99,201606156,1052),(755,60,60,60,60,60,201606157,1052),(756,69,75,80,70,73.5,201606158,1052),(757,78,90,100,80,87,201606159,1052),(758,87,95,100,90,93,201606160,1052),(759,60,62,70,60,63,201606161,1052),(760,95,97,99,90,95.25,201606162,1052),(761,97,99,100,100,99,201606163,1052),(762,60,60,60,60,60,201606164,1052),(763,69,75,80,70,73.5,201606165,1052),(764,69,75,80,70,73.5,201606166,1052),(765,100,60,70,60,72.5,201601101,1003),(766,60,75,71.25,70,69.06,201601102,1003),(767,80,90,87.5,80,84.38,201601103,1003),(768,100,95,96.25,90,95.31,201601104,1003),(769,100,62,73,60,73.75,201601105,1003),(770,70,97,89,90,86.5,201601106,1003),(771,99,99,99.5,100,99.38,201601107,1003),(772,100,60,70,60,72.5,201601108,1003),(773,60,70,70,70,67.5,201601109,1003),(774,80,80,85,80,81.25,201601110,1003),(775,100,90,95,90,93.75,201601111,1003),(776,100,60,72.5,60,73.13,201601112,1003),(777,70,90,87.25,90,84.31,201601113,1003),(778,99,100,99.75,100,99.69,201601114,1003),(779,100,60,70,60,72.5,201601115,1003),(780,60,70,70,70,67.5,201601116,1003),(781,80,80,85,80,81.25,201601117,1003),(782,100,90,95,90,93.75,201601118,1003),(783,100,60,72.5,60,73.13,201601119,1003),(784,70,90,87.25,90,84.31,201601120,1003),(785,99,100,99.75,100,99.69,201601121,1003),(786,100,60,70,60,72.5,201601122,1003),(787,70,70,72.5,70,70.63,201601123,1003),(788,99,80,89.75,80,87.19,201601124,1003),(789,100,90,95,90,93.75,201601125,1003),(790,60,60,62.5,60,60.63,201601126,1003),(791,80,90,89.75,90,87.44,201601127,1003),(792,100,100,100,100,100,201601128,1003),(793,100,60,70,60,72.5,201601129,1003),(794,70,70,72.5,70,70.63,201601130,1003),(795,99,80,89.75,80,87.19,201601131,1003),(796,100,90,95,90,93.75,201601132,1003),(797,60,60,62.5,60,60.63,201601133,1003),(798,80,90,89.75,90,87.44,201601134,1003),(799,100,100,100,100,100,201601135,1003),(800,100,60,72.5,60,73.13,201601136,1003),(801,70,70,82.25,90,78.06,201601137,1003),(802,99,80,94.75,100,93.44,201601138,1003),(803,100,90,77.5,60,81.88,201601139,1003),(804,60,60,67.5,70,64.38,201601140,1003),(805,80,90,87.5,80,84.38,201601141,1003),(806,100,100,97.5,90,96.88,201601142,1003),(807,100,60,72.5,60,73.13,201601143,1003),(808,70,90,87.25,90,84.31,201601144,1003),(809,99,100,99.75,100,99.69,201601145,1003),(810,100,60,70,60,72.5,201601146,1003),(811,60,70,70,70,67.5,201601147,1003),(812,80,80,85,80,81.25,201601148,1003),(813,100,90,95,90,93.75,201601149,1003),(814,100,60,72.5,60,73.13,201601150,1003),(815,70,90,87.25,90,84.31,201601151,1003),(816,99,100,99.75,100,99.69,201601152,1003),(817,100,60,70,60,72.5,201601153,1003),(818,70,70,72.5,70,70.63,201601154,1003),(819,99,80,89.75,80,87.19,201601155,1003),(820,100,90,95,90,93.75,201601156,1003),(821,60,60,62.5,60,60.63,201601157,1003),(822,80,90,89.75,90,87.44,201601158,1003),(823,100,100,100,100,100,201602101,1013),(824,100,60,70,60,72.5,201602102,1013),(825,70,70,72.5,70,70.63,201602103,1013),(826,99,80,89.75,80,87.19,201602104,1013),(827,100,90,95,90,93.75,201602105,1013),(828,60,60,62.5,60,60.63,201602106,1013),(829,80,90,89.75,90,87.44,201602107,1013),(830,100,100,100,100,100,201602108,1013),(831,99,60,72.25,60,72.81,201602109,1013),(832,100,70,89.75,90,87.44,201602110,1013),(833,60,80,85,100,81.25,201602111,1013),(834,80,90,72.5,60,75.63,201602112,1013),(835,100,60,77.5,70,76.88,201602113,1013),(836,100,90,92.5,80,90.63,201602114,1013),(837,70,100,90,90,87.5,201602115,1013),(838,99,60,72.25,60,72.81,201602116,1013),(839,100,90,94.75,90,93.69,201602117,1013),(840,60,100,90,100,87.5,201602118,1013),(841,80,60,65,60,66.25,201602119,1013),(842,80,70,75,70,73.75,201602120,1013),(843,100,80,90,80,87.5,201602121,1013),(844,99,90,94.5,90,93.38,201602122,1013),(845,100,60,90,100,87.5,201602123,1013),(846,60,90,67.5,60,69.38,201602124,1013),(847,80,100,82.5,70,83.13,201602125,1013),(848,100,60,85,80,81.25,201602126,1013),(849,60,70,80,90,75,201602127,1013),(850,80,80,72.5,60,73.13,201602128,1013),(851,100,90,94.75,90,93.69,201602129,1013),(852,100,100,100,100,100,201602130,1013),(853,70,60,62.5,60,63.13,201602131,1013),(854,99,70,79.75,70,79.69,201602132,1013),(855,100,80,82.5,70,83.13,201602133,1013),(856,60,90,82.5,80,78.13,201602134,1013),(857,80,60,82.25,90,78.06,201602135,1013),(858,100,90,97.5,100,96.88,201602136,1013),(859,100,100,80,60,85,201602137,1013),(860,70,60,70,70,67.5,201602138,1013),(861,99,70,87.25,80,84.06,201602139,1013),(862,100,70,72.5,60,75.63,201602140,1013),(863,60,80,72.5,70,70.63,201602141,1013),(864,80,90,87.5,80,84.38,201602142,1013),(865,100,100,97.5,90,96.88,201602143,1013),(866,100,60,72.5,60,73.13,201602144,1013),(867,70,70,82.25,90,78.06,201602145,1013),(868,99,80,94.75,100,93.44,201602146,1013),(869,100,60,70,60,72.5,201602147,1013),(870,60,70,70,70,67.5,201602148,1013),(871,80,80,85,80,81.25,201602149,1013),(872,100,90,95,90,93.75,201602150,1013),(873,100,60,72.5,60,73.13,201602151,1013),(874,70,90,87.25,90,84.31,201602152,1013),(875,99,100,99.75,100,99.69,201602153,1013),(876,100,60,70,60,72.5,201602154,1013),(877,60,70,70,70,67.5,201602155,1013),(878,80,80,85,80,81.25,201602156,1013),(879,100,90,95,90,93.75,201602157,1013),(880,100,60,72.5,60,73.13,201602158,1013),(881,70,90,87.25,90,84.31,201602159,1013),(882,99,100,99.75,100,99.69,201602160,1013),(883,100,60,70,60,72.5,201602161,1013),(884,70,70,72.5,70,70.63,201602162,1013),(885,99,80,89.75,80,87.19,201602163,1013),(886,100,90,95,90,93.75,201602164,1013),(887,60,60,62.5,60,60.63,201602165,1013),(888,80,90,89.75,90,87.44,201602166,1013),(889,100,100,100,100,100,201603101,1023),(890,100,60,70,60,72.5,201603102,1023),(891,70,70,72.5,70,70.63,201603103,1023),(892,99,80,89.75,80,87.19,201603104,1023),(893,100,90,95,90,93.75,201603105,1023),(894,60,60,62.5,60,60.63,201603106,1023),(895,80,90,89.75,90,87.44,201603107,1023),(896,100,100,100,100,100,201603108,1023),(897,100,60,72.5,60,73.13,201603109,1023),(898,70,70,82.25,90,78.06,201603110,1023),(899,99,80,94.75,100,93.44,201603111,1023),(900,100,90,77.5,60,81.88,201603112,1023),(901,60,60,67.5,70,64.38,201603113,1023),(902,80,90,87.5,80,84.38,201603114,1023),(903,100,100,97.5,90,96.88,201603115,1023),(904,100,60,72.5,60,73.13,201603116,1023),(905,70,90,87.25,90,84.31,201603117,1023),(906,99,100,99.75,100,99.69,201603118,1023),(907,100,60,70,60,72.5,201603119,1023),(908,60,70,70,70,67.5,201603120,1023),(909,80,80,85,80,81.25,201603121,1023),(910,100,90,95,90,93.75,201603122,1023),(911,100,60,72.5,60,73.13,201603123,1023),(912,70,90,87.25,90,84.31,201603124,1023),(913,99,100,99.75,100,99.69,201603125,1023),(914,100,60,70,60,72.5,201603126,1023),(915,70,70,72.5,70,70.63,201603127,1023),(916,99,80,89.75,80,87.19,201603128,1023),(917,100,90,95,90,93.75,201603129,1023),(918,60,60,62.5,60,60.63,201603130,1023),(919,80,90,89.75,90,87.44,201603131,1023),(920,100,100,100,100,100,201603132,1023),(921,100,60,70,60,72.5,201603133,1023),(922,70,70,72.5,70,70.63,201603134,1023),(923,99,80,89.75,80,87.19,201603135,1023),(924,100,90,95,90,93.75,201603136,1023),(925,60,60,62.5,60,60.63,201603137,1023),(926,80,90,89.75,90,87.44,201603138,1023),(927,100,100,100,100,100,201603139,1023),(928,99,60,72.25,60,72.81,201603140,1023),(929,100,70,89.75,90,87.44,201603141,1023),(930,60,80,85,100,81.25,201603142,1023),(931,80,90,72.5,60,75.63,201603143,1023),(932,100,60,77.5,70,76.88,201603144,1023),(933,100,90,92.5,80,90.63,201603145,1023),(934,70,100,90,90,87.5,201603146,1023),(935,99,60,72.25,60,72.81,201603147,1023),(936,100,90,94.75,90,93.69,201603148,1023),(937,60,100,90,100,87.5,201603149,1023),(938,80,60,65,60,66.25,201603150,1023),(939,80,70,75,70,73.75,201603151,1023),(940,100,80,90,80,87.5,201603152,1023),(941,99,90,94.5,90,93.38,201603153,1023),(942,100,60,90,100,87.5,201603154,1023),(943,60,90,67.5,60,69.38,201603155,1023),(944,80,100,82.5,70,83.13,201603156,1023),(945,100,60,85,80,81.25,201603157,1023),(946,60,70,80,90,75,201603158,1023),(947,80,80,72.5,60,73.13,201603159,1023),(948,100,90,94.75,90,93.69,201603160,1023),(949,100,100,100,100,100,201603161,1023),(950,70,60,62.5,60,63.13,201603162,1023),(951,99,70,79.75,70,79.69,201603163,1023),(952,100,80,82.5,70,83.13,201603164,1023),(953,60,90,82.5,80,78.13,201603165,1023),(954,80,60,82.25,90,78.06,201603166,1023),(955,100,90,97.5,100,96.88,201604101,1033),(956,100,100,80,60,85,201604102,1033),(957,70,60,70,70,67.5,201604103,1033),(958,99,70,87.25,80,84.06,201604104,1033),(959,100,70,72.5,60,75.63,201604105,1033),(960,60,80,72.5,70,70.63,201604106,1033),(961,80,90,87.5,80,84.38,201604107,1033),(962,100,100,97.5,90,96.88,201604108,1033),(963,100,60,72.5,60,73.13,201604109,1033),(964,70,70,82.25,90,78.06,201604110,1033),(965,99,80,94.75,100,93.44,201604111,1033),(966,100,60,70,60,72.5,201604112,1033),(967,60,70,70,70,67.5,201604113,1033),(968,80,80,85,80,81.25,201604114,1033),(969,100,90,95,90,93.75,201604115,1033),(970,100,60,72.5,60,73.13,201604116,1033),(971,70,90,87.25,90,84.31,201604117,1033),(972,99,100,99.75,100,99.69,201604118,1033),(973,100,60,70,60,72.5,201604119,1033),(974,60,70,70,70,67.5,201604120,1033),(975,80,80,85,80,81.25,201604121,1033),(976,100,90,95,90,93.75,201604122,1033),(977,100,60,72.5,60,73.13,201604123,1033),(978,70,90,87.25,90,84.31,201604124,1033),(979,99,100,99.75,100,99.69,201604125,1033),(980,100,60,70,60,72.5,201604126,1033),(981,70,70,72.5,70,70.63,201604127,1033),(982,99,80,89.75,80,87.19,201604128,1033),(983,100,90,95,90,93.75,201604129,1033),(984,60,60,62.5,60,60.63,201604130,1033),(985,80,90,89.75,90,87.44,201604131,1033),(986,100,100,100,100,100,201604132,1033),(987,100,60,70,60,72.5,201604133,1033),(988,70,70,72.5,70,70.63,201604134,1033),(989,99,80,89.75,80,87.19,201604135,1033),(990,100,90,95,90,93.75,201604136,1033),(991,60,60,62.5,60,60.63,201604137,1033),(992,80,90,89.75,90,87.44,201604138,1033),(993,100,100,100,100,100,201604139,1033),(994,100,60,72.5,60,73.13,201604140,1033),(995,70,70,82.25,90,78.06,201604141,1033),(996,99,80,94.75,100,93.44,201604142,1033),(997,100,90,77.5,60,81.88,201604143,1033),(998,60,60,67.5,70,64.38,201604144,1033),(999,80,90,87.5,80,84.38,201604145,1033),(1000,100,100,97.5,90,96.88,201604146,1033),(1001,100,60,72.5,60,73.13,201604147,1033),(1002,70,90,87.25,90,84.31,201604148,1033),(1003,99,100,99.75,100,99.69,201604149,1033),(1004,100,60,70,60,72.5,201604150,1033),(1005,60,70,70,70,67.5,201604151,1033),(1006,80,80,85,80,81.25,201604152,1033),(1007,100,90,95,90,93.75,201604153,1033),(1008,100,60,72.5,60,73.13,201604154,1033),(1009,70,90,87.25,90,84.31,201604157,1033),(1010,99,100,99.75,100,99.69,201604158,1033),(1011,100,60,70,60,72.5,201604159,1033),(1012,70,70,72.5,70,70.63,201604160,1033),(1013,99,80,89.75,80,87.19,201604161,1033),(1014,100,90,95,90,93.75,201604162,1033),(1015,60,60,62.5,60,60.63,201604163,1033),(1016,80,90,89.75,90,87.44,201604164,1033),(1017,100,100,100,100,100,201604165,1033),(1018,100,60,70,60,72.5,201604166,1033),(1019,70,70,72.5,70,70.63,201604167,1033),(1020,99,80,89.75,80,87.19,201605168,1043),(1021,100,90,95,90,93.75,201605169,1043),(1022,60,60,62.5,60,60.63,201605170,1043),(1023,80,90,89.75,90,87.44,201605171,1043),(1024,100,100,100,100,100,201605172,1043),(1025,99,60,72.25,60,72.81,201605173,1043),(1026,100,70,89.75,90,87.44,201605174,1043),(1027,60,80,85,100,81.25,201605175,1043),(1028,80,90,72.5,60,75.63,201605176,1043),(1029,100,60,77.5,70,76.88,201605177,1043),(1030,100,90,92.5,80,90.63,201605178,1043),(1031,70,100,90,90,87.5,201605179,1043),(1032,99,60,72.25,60,72.81,201605180,1043),(1033,100,90,94.75,90,93.69,201605181,1043),(1034,60,100,90,100,87.5,201605182,1043),(1035,80,60,65,60,66.25,201605183,1043),(1036,80,70,75,70,73.75,201605184,1043),(1037,100,80,90,80,87.5,201605185,1043),(1038,99,90,94.5,90,93.38,201605186,1043),(1039,100,60,90,100,87.5,201605187,1043),(1040,60,90,67.5,60,69.38,201605188,1043),(1041,80,100,82.5,70,83.13,201605189,1043),(1042,100,60,85,80,81.25,201605190,1043),(1043,60,70,80,90,75,201605191,1043),(1044,80,80,72.5,60,73.13,201605192,1043),(1045,100,90,94.75,90,93.69,201605193,1043),(1046,100,100,100,100,100,201605194,1043),(1047,70,60,62.5,60,63.13,201605195,1043),(1048,99,70,79.75,70,79.69,201605196,1043),(1049,100,80,82.5,70,83.13,201605197,1043),(1050,60,90,82.5,80,78.13,201605198,1043),(1051,80,60,82.25,90,78.06,201605199,1043),(1052,100,90,97.5,100,96.88,201605200,1043),(1053,100,100,80,60,85,201605201,1043),(1054,70,60,70,70,67.5,201605202,1043),(1055,99,70,87.25,80,84.06,201605203,1043),(1056,100,70,72.5,60,75.63,201605204,1043),(1057,60,80,72.5,70,70.63,201605205,1043),(1058,80,90,87.5,80,84.38,201605206,1043),(1059,100,100,97.5,90,96.88,201605207,1043),(1060,100,60,72.5,60,73.13,201605208,1043),(1061,70,70,82.25,90,78.06,201605209,1043),(1062,99,80,94.75,100,93.44,201605210,1043),(1063,100,60,70,60,72.5,201605211,1043),(1064,60,70,70,70,67.5,201605212,1043),(1065,80,80,85,80,81.25,201605213,1043),(1066,100,90,95,90,93.75,201605214,1043),(1067,100,60,72.5,60,73.13,201605215,1043),(1068,70,90,87.25,90,84.31,201605216,1043),(1069,99,100,99.75,100,99.69,201605217,1043),(1070,100,60,70,60,72.5,201605218,1043),(1071,60,70,70,70,67.5,201605219,1043),(1072,80,80,85,80,81.25,201605220,1043),(1073,100,90,95,90,93.75,201605221,1043),(1074,100,60,72.5,60,73.13,201605222,1043),(1075,70,90,87.25,90,84.31,201605223,1043),(1076,99,100,99.75,100,99.69,201605224,1043),(1077,100,60,70,60,72.5,201605225,1043),(1078,70,70,72.5,70,70.63,201605226,1043),(1079,99,80,89.75,80,87.19,201605227,1043),(1080,100,90,95,90,93.75,201605228,1043),(1081,60,60,62.5,60,60.63,201605229,1043),(1082,80,90,89.75,90,87.44,201605230,1043),(1083,100,100,100,100,100,201605231,1043),(1084,100,60,70,60,72.5,201605232,1043),(1085,70,70,72.5,70,70.63,201606104,1053),(1086,99,80,89.75,80,87.19,201606105,1053),(1087,100,90,95,90,93.75,201606106,1053),(1088,60,60,62.5,60,60.63,201606107,1053),(1089,80,90,89.75,90,87.44,201606108,1053),(1090,100,100,100,100,100,201606109,1053),(1091,100,60,72.5,60,73.13,201606110,1053),(1092,70,70,82.25,90,78.06,201606111,1053),(1093,99,80,94.75,100,93.44,201606112,1053),(1094,100,90,77.5,60,81.88,201606113,1053),(1095,60,60,67.5,70,64.38,201606114,1053),(1096,80,90,87.5,80,84.38,201606115,1053),(1097,100,100,97.5,90,96.88,201606116,1053),(1098,100,60,72.5,60,73.13,201606117,1053),(1099,70,90,87.25,90,84.31,201606118,1053),(1100,99,100,99.75,100,99.69,201606119,1053),(1101,100,60,70,60,72.5,201606120,1053),(1102,60,70,70,70,67.5,201606121,1053),(1103,80,80,85,80,81.25,201606122,1053),(1104,100,90,95,90,93.75,201606123,1053),(1105,100,60,72.5,60,73.13,201606124,1053),(1106,70,90,87.25,90,84.31,201606125,1053),(1107,99,100,99.75,100,99.69,201606126,1053),(1108,100,60,70,60,72.5,201606127,1053),(1109,70,70,72.5,70,70.63,201606128,1053),(1110,99,80,89.75,80,87.19,201606129,1053),(1111,100,90,95,90,93.75,201606130,1053),(1112,60,60,62.5,60,60.63,201606131,1053),(1113,80,90,89.75,90,87.44,201606132,1053),(1114,100,100,100,100,100,201606133,1053),(1115,100,60,70,60,72.5,201606134,1053),(1116,70,70,72.5,70,70.63,201606135,1053),(1117,99,80,89.75,80,87.19,201606136,1053),(1118,100,90,95,90,93.75,201606137,1053),(1119,60,60,62.5,60,60.63,201606138,1053),(1120,80,90,89.75,90,87.44,201606139,1053),(1121,100,100,100,100,100,201606141,1053),(1122,99,62,72.75,60,73.44,201606142,1053),(1123,100,97,96.5,90,95.88,201606143,1053),(1124,60,99,89.75,100,87.19,201606144,1053),(1125,80,60,65,60,66.25,201606145,1053),(1126,100,75,81.25,70,81.56,201606146,1053),(1127,100,90,92.5,80,90.63,201606147,1053),(1128,70,95,88.75,90,85.94,201606148,1053),(1129,80,62,68,60,67.5,201606149,1053),(1130,90,97,94,90,92.75,201606150,1053),(1131,100,99,99.75,100,99.69,201606151,1053),(1132,60,60,60,60,60,201606152,1053),(1133,70,75,73.75,70,72.19,201606153,1053),(1134,80,90,87.5,80,84.38,201606154,1053),(1135,90,97,94,90,92.75,201606155,1053),(1136,60,99,89.75,100,87.19,201606156,1053),(1137,90,60,67.5,60,69.38,201606157,1053),(1138,100,75,81.25,70,81.56,201606158,1053),(1139,60,90,82.5,80,78.13,201606159,1053),(1140,70,95,88.75,90,85.94,201606160,1053),(1141,70,62,65.5,60,64.38,201606161,1053),(1142,95,97,95.25,90,94.31,201606162,1053),(1143,97,99,99,100,98.75,201606163,1053),(1144,60,60,60,60,60,201606164,1053),(1145,69,75,73.5,70,71.88,201606165,1053),(1146,69,75,73.5,70,71.88,201606166,1053),(1147,72.5,60,70,60,65.63,201601101,1004),(1148,69.06,75,71.25,70,71.33,201601102,1004),(1149,84.38,90,87.5,80,85.47,201601103,1004),(1150,95.31,95,96.25,90,94.14,201601104,1004),(1151,73.75,62,73,60,67.19,201601105,1004),(1152,86.5,97,89,90,90.63,201601106,1004),(1153,99.38,99,99.5,100,99.47,201601107,1004),(1154,72.5,60,70,60,65.63,201601108,1004),(1155,67.5,70,70,70,69.38,201601109,1004),(1156,81.25,80,85,80,81.56,201601110,1004),(1157,93.75,90,95,90,92.19,201601111,1004),(1158,73.13,60,72.5,60,66.41,201601112,1004),(1159,84.31,90,87.25,90,87.89,201601113,1004),(1160,99.69,100,99.75,100,99.86,201601114,1004),(1161,72.5,60,70,60,65.63,201601115,1004),(1162,67.5,70,70,70,69.38,201601116,1004),(1163,81.25,80,85,80,81.56,201601117,1004),(1164,93.75,90,95,90,92.19,201601118,1004),(1165,73.13,60,72.5,60,66.41,201601119,1004),(1166,84.31,90,87.25,90,87.89,201601120,1004),(1167,99.69,100,99.75,100,99.86,201601121,1004),(1168,72.5,60,70,60,65.63,201601122,1004),(1169,70.63,70,72.5,70,70.78,201601123,1004),(1170,87.19,80,89.75,80,84.23,201601124,1004),(1171,93.75,90,95,90,92.19,201601125,1004),(1172,60.63,60,62.5,60,60.78,201601126,1004),(1173,87.44,90,89.75,90,89.3,201601127,1004),(1174,100,100,100,100,100,201601128,1004),(1175,72.5,60,70,60,65.63,201601129,1004),(1176,70.63,70,72.5,70,70.78,201601130,1004),(1177,87.19,80,89.75,80,84.23,201601131,1004),(1178,93.75,90,95,90,92.19,201601132,1004),(1179,60.63,60,62.5,60,60.78,201601133,1004),(1180,87.44,90,89.75,90,89.3,201601134,1004),(1181,100,100,100,100,100,201601135,1004),(1182,73.13,60,72.5,60,66.41,201601136,1004),(1183,78.06,70,82.25,90,80.08,201601137,1004),(1184,93.44,80,94.75,100,92.05,201601138,1004),(1185,81.88,90,77.5,60,77.34,201601139,1004),(1186,64.38,60,67.5,70,65.47,201601140,1004),(1187,84.38,90,87.5,80,85.47,201601141,1004),(1188,96.88,100,97.5,90,96.09,201601142,1004),(1189,73.13,60,72.5,60,66.41,201601143,1004),(1190,84.31,90,87.25,90,87.89,201601144,1004),(1191,99.69,100,99.75,100,99.86,201601145,1004),(1192,72.5,60,70,60,65.63,201601146,1004),(1193,67.5,70,70,70,69.38,201601147,1004),(1194,81.25,80,85,80,81.56,201601148,1004),(1195,93.75,90,95,90,92.19,201601149,1004),(1196,73.13,60,72.5,60,66.41,201601150,1004),(1197,84.31,90,87.25,90,87.89,201601151,1004),(1198,99.69,100,99.75,100,99.86,201601152,1004),(1199,72.5,60,70,60,65.63,201601153,1004),(1200,70.63,70,72.5,70,70.78,201601154,1004),(1201,87.19,80,89.75,80,84.23,201601155,1004),(1202,93.75,90,95,90,92.19,201601156,1004),(1203,60.63,60,62.5,60,60.78,201601157,1004),(1204,87.44,90,89.75,90,89.3,201601158,1004),(1205,100,100,100,100,100,201602101,1014),(1206,72.5,60,70,60,65.63,201602102,1014),(1207,70.63,70,72.5,70,70.78,201602103,1014),(1208,87.19,80,89.75,80,84.23,201602104,1014),(1209,93.75,90,95,90,92.19,201602105,1014),(1210,60.63,60,62.5,60,60.78,201602106,1014),(1211,87.44,90,89.75,90,89.3,201602107,1014),(1212,100,100,100,100,100,201602108,1014),(1213,72.81,60,72.25,60,66.27,201602109,1014),(1214,87.44,70,89.75,90,84.3,201602110,1014),(1215,81.25,80,85,100,86.56,201602111,1014),(1216,75.63,90,72.5,60,74.53,201602112,1014),(1217,76.88,60,77.5,70,71.09,201602113,1014),(1218,90.63,90,92.5,80,88.28,201602114,1014),(1219,87.5,100,90,90,91.88,201602115,1014),(1220,72.81,60,72.25,60,66.27,201602116,1014),(1221,93.69,90,94.75,90,92.11,201602117,1014),(1222,87.5,100,90,100,94.38,201602118,1014),(1223,66.25,60,65,60,62.81,201602119,1014),(1224,73.75,70,75,70,72.19,201602120,1014),(1225,87.5,80,90,80,84.38,201602121,1014),(1226,93.38,90,94.5,90,91.97,201602122,1014),(1227,87.5,60,90,100,84.38,201602123,1014),(1228,69.38,90,67.5,60,71.72,201602124,1014),(1229,83.13,100,82.5,70,83.91,201602125,1014),(1230,81.25,60,85,80,76.56,201602126,1014),(1231,75,70,80,90,78.75,201602127,1014),(1232,73.13,80,72.5,60,71.41,201602128,1014),(1233,93.69,90,94.75,90,92.11,201602129,1014),(1234,100,100,100,100,100,201602130,1014),(1235,63.13,60,62.5,60,61.41,201602131,1014),(1236,79.69,70,79.75,70,74.86,201602132,1014),(1237,83.13,80,82.5,70,78.91,201602133,1014),(1238,78.13,90,82.5,80,82.66,201602134,1014),(1239,78.06,60,82.25,90,77.58,201602135,1014),(1240,96.88,90,97.5,100,96.09,201602136,1014),(1241,85,100,80,60,81.25,201602137,1014),(1242,67.5,60,70,70,66.88,201602138,1014),(1243,84.06,70,87.25,80,80.33,201602139,1014),(1244,75.63,70,72.5,60,69.53,201602140,1014),(1245,70.63,80,72.5,70,73.28,201602141,1014),(1246,84.38,90,87.5,80,85.47,201602142,1014),(1247,96.88,100,97.5,90,96.09,201602143,1014),(1248,73.13,60,72.5,60,66.41,201602144,1014),(1249,78.06,70,82.25,90,80.08,201602145,1014),(1250,93.44,80,94.75,100,92.05,201602146,1014),(1251,72.5,60,70,60,65.63,201602147,1014),(1252,67.5,70,70,70,69.38,201602148,1014),(1253,81.25,80,85,80,81.56,201602149,1014),(1254,93.75,90,95,90,92.19,201602150,1014),(1255,73.13,60,72.5,60,66.41,201602151,1014),(1256,84.31,90,87.25,90,87.89,201602152,1014),(1257,99.69,100,99.75,100,99.86,201602153,1014),(1258,72.5,60,70,60,65.63,201602154,1014),(1259,67.5,70,70,70,69.38,201602155,1014),(1260,81.25,80,85,80,81.56,201602156,1014),(1261,93.75,90,95,90,92.19,201602157,1014),(1262,73.13,60,72.5,60,66.41,201602158,1014),(1263,84.31,90,87.25,90,87.89,201602159,1014),(1264,99.69,100,99.75,100,99.86,201602160,1014),(1265,72.5,60,70,60,65.63,201602161,1014),(1266,70.63,70,72.5,70,70.78,201602162,1014),(1267,87.19,80,89.75,80,84.23,201602163,1014),(1268,93.75,90,95,90,92.19,201602164,1014),(1269,60.63,60,62.5,60,60.78,201602165,1014),(1270,87.44,90,89.75,90,89.3,201602166,1014),(1271,100,100,100,100,100,201603101,1024),(1272,72.5,60,70,60,65.63,201603102,1024),(1273,70.63,70,72.5,70,70.78,201603103,1024),(1274,87.19,80,89.75,80,84.23,201603104,1024),(1275,93.75,90,95,90,92.19,201603105,1024),(1276,60.63,60,62.5,60,60.78,201603106,1024),(1277,87.44,90,89.75,90,89.3,201603107,1024),(1278,100,100,100,100,100,201603108,1024),(1279,73.13,60,72.5,60,66.41,201603109,1024),(1280,78.06,70,82.25,90,80.08,201603110,1024),(1281,93.44,80,94.75,100,92.05,201603111,1024),(1282,81.88,90,77.5,60,77.34,201603112,1024),(1283,64.38,60,67.5,70,65.47,201603113,1024),(1284,84.38,90,87.5,80,85.47,201603114,1024),(1285,96.88,100,97.5,90,96.09,201603115,1024),(1286,73.13,60,72.5,60,66.41,201603116,1024),(1287,84.31,90,87.25,90,87.89,201603117,1024),(1288,99.69,100,99.75,100,99.86,201603118,1024),(1289,72.5,60,70,60,65.63,201603119,1024),(1290,67.5,70,70,70,69.38,201603120,1024),(1291,81.25,80,85,80,81.56,201603121,1024),(1292,93.75,90,95,90,92.19,201603122,1024),(1293,73.13,60,72.5,60,66.41,201603123,1024),(1294,84.31,90,87.25,90,87.89,201603124,1024),(1295,99.69,100,99.75,100,99.86,201603125,1024),(1296,72.5,60,70,60,65.63,201603126,1024),(1297,70.63,70,72.5,70,70.78,201603127,1024),(1298,87.19,80,89.75,80,84.23,201603128,1024),(1299,93.75,90,95,90,92.19,201603129,1024),(1300,60.63,60,62.5,60,60.78,201603130,1024),(1301,87.44,90,89.75,90,89.3,201603131,1024),(1302,100,100,100,100,100,201603132,1024),(1303,72.5,60,70,60,65.63,201603133,1024),(1304,70.63,70,72.5,70,70.78,201603134,1024),(1305,87.19,80,89.75,80,84.23,201603135,1024),(1306,93.75,90,95,90,92.19,201603136,1024),(1307,60.63,60,62.5,60,60.78,201603137,1024),(1308,87.44,90,89.75,90,89.3,201603138,1024),(1309,100,100,100,100,100,201603139,1024),(1310,72.81,60,72.25,60,66.27,201603140,1024),(1311,87.44,70,89.75,90,84.3,201603141,1024),(1312,81.25,80,85,100,86.56,201603142,1024),(1313,75.63,90,72.5,60,74.53,201603143,1024),(1314,76.88,60,77.5,70,71.09,201603144,1024),(1315,90.63,90,92.5,80,88.28,201603145,1024),(1316,87.5,100,90,90,91.88,201603146,1024),(1317,72.81,60,72.25,60,66.27,201603147,1024),(1318,93.69,90,94.75,90,92.11,201603148,1024),(1319,87.5,100,90,100,94.38,201603149,1024),(1320,66.25,60,65,60,62.81,201603150,1024),(1321,73.75,70,75,70,72.19,201603151,1024),(1322,87.5,80,90,80,84.38,201603152,1024),(1323,93.38,90,94.5,90,91.97,201603153,1024),(1324,87.5,60,90,100,84.38,201603154,1024),(1325,69.38,90,67.5,60,71.72,201603155,1024),(1326,83.13,100,82.5,70,83.91,201603156,1024),(1327,81.25,60,85,80,76.56,201603157,1024),(1328,75,70,80,90,78.75,201603158,1024),(1329,73.13,80,72.5,60,71.41,201603159,1024),(1330,93.69,90,94.75,90,92.11,201603160,1024),(1331,100,100,100,100,100,201603161,1024),(1332,63.13,60,62.5,60,61.41,201603162,1024),(1333,79.69,70,79.75,70,74.86,201603163,1024),(1334,83.13,80,82.5,70,78.91,201603164,1024),(1335,78.13,90,82.5,80,82.66,201603165,1024),(1336,78.06,60,82.25,90,77.58,201603166,1024),(1337,96.88,90,97.5,100,96.09,201604101,1034),(1338,85,100,80,60,81.25,201604102,1034),(1339,67.5,60,70,70,66.88,201604103,1034),(1340,84.06,70,87.25,80,80.33,201604104,1034),(1341,75.63,70,72.5,60,69.53,201604105,1034),(1342,70.63,80,72.5,70,73.28,201604106,1034),(1343,84.38,90,87.5,80,85.47,201604107,1034),(1344,96.88,100,97.5,90,96.09,201604108,1034),(1345,73.13,60,72.5,60,66.41,201604109,1034),(1346,78.06,70,82.25,90,80.08,201604110,1034),(1347,93.44,80,94.75,100,92.05,201604111,1034),(1348,72.5,60,70,60,65.63,201604112,1034),(1349,67.5,70,70,70,69.38,201604113,1034),(1350,81.25,80,85,80,81.56,201604114,1034),(1351,93.75,90,95,90,92.19,201604115,1034),(1352,73.13,60,72.5,60,66.41,201604116,1034),(1353,84.31,90,87.25,90,87.89,201604117,1034),(1354,99.69,100,99.75,100,99.86,201604118,1034),(1355,72.5,60,70,60,65.63,201604119,1034),(1356,67.5,70,70,70,69.38,201604120,1034),(1357,81.25,80,85,80,81.56,201604121,1034),(1358,93.75,90,95,90,92.19,201604122,1034),(1359,73.13,60,72.5,60,66.41,201604123,1034),(1360,84.31,90,87.25,90,87.89,201604124,1034),(1361,99.69,100,99.75,100,99.86,201604125,1034),(1362,72.5,60,70,60,65.63,201604126,1034),(1363,70.63,70,72.5,70,70.78,201604127,1034),(1364,87.19,80,89.75,80,84.23,201604128,1034),(1365,93.75,90,95,90,92.19,201604129,1034),(1366,60.63,60,62.5,60,60.78,201604130,1034),(1367,87.44,90,89.75,90,89.3,201604131,1034),(1368,100,100,100,100,100,201604132,1034),(1369,72.5,60,70,60,65.63,201604133,1034),(1370,70.63,70,72.5,70,70.78,201604134,1034),(1371,87.19,80,89.75,80,84.23,201604135,1034),(1372,93.75,90,95,90,92.19,201604136,1034),(1373,60.63,60,62.5,60,60.78,201604137,1034),(1374,87.44,90,89.75,90,89.3,201604138,1034),(1375,100,100,100,100,100,201604139,1034),(1376,73.13,60,72.5,60,66.41,201604140,1034),(1377,78.06,70,82.25,90,80.08,201604141,1034),(1378,93.44,80,94.75,100,92.05,201604142,1034),(1379,81.88,90,77.5,60,77.34,201604143,1034),(1380,64.38,60,67.5,70,65.47,201604144,1034),(1381,84.38,90,87.5,80,85.47,201604145,1034),(1382,96.88,100,97.5,90,96.09,201604146,1034),(1383,73.13,60,72.5,60,66.41,201604147,1034),(1384,84.31,90,87.25,90,87.89,201604148,1034),(1385,99.69,100,99.75,100,99.86,201604149,1034),(1386,72.5,60,70,60,65.63,201604150,1034),(1387,67.5,70,70,70,69.38,201604151,1034),(1388,81.25,80,85,80,81.56,201604152,1034),(1389,93.75,90,95,90,92.19,201604153,1034),(1390,73.13,60,72.5,60,66.41,201604154,1034),(1391,84.31,90,87.25,90,87.89,201604157,1034),(1392,99.69,100,99.75,100,99.86,201604158,1034),(1393,72.5,60,70,60,65.63,201604159,1034),(1394,70.63,70,72.5,70,70.78,201604160,1034),(1395,87.19,80,89.75,80,84.23,201604161,1034),(1396,93.75,90,95,90,92.19,201604162,1034),(1397,60.63,60,62.5,60,60.78,201604163,1034),(1398,87.44,90,89.75,90,89.3,201604164,1034),(1399,100,100,100,100,100,201604165,1034),(1400,72.5,60,70,60,65.63,201604166,1034),(1401,70.63,70,72.5,70,70.78,201604167,1034),(1402,87.19,80,89.75,80,84.23,201605168,1044),(1403,93.75,90,95,90,92.19,201605169,1044),(1404,60.63,60,62.5,60,60.78,201605170,1044),(1405,87.44,90,89.75,90,89.3,201605171,1044),(1406,100,100,100,100,100,201605172,1044),(1407,72.81,60,72.25,60,66.27,201605173,1044),(1408,87.44,70,89.75,90,84.3,201605174,1044),(1409,81.25,80,85,100,86.56,201605175,1044),(1410,75.63,90,72.5,60,74.53,201605176,1044),(1411,76.88,60,77.5,70,71.09,201605177,1044),(1412,90.63,90,92.5,80,88.28,201605178,1044),(1413,87.5,100,90,90,91.88,201605179,1044),(1414,72.81,60,72.25,60,66.27,201605180,1044),(1415,93.69,90,94.75,90,92.11,201605181,1044),(1416,87.5,100,90,100,94.38,201605182,1044),(1417,66.25,60,65,60,62.81,201605183,1044),(1418,73.75,70,75,70,72.19,201605184,1044),(1419,87.5,80,90,80,84.38,201605185,1044),(1420,93.38,90,94.5,90,91.97,201605186,1044),(1421,87.5,60,90,100,84.38,201605187,1044),(1422,69.38,90,67.5,60,71.72,201605188,1044),(1423,83.13,100,82.5,70,83.91,201605189,1044),(1424,81.25,60,85,80,76.56,201605190,1044),(1425,75,70,80,90,78.75,201605191,1044),(1426,73.13,80,72.5,60,71.41,201605192,1044),(1427,93.69,90,94.75,90,92.11,201605193,1044),(1428,100,100,100,100,100,201605194,1044),(1429,63.13,60,62.5,60,61.41,201605195,1044),(1430,79.69,70,79.75,70,74.86,201605196,1044),(1431,83.13,80,82.5,70,78.91,201605197,1044),(1432,78.13,90,82.5,80,82.66,201605198,1044),(1433,78.06,60,82.25,90,77.58,201605199,1044),(1434,96.88,90,97.5,100,96.09,201605200,1044),(1435,85,100,80,60,81.25,201605201,1044),(1436,67.5,60,70,70,66.88,201605202,1044),(1437,84.06,70,87.25,80,80.33,201605203,1044),(1438,75.63,70,72.5,60,69.53,201605204,1044),(1439,70.63,80,72.5,70,73.28,201605205,1044),(1440,84.38,90,87.5,80,85.47,201605206,1044),(1441,96.88,100,97.5,90,96.09,201605207,1044),(1442,73.13,60,72.5,60,66.41,201605208,1044),(1443,78.06,70,82.25,90,80.08,201605209,1044),(1444,93.44,80,94.75,100,92.05,201605210,1044),(1445,72.5,60,70,60,65.63,201605211,1044),(1446,67.5,70,70,70,69.38,201605212,1044),(1447,81.25,80,85,80,81.56,201605213,1044),(1448,93.75,90,95,90,92.19,201605214,1044),(1449,73.13,60,72.5,60,66.41,201605215,1044),(1450,84.31,90,87.25,90,87.89,201605216,1044),(1451,99.69,100,99.75,100,99.86,201605217,1044),(1452,72.5,60,70,60,65.63,201605218,1044),(1453,67.5,70,70,70,69.38,201605219,1044),(1454,81.25,80,85,80,81.56,201605220,1044),(1455,93.75,90,95,90,92.19,201605221,1044),(1456,73.13,60,72.5,60,66.41,201605222,1044),(1457,84.31,90,87.25,90,87.89,201605223,1044),(1458,99.69,100,99.75,100,99.86,201605224,1044),(1459,72.5,60,70,60,65.63,201605225,1044),(1460,70.63,70,72.5,70,70.78,201605226,1044),(1461,87.19,80,89.75,80,84.23,201605227,1044),(1462,93.75,90,95,90,92.19,201605228,1044),(1463,60.63,60,62.5,60,60.78,201605229,1044),(1464,87.44,90,89.75,90,89.3,201605230,1044),(1465,100,100,100,100,100,201605231,1044),(1466,72.5,60,70,60,65.63,201605232,1044),(1467,70.63,70,72.5,70,70.78,201606104,1054),(1468,87.19,80,89.75,80,84.23,201606105,1054),(1469,93.75,90,95,90,92.19,201606106,1054),(1470,60.63,60,62.5,60,60.78,201606107,1054),(1471,87.44,90,89.75,90,89.3,201606108,1054),(1472,100,100,100,100,100,201606109,1054),(1473,73.13,60,72.5,60,66.41,201606110,1054),(1474,78.06,70,82.25,90,80.08,201606111,1054),(1475,93.44,80,94.75,100,92.05,201606112,1054),(1476,81.88,90,77.5,60,77.34,201606113,1054),(1477,64.38,60,67.5,70,65.47,201606114,1054),(1478,84.38,90,87.5,80,85.47,201606115,1054),(1479,96.88,100,97.5,90,96.09,201606116,1054),(1480,73.13,60,72.5,60,66.41,201606117,1054),(1481,84.31,90,87.25,90,87.89,201606118,1054),(1482,99.69,100,99.75,100,99.86,201606119,1054),(1483,72.5,60,70,60,65.63,201606120,1054),(1484,67.5,70,70,70,69.38,201606121,1054),(1485,81.25,80,85,80,81.56,201606122,1054),(1486,93.75,90,95,90,92.19,201606123,1054),(1487,73.13,60,72.5,60,66.41,201606124,1054),(1488,84.31,90,87.25,90,87.89,201606125,1054),(1489,99.69,100,99.75,100,99.86,201606126,1054),(1490,72.5,60,70,60,65.63,201606127,1054),(1491,70.63,70,72.5,70,70.78,201606128,1054),(1492,87.19,80,89.75,80,84.23,201606129,1054),(1493,93.75,90,95,90,92.19,201606130,1054),(1494,60.63,60,62.5,60,60.78,201606131,1054),(1495,87.44,90,89.75,90,89.3,201606132,1054),(1496,100,100,100,100,100,201606133,1054),(1497,72.5,60,70,60,65.63,201606134,1054),(1498,70.63,70,72.5,70,70.78,201606135,1054),(1499,87.19,80,89.75,80,84.23,201606136,1054),(1500,93.75,90,95,90,92.19,201606137,1054),(1501,60.63,60,62.5,60,60.78,201606138,1054),(1502,87.44,90,89.75,90,89.3,201606139,1054),(1503,100,100,100,100,100,201606141,1054),(1504,73.44,62,72.75,60,67.05,201606142,1054),(1505,95.88,97,96.5,90,94.84,201606143,1054),(1506,87.19,99,89.75,100,93.98,201606144,1054),(1507,66.25,60,65,60,62.81,201606145,1054),(1508,81.56,75,81.25,70,76.95,201606146,1054),(1509,90.63,90,92.5,80,88.28,201606147,1054),(1510,85.94,95,88.75,90,89.92,201606148,1054),(1511,67.5,62,68,60,64.38,201606149,1054),(1512,92.75,97,94,90,93.44,201606150,1054),(1513,99.69,99,99.75,100,99.61,201606151,1054),(1514,60,60,60,60,60,201606152,1054),(1515,72.19,75,73.75,70,72.73,201606153,1054),(1516,84.38,90,87.5,80,85.47,201606154,1054),(1517,92.75,97,94,90,93.44,201606155,1054),(1518,87.19,99,89.75,100,93.98,201606156,1054),(1519,69.38,60,67.5,60,64.22,201606157,1054),(1520,81.56,75,81.25,70,76.95,201606158,1054),(1521,78.13,90,82.5,80,82.66,201606159,1054),(1522,85.94,95,88.75,90,89.92,201606160,1054),(1523,64.38,62,65.5,60,62.97,201606161,1054),(1524,94.31,97,95.25,90,94.14,201606162,1054),(1525,98.75,99,99,100,99.19,201606163,1054),(1526,60,60,60,60,60,201606164,1054),(1527,71.88,75,73.5,70,72.59,201606165,1054),(1528,71.88,75,73.5,70,72.59,201606166,1054),(1529,73,60,66,100,74.53,201601101,1005),(1530,69,80,71,60,70.1,201601102,1005),(1531,84,100,85,80,87.46,201601103,1005),(1532,95,100,94,100,97.36,201601104,1005),(1533,74,70,67,100,77.73,201601105,1005),(1534,87,99,91,70,86.53,201601106,1005),(1535,99,100,99,99,99.46,201601107,1005),(1536,73,60,66,100,74.53,201601108,1005),(1537,68,80,69,60,69.22,201601109,1005),(1538,81,100,82,80,85.7,201601110,1005),(1539,94,100,92,100,96.48,201601111,1005),(1540,73,70,66,100,77.38,201601112,1005),(1541,84,99,88,70,85.3,201601113,1005),(1542,100,100,100,99,99.64,201601114,1005),(1543,73,60,66,100,74.53,201601115,1005),(1544,68,80,69,60,69.22,201601116,1005),(1545,81,100,82,80,85.7,201601117,1005),(1546,94,100,92,100,96.48,201601118,1005),(1547,73,70,66,100,77.38,201601119,1005),(1548,84,99,88,70,85.3,201601120,1005),(1549,100,100,100,99,99.64,201601121,1005),(1550,73,60,66,100,74.53,201601122,1005),(1551,71,80,71,70,72.85,201601123,1005),(1552,87,100,84,99,92.61,201601124,1005),(1553,94,100,92,100,96.48,201601125,1005),(1554,61,70,61,60,62.85,201601126,1005),(1555,87,99,89,80,88.93,201601127,1005),(1556,100,100,100,100,100,201601128,1005),(1557,73,60,66,100,74.53,201601129,1005),(1558,71,80,71,70,72.85,201601130,1005),(1559,87,100,84,99,92.61,201601131,1005),(1560,94,100,92,100,96.48,201601132,1005),(1561,61,70,61,60,62.85,201601133,1005),(1562,87,99,89,80,88.93,201601134,1005),(1563,100,100,100,100,100,201601135,1005),(1564,73,70,66,100,77.38,201601136,1005),(1565,78,99,80,70,81.79,201601137,1005),(1566,93,100,92,99,96.12,201601138,1005),(1567,82,60,77,100,79.8,201601139,1005),(1568,64,80,65,60,67.46,201601140,1005),(1569,84,100,85,80,87.46,201601141,1005),(1570,97,100,96,100,98.24,201601142,1005),(1571,73,70,66,100,77.38,201601143,1005),(1572,84,99,88,70,85.3,201601144,1005),(1573,100,100,100,99,99.64,201601145,1005),(1574,73,60,66,100,74.53,201601146,1005),(1575,68,80,69,60,69.22,201601147,1005),(1576,81,100,82,80,85.7,201601148,1005),(1577,94,100,92,100,96.48,201601149,1005),(1578,73,70,66,100,77.38,201601150,1005),(1579,84,99,88,70,85.3,201601151,1005),(1580,100,100,100,99,99.64,201601152,1005),(1581,73,60,66,100,74.53,201601153,1005),(1582,71,80,71,70,72.85,201601154,1005),(1583,87,100,84,99,92.61,201601155,1005),(1584,94,100,92,100,96.48,201601156,1005),(1585,61,70,61,60,62.85,201601157,1005),(1586,87,99,89,80,88.93,201601158,1005),(1587,100,100,100,100,100,201602101,1015),(1588,73,60,66,100,74.53,201602102,1015),(1589,71,80,71,70,72.85,201602103,1015),(1590,87,100,84,99,92.61,201602104,1015),(1591,94,100,92,100,96.48,201602105,1015),(1592,61,70,61,60,62.85,201602106,1015),(1593,87,99,89,80,88.93,201602107,1015),(1594,100,100,100,100,100,201602108,1015),(1595,73,70,66,99,77.02,201602109,1015),(1596,87,99,84,100,92.68,201602110,1015),(1597,81,100,87,60,81.95,201602111,1015),(1598,76,60,75,80,72.54,201602112,1015),(1599,77,80,71,100,81.99,201602113,1015),(1600,91,100,88,100,94.73,201602114,1015),(1601,88,100,92,70,87.34,201602115,1015),(1602,73,70,66,99,77.02,201602116,1015),(1603,94,99,92,100,96.2,201602117,1015),(1604,88,100,94,60,85.47,201602118,1015),(1605,66,60,63,80,67.27,201602119,1015),(1606,74,80,72,80,76.48,201602120,1015),(1607,88,100,84,100,92.97,201602121,1015),(1608,93,99,92,99,95.84,201602122,1015),(1609,88,100,84,100,92.97,201602123,1015),(1610,69,60,72,60,65.27,201602124,1015),(1611,83,80,84,80,81.76,201602125,1015),(1612,81,100,77,100,89.45,201602126,1015),(1613,75,100,79,60,78.44,201602127,1015),(1614,73,70,71,80,73.63,201602128,1015),(1615,94,99,92,100,96.2,201602129,1015),(1616,100,100,100,100,100,201602130,1015),(1617,63,60,61,70,63.63,201602131,1015),(1618,80,80,75,99,83.39,201602132,1015),(1619,83,80,79,100,85.51,201602133,1015),(1620,78,100,83,60,80.2,201602134,1015),(1621,78,99,78,80,83.66,201602135,1015),(1622,97,100,96,100,98.24,201602136,1015),(1623,85,60,81,100,81.56,201602137,1015),(1624,68,80,67,70,71.09,201602138,1015),(1625,84,100,80,99,90.85,201602139,1015),(1626,76,60,70,100,76.29,201602140,1015),(1627,71,80,73,60,70.98,201602141,1015),(1628,84,100,85,80,87.46,201602142,1015),(1629,97,100,96,100,98.24,201602143,1015),(1630,73,70,66,100,77.38,201602144,1015),(1631,78,99,80,70,81.79,201602145,1015),(1632,93,100,92,99,96.12,201602146,1015),(1633,73,60,66,100,74.53,201602147,1015),(1634,68,80,69,60,69.22,201602148,1015),(1635,81,100,82,80,85.7,201602149,1015),(1636,94,100,92,100,96.48,201602150,1015),(1637,73,70,66,100,77.38,201602151,1015),(1638,84,99,88,70,85.3,201602152,1015),(1639,100,100,100,99,99.64,201602153,1015),(1640,73,60,66,100,74.53,201602154,1015),(1641,68,80,69,60,69.22,201602155,1015),(1642,81,100,82,80,85.7,201602156,1015),(1643,94,100,92,100,96.48,201602157,1015),(1644,73,70,66,100,77.38,201602158,1015),(1645,84,99,88,70,85.3,201602159,1015),(1646,100,100,100,99,99.64,201602160,1015),(1647,73,60,66,100,74.53,201602161,1015),(1648,71,80,71,70,72.85,201602162,1015),(1649,87,100,84,99,92.61,201602163,1015),(1650,94,100,92,100,96.48,201602164,1015),(1651,61,70,61,60,62.85,201602165,1015),(1652,87,99,89,80,88.93,201602166,1015),(1653,100,100,100,100,100,201603101,1025),(1654,73,60,66,100,74.53,201603102,1025),(1655,71,80,71,70,72.85,201603103,1025),(1656,87,100,84,99,92.61,201603104,1025),(1657,94,100,92,100,96.48,201603105,1025),(1658,61,70,61,60,62.85,201603106,1025),(1659,87,99,89,80,88.93,201603107,1025),(1660,100,100,100,100,100,201603108,1025),(1661,73,70,66,100,77.38,201603109,1025),(1662,78,99,80,70,81.79,201603110,1025),(1663,93,100,92,99,96.12,201603111,1025),(1664,82,60,77,100,79.8,201603112,1025),(1665,64,80,65,60,67.46,201603113,1025),(1666,84,100,85,80,87.46,201603114,1025),(1667,97,100,96,100,98.24,201603115,1025),(1668,73,70,66,100,77.38,201603116,1025),(1669,84,99,88,70,85.3,201603117,1025),(1670,100,100,100,99,99.64,201603118,1025),(1671,73,60,66,100,74.53,201603119,1025),(1672,68,80,69,60,69.22,201603120,1025),(1673,81,100,82,80,85.7,201603121,1025),(1674,94,100,92,100,96.48,201603122,1025),(1675,73,70,66,100,77.38,201603123,1025),(1676,84,99,88,70,85.3,201603124,1025),(1677,100,100,100,99,99.64,201603125,1025),(1678,73,60,66,100,74.53,201603126,1025),(1679,71,80,71,70,72.85,201603127,1025),(1680,87,100,84,99,92.61,201603128,1025),(1681,94,100,92,100,96.48,201603129,1025),(1682,61,70,61,60,62.85,201603130,1025),(1683,87,99,89,80,88.93,201603131,1025),(1684,100,100,100,100,100,201603132,1025),(1685,73,60,66,100,74.53,201603133,1025),(1686,71,80,71,70,72.85,201603134,1025),(1687,87,100,84,99,92.61,201603135,1025),(1688,94,100,92,100,96.48,201603136,1025),(1689,61,70,61,60,62.85,201603137,1025),(1690,87,99,89,80,88.93,201603138,1025),(1691,100,100,100,100,100,201603139,1025),(1692,73,70,66,99,77.02,201603140,1025),(1693,87,99,84,100,92.68,201603141,1025),(1694,81,100,87,60,81.95,201603142,1025),(1695,76,60,75,80,72.54,201603143,1025),(1696,77,80,71,100,81.99,201603144,1025),(1697,91,100,88,100,94.73,201603145,1025),(1698,88,100,92,70,87.34,201603146,1025),(1699,73,70,66,99,77.02,201603147,1025),(1700,94,99,92,100,96.2,201603148,1025),(1701,88,100,94,60,85.47,201603149,1025),(1702,66,60,63,80,67.27,201603150,1025),(1703,74,80,72,80,76.48,201603151,1025),(1704,88,100,84,100,92.97,201603152,1025),(1705,93,99,92,99,95.84,201603153,1025),(1706,88,100,84,100,92.97,201603154,1025),(1707,69,60,72,60,65.27,201603155,1025),(1708,83,80,84,80,81.76,201603156,1025),(1709,81,100,77,100,89.45,201603157,1025),(1710,75,100,79,60,78.44,201603158,1025),(1711,73,70,71,80,73.63,201603159,1025),(1712,94,99,92,100,96.2,201603160,1025),(1713,100,100,100,100,100,201603161,1025),(1714,63,60,61,70,63.63,201603162,1025),(1715,80,80,75,99,83.39,201603163,1025),(1716,83,80,79,100,85.51,201603164,1025),(1717,78,100,83,60,80.2,201603165,1025),(1718,78,99,78,80,83.66,201603166,1025),(1719,97,100,96,100,98.24,201604101,1035),(1720,85,60,81,100,81.56,201604102,1035),(1721,68,80,67,70,71.09,201604103,1035),(1722,84,100,80,99,90.85,201604104,1035),(1723,76,60,70,100,76.29,201604105,1035),(1724,71,80,73,60,70.98,201604106,1035),(1725,84,100,85,80,87.46,201604107,1035),(1726,97,100,96,100,98.24,201604108,1035),(1727,73,70,66,100,77.38,201604109,1035),(1728,78,99,80,70,81.79,201604110,1035),(1729,93,100,92,99,96.12,201604111,1035),(1730,73,60,66,100,74.53,201604112,1035),(1731,68,80,69,60,69.22,201604113,1035),(1732,81,100,82,80,85.7,201604114,1035),(1733,94,100,92,100,96.48,201604115,1035),(1734,73,70,66,100,77.38,201604116,1035),(1735,84,99,88,70,85.3,201604117,1035),(1736,100,100,100,99,99.64,201604118,1035),(1737,73,60,66,100,74.53,201604119,1035),(1738,68,80,69,60,69.22,201604120,1035),(1739,81,100,82,80,85.7,201604121,1035),(1740,94,100,92,100,96.48,201604122,1035),(1741,73,70,66,100,77.38,201604123,1035),(1742,84,99,88,70,85.3,201604124,1035),(1743,100,100,100,99,99.64,201604125,1035),(1744,73,60,66,100,74.53,201604126,1035),(1745,71,80,71,70,72.85,201604127,1035),(1746,87,100,84,99,92.61,201604128,1035),(1747,94,100,92,100,96.48,201604129,1035),(1748,61,70,61,60,62.85,201604130,1035),(1749,87,99,89,80,88.93,201604131,1035),(1750,100,100,100,100,100,201604132,1035),(1751,73,60,66,100,74.53,201604133,1035),(1752,71,80,71,70,72.85,201604134,1035),(1753,87,100,84,99,92.61,201604135,1035),(1754,94,100,92,100,96.48,201604136,1035),(1755,61,70,61,60,62.85,201604137,1035),(1756,87,99,89,80,88.93,201604138,1035),(1757,100,100,100,100,100,201604139,1035),(1758,73,70,66,100,77.38,201604140,1035),(1759,78,99,80,70,81.79,201604141,1035),(1760,93,100,92,99,96.12,201604142,1035),(1761,82,60,77,100,79.8,201604143,1035),(1762,64,80,65,60,67.46,201604144,1035),(1763,84,100,85,80,87.46,201604145,1035),(1764,97,100,96,100,98.24,201604146,1035),(1765,73,70,66,100,77.38,201604147,1035),(1766,84,99,88,70,85.3,201604148,1035),(1767,100,100,100,99,99.64,201604149,1035),(1768,73,60,66,100,74.53,201604150,1035),(1769,68,80,69,60,69.22,201604151,1035),(1770,81,100,82,80,85.7,201604152,1035),(1771,94,100,92,100,96.48,201604153,1035),(1772,73,70,66,100,77.38,201604154,1035),(1773,84,99,88,70,85.3,201604157,1035),(1774,100,100,100,99,99.64,201604158,1035),(1775,73,60,66,100,74.53,201604159,1035),(1776,71,80,71,70,72.85,201604160,1035),(1777,87,100,84,99,92.61,201604161,1035),(1778,94,100,92,100,96.48,201604162,1035),(1779,61,70,61,60,62.85,201604163,1035),(1780,87,99,89,80,88.93,201604164,1035),(1781,100,100,100,100,100,201604165,1035),(1782,73,60,66,100,74.53,201604166,1035),(1783,71,80,71,70,72.85,201604167,1035),(1784,87,100,84,99,92.61,201605168,1045),(1785,94,100,92,100,96.48,201605169,1045),(1786,61,70,61,60,62.85,201605170,1045),(1787,87,99,89,80,88.93,201605171,1045),(1788,100,100,100,100,100,201605172,1045),(1789,73,70,66,99,77.02,201605173,1045),(1790,87,99,84,100,92.68,201605174,1045),(1791,81,100,87,60,81.95,201605175,1045),(1792,76,60,75,80,72.54,201605176,1045),(1793,77,80,71,100,81.99,201605177,1045),(1794,91,100,88,100,94.73,201605178,1045),(1795,88,100,92,70,87.34,201605179,1045),(1796,73,70,66,99,77.02,201605180,1045),(1797,94,99,92,100,96.2,201605181,1045),(1798,88,100,94,60,85.47,201605182,1045),(1799,66,60,63,80,67.27,201605183,1045),(1800,74,80,72,80,76.48,201605184,1045),(1801,88,100,84,100,92.97,201605185,1045),(1802,93,99,92,99,95.84,201605186,1045),(1803,88,100,84,100,92.97,201605187,1045),(1804,69,60,72,60,65.27,201605188,1045),(1805,83,80,84,80,81.76,201605189,1045),(1806,81,100,77,100,89.45,201605190,1045),(1807,75,100,79,60,78.44,201605191,1045),(1808,73,70,71,80,73.63,201605192,1045),(1809,94,99,92,100,96.2,201605193,1045),(1810,100,100,100,100,100,201605194,1045),(1811,63,60,61,70,63.63,201605195,1045),(1812,80,80,75,99,83.39,201605196,1045),(1813,83,80,79,100,85.51,201605197,1045),(1814,78,100,83,60,80.2,201605198,1045),(1815,78,99,78,80,83.66,201605199,1045),(1816,97,100,96,100,98.24,201605200,1045),(1817,85,60,81,100,81.56,201605201,1045),(1818,68,80,67,70,71.09,201605202,1045),(1819,84,100,80,99,90.85,201605203,1045),(1820,76,60,70,100,76.29,201605204,1045),(1821,71,80,73,60,70.98,201605205,1045),(1822,84,100,85,80,87.46,201605206,1045),(1823,97,100,96,100,98.24,201605207,1045),(1824,73,70,66,100,77.38,201605208,1045),(1825,78,99,80,70,81.79,201605209,1045),(1826,93,100,92,99,96.12,201605210,1045),(1827,73,60,66,100,74.53,201605211,1045),(1828,68,80,69,60,69.22,201605212,1045),(1829,81,100,82,80,85.7,201605213,1045),(1830,94,100,92,100,96.48,201605214,1045),(1831,73,70,66,100,77.38,201605215,1045),(1832,84,99,88,70,85.3,201605216,1045),(1833,100,100,100,99,99.64,201605217,1045),(1834,73,60,66,100,74.53,201605218,1045),(1835,68,80,69,60,69.22,201605219,1045),(1836,81,100,82,80,85.7,201605220,1045),(1837,94,100,92,100,96.48,201605221,1045),(1838,73,70,66,100,77.38,201605222,1045),(1839,84,99,88,70,85.3,201605223,1045),(1840,100,100,100,99,99.64,201605224,1045),(1841,73,60,66,100,74.53,201605225,1045),(1842,71,80,71,70,72.85,201605226,1045),(1843,87,100,84,99,92.61,201605227,1045),(1844,94,100,92,100,96.48,201605228,1045),(1845,61,70,61,60,62.85,201605229,1045),(1846,87,99,89,80,88.93,201605230,1045),(1847,100,100,100,100,100,201605231,1045),(1848,73,60,66,100,74.53,201605232,1045),(1849,71,80,71,70,72.85,201606104,1055),(1850,87,100,84,99,92.61,201606105,1055),(1851,94,100,92,100,96.48,201606106,1055),(1852,61,70,61,60,62.85,201606107,1055),(1853,87,99,89,80,88.93,201606108,1055),(1854,100,100,100,100,100,201606109,1055),(1855,73,70,66,100,77.38,201606110,1055),(1856,78,99,80,70,81.79,201606111,1055),(1857,93,100,92,99,96.12,201606112,1055),(1858,82,60,77,100,79.8,201606113,1055),(1859,64,80,65,60,67.46,201606114,1055),(1860,84,100,85,80,87.46,201606115,1055),(1861,97,100,96,100,98.24,201606116,1055),(1862,73,70,66,100,77.38,201606117,1055),(1863,84,99,88,70,85.3,201606118,1055),(1864,100,100,100,99,99.64,201606119,1055),(1865,73,60,66,100,74.53,201606120,1055),(1866,68,80,69,60,69.22,201606121,1055),(1867,81,100,82,80,85.7,201606122,1055),(1868,94,100,92,100,96.48,201606123,1055),(1869,73,70,66,100,77.38,201606124,1055),(1870,84,99,88,70,85.3,201606125,1055),(1871,100,100,100,99,99.64,201606126,1055),(1872,73,60,66,100,74.53,201606127,1055),(1873,71,80,71,70,72.85,201606128,1055),(1874,87,100,84,99,92.61,201606129,1055),(1875,94,100,92,100,96.48,201606130,1055),(1876,61,70,61,60,62.85,201606131,1055),(1877,87,99,89,80,88.93,201606132,1055),(1878,100,100,100,100,100,201606133,1055),(1879,73,60,66,100,74.53,201606134,1055),(1880,71,80,71,70,72.85,201606135,1055),(1881,87,100,84,99,92.61,201606136,1055),(1882,94,100,92,100,96.48,201606137,1055),(1883,61,70,61,60,62.85,201606138,1055),(1884,87,99,89,80,88.93,201606139,1055),(1885,100,100,100,100,100,201606141,1055),(1886,73,70,67,99,77.37,201606142,1055),(1887,96,99,95,100,97.43,201606143,1055),(1888,87,100,94,60,85.29,201606144,1055),(1889,66,60,63,80,67.27,201606145,1055),(1890,82,80,77,100,84.63,201606146,1055),(1891,91,100,88,100,94.73,201606147,1055),(1892,86,100,90,70,86.46,201606148,1055),(1893,68,70,64,80,70.47,201606149,1055),(1894,93,99,93,90,93.8,201606150,1055),(1895,100,100,100,100,99.82,201606151,1055),(1896,60,60,60,60,60,201606152,1055),(1897,72,80,73,70,73.73,201606153,1055),(1898,84,100,85,80,87.46,201606154,1055),(1899,93,99,93,90,93.8,201606155,1055),(1900,87,100,94,60,85.29,201606156,1055),(1901,69,60,64,90,70.9,201606157,1055),(1902,82,80,77,100,84.63,201606158,1055),(1903,78,100,83,60,80.2,201606159,1055),(1904,86,100,90,70,86.46,201606160,1055),(1905,64,70,63,70,66.84,201606161,1055),(1906,94,99,94,95,95.61,201606162,1055),(1907,99,100,99,97,98.73,201606163,1055),(1908,60,60,60,60,60,201606164,1055),(1909,72,80,73,69,73.37,201606165,1055),(1910,72,80,73,69,73.37,201606166,1055),(1911,75,83.6328,100,100,89.54,201601101,1006),(1912,70,67.5244,60,60,64.41,201601102,1006),(1913,87,86.8652,80,80,83.58,201601103,1006),(1914,97,99.3408,100,100,99.18,201601104,1006),(1915,78,86.9336,100,100,91.17,201601105,1006),(1916,87,81.3828,70,70,76.98,201601106,1006),(1917,99,99.3652,99,99,99.21,201601107,1006),(1918,75,83.6328,100,100,89.54,201601108,1006),(1919,69,67.3047,60,60,64.13,201601109,1006),(1920,86,86.4258,80,80,83.03,201601110,1006),(1921,96,99.1211,100,100,98.9,201601111,1006),(1922,77,86.8457,100,100,91.06,201601112,1006),(1923,85,81.0752,70,70,76.59,201601113,1006),(1924,100,99.4092,99,99,99.26,201601114,1006),(1925,75,83.6328,100,100,89.54,201601115,1006),(1926,69,67.3047,60,60,64.13,201601116,1006),(1927,86,86.4258,80,80,83.03,201601117,1006),(1928,96,99.1211,100,100,98.9,201601118,1006),(1929,77,86.8457,100,100,91.06,201601119,1006),(1930,85,81.0752,70,70,76.59,201601120,1006),(1931,100,99.4092,99,99,99.26,201601121,1006),(1932,75,83.6328,100,100,89.54,201601122,1006),(1933,73,73.2129,70,70,71.52,201601123,1006),(1934,93,97.6514,99,99,97.06,201601124,1006),(1935,96,99.1211,100,100,98.9,201601125,1006),(1936,63,63.2129,60,60,61.52,201601126,1006),(1937,89,86.9834,80,80,83.98,201601127,1006),(1938,100,100,100,100,100,201601128,1006),(1939,75,83.6328,100,100,89.54,201601129,1006),(1940,73,73.2129,70,70,71.52,201601130,1006),(1941,93,97.6514,99,99,97.06,201601131,1006),(1942,96,99.1211,100,100,98.9,201601132,1006),(1943,63,63.2129,60,60,61.52,201601133,1006),(1944,89,86.9834,80,80,83.98,201601134,1006),(1945,100,100,100,100,100,201601135,1006),(1946,77,86.8457,100,100,91.06,201601136,1006),(1947,82,80.1963,70,70,75.5,201601137,1006),(1948,96,98.5303,99,99,98.16,201601138,1006),(1949,80,84.9512,100,100,91.19,201601139,1006),(1950,67,66.8652,60,60,63.58,201601140,1006),(1951,87,86.8652,80,80,83.58,201601141,1006),(1952,98,99.5605,100,100,99.45,201601142,1006),(1953,77,86.8457,100,100,91.06,201601143,1006),(1954,85,81.0752,70,70,76.59,201601144,1006),(1955,100,99.4092,99,99,99.26,201601145,1006),(1956,75,83.6328,100,100,89.54,201601146,1006),(1957,69,67.3047,60,60,64.13,201601147,1006),(1958,86,86.4258,80,80,83.03,201601148,1006),(1959,96,99.1211,100,100,98.9,201601149,1006),(1960,77,86.8457,100,100,91.06,201601150,1006),(1961,85,81.0752,70,70,76.59,201601151,1006),(1962,100,99.4092,99,99,99.26,201601152,1006),(1963,75,83.6328,100,100,89.54,201601153,1006),(1964,73,73.2129,70,70,71.52,201601154,1006),(1965,93,97.6514,99,99,97.06,201601155,1006),(1966,96,99.1211,100,100,98.9,201601156,1006),(1967,63,63.2129,60,60,61.52,201601157,1006),(1968,89,86.9834,80,80,83.98,201601158,1006),(1969,100,100,100,100,100,201602101,1016),(1970,75,83.6328,100,100,89.54,201602102,1016),(1971,73,73.2129,70,70,71.52,201602103,1016),(1972,93,97.6514,99,99,97.06,201602104,1016),(1973,96,99.1211,100,100,98.9,201602105,1016),(1974,63,63.2129,60,60,61.52,201602106,1016),(1975,89,86.9834,80,80,83.98,201602107,1016),(1976,100,100,100,100,100,201602108,1016),(1977,77,86.2549,99,99,90.32,201602109,1016),(1978,93,97.9209,100,100,97.65,201602110,1016),(1979,82,75.4883,60,60,69.36,201602111,1016),(1980,73,73.1348,80,80,76.42,201602112,1016),(1981,82,90.498,100,100,93.12,201602113,1016),(1982,95,98.6816,100,100,98.35,201602114,1016),(1983,87,81.8359,70,70,77.29,201602115,1016),(1984,77,86.2549,99,99,90.32,201602116,1016),(1985,96,98.7998,100,100,98.75,201602117,1016),(1986,85,76.3672,60,60,70.46,201602118,1016),(1987,67,71.8164,80,80,74.77,201602119,1016),(1988,76,79.1211,80,80,78.9,201602120,1016),(1989,93,98.2422,100,100,97.8,201602121,1016),(1990,96,98.209,99,99,98.01,201602122,1016),(1991,93,98.2422,100,100,97.8,201602123,1016),(1992,65,61.3184,60,60,61.65,201602124,1016),(1993,82,80.4395,80,80,80.55,201602125,1016),(1994,89,97.3633,100,100,96.7,201602126,1016),(1995,78,74.6094,60,60,68.26,201602127,1016),(1996,74,75.9082,80,80,77.39,201602128,1016),(1997,96,98.7998,100,100,98.75,201602129,1016),(1998,100,100,100,100,100,201602130,1016),(1999,64,65.9082,70,70,67.39,201602131,1016),(2000,83,90.3467,99,99,92.93,201602132,1016),(2001,86,91.377,100,100,94.22,201602133,1016),(2002,80,75.0488,60,60,68.81,201602134,1016),(2003,84,85.665,80,80,82.33,201602135,1016),(2004,98,99.5605,100,100,99.45,201602136,1016),(2005,82,85.3906,100,100,91.74,201602137,1016),(2006,71,72.7734,70,70,70.97,201602138,1016),(2007,91,97.2119,99,99,96.51,201602139,1016),(2008,76,84.0723,100,100,90.09,201602140,1016),(2009,71,67.7441,60,60,64.68,201602141,1016),(2010,87,86.8652,80,80,83.58,201602142,1016),(2011,98,99.5605,100,100,99.45,201602143,1016),(2012,77,86.8457,100,100,91.06,201602144,1016),(2013,82,80.1963,70,70,75.5,201602145,1016),(2014,96,98.5303,99,99,98.16,201602146,1016),(2015,75,83.6328,100,100,89.54,201602147,1016),(2016,69,67.3047,60,60,64.13,201602148,1016),(2017,86,86.4258,80,80,83.03,201602149,1016),(2018,96,99.1211,100,100,98.9,201602150,1016),(2019,77,86.8457,100,100,91.06,201602151,1016),(2020,85,81.0752,70,70,76.59,201602152,1016),(2021,100,99.4092,99,99,99.26,201602153,1016),(2022,75,83.6328,100,100,89.54,201602154,1016),(2023,69,67.3047,60,60,64.13,201602155,1016),(2024,86,86.4258,80,80,83.03,201602156,1016),(2025,96,99.1211,100,100,98.9,201602157,1016),(2026,77,86.8457,100,100,91.06,201602158,1016),(2027,85,81.0752,70,70,76.59,201602159,1016),(2028,100,99.4092,99,99,99.26,201602160,1016),(2029,75,83.6328,100,100,89.54,201602161,1016),(2030,73,73.2129,70,70,71.52,201602162,1016),(2031,93,97.6514,99,99,97.06,201602163,1016),(2032,96,99.1211,100,100,98.9,201602164,1016),(2033,63,63.2129,60,60,61.52,201602165,1016),(2034,89,86.9834,80,80,83.98,201602166,1016),(2035,100,100,100,100,100,201603101,1026),(2036,75,83.6328,100,100,89.54,201603102,1026),(2037,73,73.2129,70,70,71.52,201603103,1026),(2038,93,97.6514,99,99,97.06,201603104,1026),(2039,96,99.1211,100,100,98.9,201603105,1026),(2040,63,63.2129,60,60,61.52,201603106,1026),(2041,89,86.9834,80,80,83.98,201603107,1026),(2042,100,100,100,100,100,201603108,1026),(2043,77,86.8457,100,100,91.06,201603109,1026),(2044,82,80.1963,70,70,75.5,201603110,1026),(2045,96,98.5303,99,99,98.16,201603111,1026),(2046,80,84.9512,100,100,91.19,201603112,1026),(2047,67,66.8652,60,60,63.58,201603113,1026),(2048,87,86.8652,80,80,83.58,201603114,1026),(2049,98,99.5605,100,100,99.45,201603115,1026),(2050,77,86.8457,100,100,91.06,201603116,1026),(2051,85,81.0752,70,70,76.59,201603117,1026),(2052,100,99.4092,99,99,99.26,201603118,1026),(2053,75,83.6328,100,100,89.54,201603119,1026),(2054,69,67.3047,60,60,64.13,201603120,1026),(2055,86,86.4258,80,80,83.03,201603121,1026),(2056,96,99.1211,100,100,98.9,201603122,1026),(2057,77,86.8457,100,100,91.06,201603123,1026),(2058,85,81.0752,70,70,76.59,201603124,1026),(2059,100,99.4092,99,99,99.26,201603125,1026),(2060,75,83.6328,100,100,89.54,201603126,1026),(2061,73,73.2129,70,70,71.52,201603127,1026),(2062,93,97.6514,99,99,97.06,201603128,1026),(2063,96,99.1211,100,100,98.9,201603129,1026),(2064,63,63.2129,60,60,61.52,201603130,1026),(2065,89,86.9834,80,80,83.98,201603131,1026),(2066,100,100,100,100,100,201603132,1026),(2067,75,83.6328,100,100,89.54,201603133,1026),(2068,73,73.2129,70,70,71.52,201603134,1026),(2069,93,97.6514,99,99,97.06,201603135,1026),(2070,96,99.1211,100,100,98.9,201603136,1026),(2071,63,63.2129,60,60,61.52,201603137,1026),(2072,89,86.9834,80,80,83.98,201603138,1026),(2073,100,100,100,100,100,201603139,1026),(2074,77,86.2549,99,99,90.32,201603140,1026),(2075,93,97.9209,100,100,97.65,201603141,1026),(2076,82,75.4883,60,60,69.36,201603142,1026),(2077,73,73.1348,80,80,76.42,201603143,1026),(2078,82,90.498,100,100,93.12,201603144,1026),(2079,95,98.6816,100,100,98.35,201603145,1026),(2080,87,81.8359,70,70,77.29,201603146,1026),(2081,77,86.2549,99,99,90.32,201603147,1026),(2082,96,98.7998,100,100,98.75,201603148,1026),(2083,85,76.3672,60,60,70.46,201603149,1026),(2084,67,71.8164,80,80,74.77,201603150,1026),(2085,76,79.1211,80,80,78.9,201603151,1026),(2086,93,98.2422,100,100,97.8,201603152,1026),(2087,96,98.209,99,99,98.01,201603153,1026),(2088,93,98.2422,100,100,97.8,201603154,1026),(2089,65,61.3184,60,60,61.65,201603155,1026),(2090,82,80.4395,80,80,80.55,201603156,1026),(2091,89,97.3633,100,100,96.7,201603157,1026),(2092,78,74.6094,60,60,68.26,201603158,1026),(2093,74,75.9082,80,80,77.39,201603159,1026),(2094,96,98.7998,100,100,98.75,201603160,1026),(2095,100,100,100,100,100,201603161,1026),(2096,64,65.9082,70,70,67.39,201603162,1026),(2097,83,90.3467,99,99,92.93,201603163,1026),(2098,86,91.377,100,100,94.22,201603164,1026),(2099,80,75.0488,60,60,68.81,201603165,1026),(2100,84,85.665,80,80,82.33,201603166,1026),(2101,98,99.5605,100,100,99.45,201604101,1036),(2102,82,85.3906,100,100,91.74,201604102,1036),(2103,71,72.7734,70,70,70.97,201604103,1036),(2104,91,97.2119,99,99,96.51,201604104,1036),(2105,76,84.0723,100,100,90.09,201604105,1036),(2106,71,67.7441,60,60,64.68,201604106,1036),(2107,87,86.8652,80,80,83.58,201604107,1036),(2108,98,99.5605,100,100,99.45,201604108,1036),(2109,77,86.8457,100,100,91.06,201604109,1036),(2110,82,80.1963,70,70,75.5,201604110,1036),(2111,96,98.5303,99,99,98.16,201604111,1036),(2112,75,83.6328,100,100,89.54,201604112,1036),(2113,69,67.3047,60,60,64.13,201604113,1036),(2114,86,86.4258,80,80,83.03,201604114,1036),(2115,96,99.1211,100,100,98.9,201604115,1036),(2116,77,86.8457,100,100,91.06,201604116,1036),(2117,85,81.0752,70,70,76.59,201604117,1036),(2118,100,99.4092,99,99,99.26,201604118,1036),(2119,75,83.6328,100,100,89.54,201604119,1036),(2120,69,67.3047,60,60,64.13,201604120,1036),(2121,86,86.4258,80,80,83.03,201604121,1036),(2122,96,99.1211,100,100,98.9,201604122,1036),(2123,77,86.8457,100,100,91.06,201604123,1036),(2124,85,81.0752,70,70,76.59,201604124,1036),(2125,100,99.4092,99,99,99.26,201604125,1036),(2126,75,83.6328,100,100,89.54,201604126,1036),(2127,73,73.2129,70,70,71.52,201604127,1036),(2128,93,97.6514,99,99,97.06,201604128,1036),(2129,96,99.1211,100,100,98.9,201604129,1036),(2130,63,63.2129,60,60,61.52,201604130,1036),(2131,89,86.9834,80,80,83.98,201604131,1036),(2132,100,100,100,100,100,201604132,1036),(2133,75,83.6328,100,100,89.54,201604133,1036),(2134,73,73.2129,70,70,71.52,201604134,1036),(2135,93,97.6514,99,99,97.06,201604135,1036),(2136,96,99.1211,100,100,98.9,201604136,1036),(2137,63,63.2129,60,60,61.52,201604137,1036),(2138,89,86.9834,80,80,83.98,201604138,1036),(2139,100,100,100,100,100,201604139,1036),(2140,77,86.8457,100,100,91.06,201604140,1036),(2141,82,80.1963,70,70,75.5,201604141,1036),(2142,96,98.5303,99,99,98.16,201604142,1036),(2143,80,84.9512,100,100,91.19,201604143,1036),(2144,67,66.8652,60,60,63.58,201604144,1036),(2145,87,86.8652,80,80,83.58,201604145,1036),(2146,98,99.5605,100,100,99.45,201604146,1036),(2147,77,86.8457,100,100,91.06,201604147,1036),(2148,85,81.0752,70,70,76.59,201604148,1036),(2149,100,99.4092,99,99,99.26,201604149,1036),(2150,75,83.6328,100,100,89.54,201604150,1036),(2151,69,67.3047,60,60,64.13,201604151,1036),(2152,86,86.4258,80,80,83.03,201604152,1036),(2153,96,99.1211,100,100,98.9,201604153,1036),(2154,77,86.8457,100,100,91.06,201604154,1036),(2155,85,81.0752,70,70,76.59,201604157,1036),(2156,100,99.4092,99,99,99.26,201604158,1036),(2157,75,83.6328,100,100,89.54,201604159,1036),(2158,73,73.2129,70,70,71.52,201604160,1036),(2159,93,97.6514,99,99,97.06,201604161,1036),(2160,96,99.1211,100,100,98.9,201604162,1036),(2161,63,63.2129,60,60,61.52,201604163,1036),(2162,89,86.9834,80,80,83.98,201604164,1036),(2163,100,100,100,100,100,201604165,1036),(2164,75,83.6328,100,100,89.54,201604166,1036),(2165,73,73.2129,70,70,71.52,201604167,1036),(2166,93,97.6514,99,99,97.06,201605168,1046),(2167,96,99.1211,100,100,98.9,201605169,1046),(2168,63,63.2129,60,60,61.52,201605170,1046),(2169,89,86.9834,80,80,83.98,201605171,1046),(2170,100,100,100,100,100,201605172,1046),(2171,77,86.2549,99,99,90.32,201605173,1046),(2172,93,97.9209,100,100,97.65,201605174,1046),(2173,82,75.4883,60,60,69.36,201605175,1046),(2174,73,73.1348,80,80,76.42,201605176,1046),(2175,82,90.498,100,100,93.12,201605177,1046),(2176,95,98.6816,100,100,98.35,201605178,1046),(2177,87,81.8359,70,70,77.29,201605179,1046),(2178,77,86.2549,99,99,90.32,201605180,1046),(2179,96,98.7998,100,100,98.75,201605181,1046),(2180,85,76.3672,60,60,70.46,201605182,1046),(2181,67,71.8164,80,80,74.77,201605183,1046),(2182,76,79.1211,80,80,78.9,201605184,1046),(2183,93,98.2422,100,100,97.8,201605185,1046),(2184,96,98.209,99,99,98.01,201605186,1046),(2185,93,98.2422,100,100,97.8,201605187,1046),(2186,65,61.3184,60,60,61.65,201605188,1046),(2187,82,80.4395,80,80,80.55,201605189,1046),(2188,89,97.3633,100,100,96.7,201605190,1046),(2189,78,74.6094,60,60,68.26,201605191,1046),(2190,74,75.9082,80,80,77.39,201605192,1046),(2191,96,98.7998,100,100,98.75,201605193,1046),(2192,100,100,100,100,100,201605194,1046),(2193,64,65.9082,70,70,67.39,201605195,1046),(2194,83,90.3467,99,99,92.93,201605196,1046),(2195,86,91.377,100,100,94.22,201605197,1046),(2196,80,75.0488,60,60,68.81,201605198,1046),(2197,84,85.665,80,80,82.33,201605199,1046),(2198,98,99.5605,100,100,99.45,201605200,1046),(2199,82,85.3906,100,100,91.74,201605201,1046),(2200,71,72.7734,70,70,70.97,201605202,1046),(2201,91,97.2119,99,99,96.51,201605203,1046),(2202,76,84.0723,100,100,90.09,201605204,1046),(2203,71,67.7441,60,60,64.68,201605205,1046),(2204,87,86.8652,80,80,83.58,201605206,1046),(2205,98,99.5605,100,100,99.45,201605207,1046),(2206,77,86.8457,100,100,91.06,201605208,1046),(2207,82,80.1963,70,70,75.5,201605209,1046),(2208,96,98.5303,99,99,98.16,201605210,1046),(2209,75,83.6328,100,100,89.54,201605211,1046),(2210,69,67.3047,60,60,64.13,201605212,1046),(2211,86,86.4258,80,80,83.03,201605213,1046),(2212,96,99.1211,100,100,98.9,201605214,1046),(2213,77,86.8457,100,100,91.06,201605215,1046),(2214,85,81.0752,70,70,76.59,201605216,1046),(2215,100,99.4092,99,99,99.26,201605217,1046),(2216,75,83.6328,100,100,89.54,201605218,1046),(2217,69,67.3047,60,60,64.13,201605219,1046),(2218,86,86.4258,80,80,83.03,201605220,1046),(2219,96,99.1211,100,100,98.9,201605221,1046),(2220,77,86.8457,100,100,91.06,201605222,1046),(2221,85,81.0752,70,70,76.59,201605223,1046),(2222,100,99.4092,99,99,99.26,201605224,1046),(2223,75,83.6328,100,100,89.54,201605225,1046),(2224,73,73.2129,70,70,71.52,201605226,1046),(2225,93,97.6514,99,99,97.06,201605227,1046),(2226,96,99.1211,100,100,98.9,201605228,1046),(2227,63,63.2129,60,60,61.52,201605229,1046),(2228,89,86.9834,80,80,83.98,201605230,1046),(2229,100,100,100,100,100,201605231,1046),(2230,75,83.6328,100,100,89.54,201605232,1046),(2231,73,73.2129,70,70,71.52,201606104,1056),(2232,93,97.6514,99,99,97.06,201606105,1056),(2233,96,99.1211,100,100,98.9,201606106,1056),(2234,63,63.2129,60,60,61.52,201606107,1056),(2235,89,86.9834,80,80,83.98,201606108,1056),(2236,100,100,100,100,100,201606109,1056),(2237,77,86.8457,100,100,91.06,201606110,1056),(2238,82,80.1963,70,70,75.5,201606111,1056),(2239,96,98.5303,99,99,98.16,201606112,1056),(2240,80,84.9512,100,100,91.19,201606113,1056),(2241,67,66.8652,60,60,63.58,201606114,1056),(2242,87,86.8652,80,80,83.58,201606115,1056),(2243,98,99.5605,100,100,99.45,201606116,1056),(2244,77,86.8457,100,100,91.06,201606117,1056),(2245,85,81.0752,70,70,76.59,201606118,1056),(2246,100,99.4092,99,99,99.26,201606119,1056),(2247,75,83.6328,100,100,89.54,201606120,1056),(2248,69,67.3047,60,60,64.13,201606121,1056),(2249,86,86.4258,80,80,83.03,201606122,1056),(2250,96,99.1211,100,100,98.9,201606123,1056),(2251,77,86.8457,100,100,91.06,201606124,1056),(2252,85,81.0752,70,70,76.59,201606125,1056),(2253,100,99.4092,99,99,99.26,201606126,1056),(2254,75,83.6328,100,100,89.54,201606127,1056),(2255,73,73.2129,70,70,71.52,201606128,1056),(2256,93,97.6514,99,99,97.06,201606129,1056),(2257,96,99.1211,100,100,98.9,201606130,1056),(2258,63,63.2129,60,60,61.52,201606131,1056),(2259,89,86.9834,80,80,83.98,201606132,1056),(2260,100,100,100,100,100,201606133,1056),(2261,75,83.6328,100,100,89.54,201606134,1056),(2262,73,73.2129,70,70,71.52,201606135,1056),(2263,93,97.6514,99,99,97.06,201606136,1056),(2264,96,99.1211,100,100,98.9,201606137,1056),(2265,63,63.2129,60,60,61.52,201606138,1056),(2266,89,86.9834,80,80,83.98,201606139,1056),(2267,100,100,100,100,100,201606141,1056),(2268,77,86.3428,99,99,90.43,201606142,1056),(2269,97,99.1074,100,100,99.13,201606143,1056),(2270,85,76.3232,60,60,70.4,201606144,1056),(2271,67,71.8164,80,80,74.77,201606145,1056),(2272,85,91.1572,100,100,93.95,201606146,1056),(2273,95,98.6816,100,100,98.35,201606147,1056),(2274,86,81.6162,70,70,77.02,201606148,1056),(2275,70,75.1172,80,80,76.4,201606149,1056),(2276,94,93.1992,90,90,91.75,201606150,1056),(2277,100,99.9561,100,100,99.95,201606151,1056),(2278,60,60,60,60,60,201606152,1056),(2279,74,73.4326,70,70,71.79,201606153,1056),(2280,87,86.8652,80,80,83.58,201606154,1056),(2281,94,93.1992,90,90,91.75,201606155,1056),(2282,85,76.3232,60,60,70.4,201606156,1056),(2283,71,77.7246,90,90,82.16,201606157,1056),(2284,85,91.1572,100,100,93.95,201606158,1056),(2285,80,75.0488,60,60,68.81,201606159,1056),(2286,86,81.6162,70,70,77.02,201606160,1056),(2287,67,69.209,70,70,69.01,201606161,1056),(2288,96,96.1533,95,95,95.44,201606162,1056),(2289,99,98.1836,97,97,97.73,201606163,1056),(2290,60,60,60,60,60,201606164,1056),(2291,73,72.8418,69,69,71.05,201606165,1056),(2292,73,72.8418,69,69,71.05,201606166,1056),(2293,92,92,90,100,90.57,201601101,1007),(2294,60,66,66,60,64.23,201601102,1007),(2295,80,84,84,80,83.74,201601103,1007),(2296,100,100,100,100,99.51,201601104,1007),(2297,100,94,92,100,92.35,201601105,1007),(2298,70,78,78,70,76.48,201601106,1007),(2299,100,100,100,100,99.2,201601107,1007),(2300,100,92,90,100,90.57,201601108,1007),(2301,60,66,66,60,64.06,201601109,1007),(2302,80,84,84,80,83.42,201601110,1007),(2303,100,100,100,100,99.35,201601111,1007),(2304,100,94,92,100,92.28,201601112,1007),(2305,70,78,78,70,76.25,201601113,1007),(2306,100,100,100,100,99.24,201601114,1007),(2307,100,92,90,100,90.57,201601115,1007),(2308,60,66,66,60,64.06,201601116,1007),(2309,80,84,84,80,83.42,201601117,1007),(2310,100,100,100,100,99.35,201601118,1007),(2311,100,94,92,100,92.28,201601119,1007),(2312,70,78,78,70,76.25,201601120,1007),(2313,100,100,100,100,99.24,201601121,1007),(2314,100,92,90,100,90.57,201601122,1007),(2315,70,72,72,70,71.71,201601123,1007),(2316,100,98,98,100,97.94,201601124,1007),(2317,100,100,100,100,99.35,201601125,1007),(2318,60,62,62,60,61.71,201601126,1007),(2319,80,84,84,80,83.89,201601127,1007),(2320,100,100,100,100,100,201601128,1007),(2321,100,92,90,100,90.57,201601129,1007),(2322,70,72,72,70,71.71,201601130,1007),(2323,100,98,98,100,97.94,201601131,1007),(2324,100,100,100,100,99.35,201601132,1007),(2325,60,62,62,60,61.71,201601133,1007),(2326,80,84,84,80,83.89,201601134,1007),(2327,100,100,100,100,100,201601135,1007),(2328,100,94,92,100,92.28,201601136,1007),(2329,70,76,76,70,75.6,201601137,1007),(2330,100,100,100,100,98.59,201601138,1007),(2331,100,92,92,100,91.55,201601139,1007),(2332,60,64,64,60,63.74,201601140,1007),(2333,80,84,84,80,83.74,201601141,1007),(2334,100,100,100,100,99.68,201601142,1007),(2335,100,94,92,100,92.28,201601143,1007),(2336,70,78,78,70,76.25,201601144,1007),(2337,100,100,100,100,99.24,201601145,1007),(2338,100,92,90,100,90.57,201601146,1007),(2339,60,66,66,60,64.06,201601147,1007),(2340,80,84,84,80,83.42,201601148,1007),(2341,100,100,100,100,99.35,201601149,1007),(2342,100,94,92,100,92.28,201601150,1007),(2343,70,78,78,70,76.25,201601151,1007),(2344,100,100,100,100,99.24,201601152,1007),(2345,100,92,90,100,90.57,201601153,1007),(2346,70,72,72,70,71.71,201601154,1007),(2347,100,98,98,100,97.94,201601155,1007),(2348,100,100,100,100,99.35,201601156,1007),(2349,60,62,62,60,61.71,201601157,1007),(2350,80,84,84,80,83.89,201601158,1007),(2351,100,100,100,100,100,201602101,1017),(2352,100,92,90,100,90.57,201602102,1017),(2353,70,72,72,70,71.71,201602103,1017),(2354,100,98,98,100,97.94,201602104,1017),(2355,100,100,100,100,99.35,201602105,1017),(2356,60,62,62,60,61.71,201602106,1017),(2357,80,84,84,80,83.89,201602107,1017),(2358,100,100,100,100,100,201602108,1017),(2359,100,92,92,100,91.52,201602109,1017),(2360,100,100,98,100,98.53,201602110,1017),(2361,60,70,70,60,68.78,201602111,1017),(2362,80,78,78,80,76.26,201602112,1017),(2363,100,96,94,100,94.31,201602113,1017),(2364,100,100,100,100,99.03,201602114,1017),(2365,70,78,78,70,76.75,201602115,1017),(2366,100,92,92,100,91.52,201602116,1017),(2367,100,100,100,100,99.18,201602117,1017),(2368,60,70,72,60,69.43,201602118,1017),(2369,80,76,76,80,75.29,201602119,1017),(2370,80,80,80,80,79.35,201602120,1017),(2371,100,100,98,100,98.7,201602121,1017),(2372,100,100,100,100,98.42,201602122,1017),(2373,100,100,98,100,98.7,201602123,1017),(2374,60,62,62,60,60.97,201602124,1017),(2375,80,82,82,80,80.32,201602125,1017),(2376,100,100,98,100,98.05,201602126,1017),(2377,60,70,70,60,68.13,201602127,1017),(2378,80,78,78,80,77.64,201602128,1017),(2379,100,100,100,100,99.18,201602129,1017),(2380,100,100,100,100,100,201602130,1017),(2381,70,68,68,70,67.64,201602131,1017),(2382,100,94,94,100,93.87,201602132,1017),(2383,100,96,96,100,94.96,201602133,1017),(2384,60,70,70,60,68.45,201602134,1017),(2385,80,84,84,80,82.92,201602135,1017),(2386,100,100,100,100,99.68,201602136,1017),(2387,100,92,92,100,91.87,201602137,1017),(2388,70,72,72,70,71.38,201602138,1017),(2389,100,98,98,100,97.61,201602139,1017),(2390,100,92,92,100,90.9,201602140,1017),(2391,60,66,66,60,64.39,201602141,1017),(2392,80,84,84,80,83.74,201602142,1017),(2393,100,100,100,100,99.68,201602143,1017),(2394,100,94,92,100,92.28,201602144,1017),(2395,70,76,76,70,75.6,201602145,1017),(2396,100,100,100,100,98.59,201602146,1017),(2397,100,92,90,100,90.57,201602147,1017),(2398,60,66,66,60,64.06,201602148,1017),(2399,80,84,84,80,83.42,201602149,1017),(2400,100,100,100,100,99.35,201602150,1017),(2401,100,94,92,100,92.28,201602151,1017),(2402,70,78,78,70,76.25,201602152,1017),(2403,100,100,100,100,99.24,201602153,1017),(2404,100,92,90,100,90.57,201602154,1017),(2405,60,66,66,60,64.06,201602155,1017),(2406,80,84,84,80,83.42,201602156,1017),(2407,100,100,100,100,99.35,201602157,1017),(2408,100,94,92,100,92.28,201602158,1017),(2409,70,78,78,70,76.25,201602159,1017),(2410,100,100,100,100,99.24,201602160,1017),(2411,100,92,90,100,90.57,201602161,1017),(2412,70,72,72,70,71.71,201602162,1017),(2413,100,98,98,100,97.94,201602163,1017),(2414,100,100,100,100,99.35,201602164,1017),(2415,60,62,62,60,61.71,201602165,1017),(2416,80,84,84,80,83.89,201602166,1017),(2417,100,100,100,100,100,201603101,1027),(2418,100,92,90,100,90.57,201603102,1027),(2419,70,72,72,70,71.71,201603103,1027),(2420,100,98,98,100,97.94,201603104,1027),(2421,100,100,100,100,99.35,201603105,1027),(2422,60,62,62,60,61.71,201603106,1027),(2423,80,84,84,80,83.89,201603107,1027),(2424,100,100,100,100,100,201603108,1027),(2425,100,94,92,100,92.28,201603109,1027),(2426,70,76,76,70,75.6,201603110,1027),(2427,100,100,100,100,98.59,201603111,1027),(2428,100,92,92,100,91.55,201603112,1027),(2429,60,64,64,60,63.74,201603113,1027),(2430,80,84,84,80,83.74,201603114,1027),(2431,100,100,100,100,99.68,201603115,1027),(2432,100,94,92,100,92.28,201603116,1027),(2433,70,78,78,70,76.25,201603117,1027),(2434,100,100,100,100,99.24,201603118,1027),(2435,100,92,90,100,90.57,201603119,1027),(2436,60,66,66,60,64.06,201603120,1027),(2437,80,84,84,80,83.42,201603121,1027),(2438,100,100,100,100,99.35,201603122,1027),(2439,100,94,92,100,92.28,201603123,1027),(2440,70,78,78,70,76.25,201603124,1027),(2441,100,100,100,100,99.24,201603125,1027),(2442,100,92,90,100,90.57,201603126,1027),(2443,70,72,72,70,71.71,201603127,1027),(2444,100,98,98,100,97.94,201603128,1027),(2445,100,100,100,100,99.35,201603129,1027),(2446,60,62,62,60,61.71,201603130,1027),(2447,80,84,84,80,83.89,201603131,1027),(2448,100,100,100,100,100,201603132,1027),(2449,100,92,90,100,90.57,201603133,1027),(2450,70,72,72,70,71.71,201603134,1027),(2451,100,98,98,100,97.94,201603135,1027),(2452,100,100,100,100,99.35,201603136,1027),(2453,60,62,62,60,61.71,201603137,1027),(2454,80,84,84,80,83.89,201603138,1027),(2455,100,100,100,100,100,201603139,1027),(2456,100,92,92,100,91.52,201603140,1027),(2457,100,100,98,100,98.53,201603141,1027),(2458,60,70,70,60,68.78,201603142,1027),(2459,80,78,78,80,76.26,201603143,1027),(2460,100,96,94,100,94.31,201603144,1027),(2461,100,100,100,100,99.03,201603145,1027),(2462,70,78,78,70,76.75,201603146,1027),(2463,100,92,92,100,91.52,201603147,1027),(2464,100,100,100,100,99.18,201603148,1027),(2465,60,70,72,60,69.43,201603149,1027),(2466,80,76,76,80,75.29,201603150,1027),(2467,80,80,80,80,79.35,201603151,1027),(2468,100,100,98,100,98.7,201603152,1027),(2469,100,100,100,100,98.42,201603153,1027),(2470,100,100,98,100,98.7,201603154,1027),(2471,60,62,62,60,60.97,201603155,1027),(2472,80,82,82,80,80.32,201603156,1027),(2473,100,100,98,100,98.05,201603157,1027),(2474,60,70,70,60,68.13,201603158,1027),(2475,80,78,78,80,77.64,201603159,1027),(2476,100,100,100,100,99.18,201603160,1027),(2477,100,100,100,100,100,201603161,1027),(2478,70,68,68,70,67.64,201603162,1027),(2479,100,94,94,100,93.87,201603163,1027),(2480,100,96,96,100,94.96,201603164,1027),(2481,60,70,70,60,68.45,201603165,1027),(2482,80,84,84,80,82.92,201603166,1027),(2483,100,100,100,100,99.68,201604101,1037),(2484,100,92,92,100,91.87,201604102,1037),(2485,70,72,72,70,71.38,201604103,1037),(2486,100,98,98,100,97.61,201604104,1037),(2487,100,92,92,100,90.9,201604105,1037),(2488,60,66,66,60,64.39,201604106,1037),(2489,80,84,84,80,83.74,201604107,1037),(2490,100,100,100,100,99.68,201604108,1037),(2491,100,94,92,100,92.28,201604109,1037),(2492,70,76,76,70,75.6,201604110,1037),(2493,100,100,100,100,98.59,201604111,1037),(2494,100,92,90,100,90.57,201604112,1037),(2495,60,66,66,60,64.06,201604113,1037),(2496,80,84,84,80,83.42,201604114,1037),(2497,100,100,100,100,99.35,201604115,1037),(2498,100,94,92,100,92.28,201604116,1037),(2499,70,78,78,70,76.25,201604117,1037),(2500,100,100,100,100,99.24,201604118,1037),(2501,100,92,90,100,90.57,201604119,1037),(2502,60,66,66,60,64.06,201604120,1037),(2503,80,84,84,80,83.42,201604121,1037),(2504,100,100,100,100,99.35,201604122,1037),(2505,100,94,92,100,92.28,201604123,1037),(2506,70,78,78,70,76.25,201604124,1037),(2507,100,100,100,100,99.24,201604125,1037),(2508,100,92,90,100,90.57,201604126,1037),(2509,70,72,72,70,71.71,201604127,1037),(2510,100,98,98,100,97.94,201604128,1037),(2511,100,100,100,100,99.35,201604129,1037),(2512,60,62,62,60,61.71,201604130,1037),(2513,80,84,84,80,83.89,201604131,1037),(2514,100,100,100,100,100,201604132,1037),(2515,100,92,90,100,90.57,201604133,1037),(2516,70,72,72,70,71.71,201604134,1037),(2517,100,98,98,100,97.94,201604135,1037),(2518,100,100,100,100,99.35,201604136,1037),(2519,60,62,62,60,61.71,201604137,1037),(2520,80,84,84,80,83.89,201604138,1037),(2521,100,100,100,100,100,201604139,1037),(2522,100,94,92,100,92.28,201604140,1037),(2523,70,76,76,70,75.6,201604141,1037),(2524,100,100,100,100,98.59,201604142,1037),(2525,100,92,92,100,91.55,201604143,1037),(2526,60,64,64,60,63.74,201604144,1037),(2527,80,84,84,80,83.74,201604145,1037),(2528,100,100,100,100,99.68,201604146,1037),(2529,100,94,92,100,92.28,201604147,1037),(2530,70,78,78,70,76.25,201604148,1037),(2531,100,100,100,100,99.24,201604149,1037),(2532,100,92,90,100,90.57,201604150,1037),(2533,60,66,66,60,64.06,201604151,1037),(2534,80,84,84,80,83.42,201604152,1037),(2535,100,100,100,100,99.35,201604153,1037),(2536,100,94,92,100,92.28,201604154,1037),(2537,70,78,78,70,76.25,201604157,1037),(2538,100,100,100,100,99.24,201604158,1037),(2539,100,92,90,100,90.57,201604159,1037),(2540,70,72,72,70,71.71,201604160,1037),(2541,100,98,98,100,97.94,201604161,1037),(2542,100,100,100,100,99.35,201604162,1037),(2543,60,62,62,60,61.71,201604163,1037),(2544,80,84,84,80,83.89,201604164,1037),(2545,100,100,100,100,100,201604165,1037),(2546,100,92,90,100,90.57,201604166,1037),(2547,70,72,72,70,71.71,201604167,1037),(2548,100,98,98,100,97.94,201605168,1047),(2549,100,100,100,100,99.35,201605169,1047),(2550,60,62,62,60,61.71,201605170,1047),(2551,80,84,84,80,83.89,201605171,1047),(2552,100,100,100,100,100,201605172,1047),(2553,100,92,92,100,91.52,201605173,1047),(2554,100,100,98,100,98.53,201605174,1047),(2555,60,70,70,60,68.78,201605175,1047),(2556,80,78,78,80,76.26,201605176,1047),(2557,100,96,94,100,94.31,201605177,1047),(2558,100,100,100,100,99.03,201605178,1047),(2559,70,78,78,70,76.75,201605179,1047),(2560,100,92,92,100,91.52,201605180,1047),(2561,100,100,100,100,99.18,201605181,1047),(2562,60,70,72,60,69.43,201605182,1047),(2563,80,76,76,80,75.29,201605183,1047),(2564,80,80,80,80,79.35,201605184,1047),(2565,100,100,98,100,98.7,201605185,1047),(2566,100,100,100,100,98.42,201605186,1047),(2567,100,100,98,100,98.7,201605187,1047),(2568,60,62,62,60,60.97,201605188,1047),(2569,80,82,82,80,80.32,201605189,1047),(2570,100,100,98,100,98.05,201605190,1047),(2571,60,70,70,60,68.13,201605191,1047),(2572,80,78,78,80,77.64,201605192,1047),(2573,100,100,100,100,99.18,201605193,1047),(2574,100,100,100,100,100,201605194,1047),(2575,70,68,68,70,67.64,201605195,1047),(2576,100,94,94,100,93.87,201605196,1047),(2577,100,96,96,100,94.96,201605197,1047),(2578,60,70,70,60,68.45,201605198,1047),(2579,80,84,84,80,82.92,201605199,1047),(2580,100,100,100,100,99.68,201605200,1047),(2581,100,92,92,100,91.87,201605201,1047),(2582,70,72,72,70,71.38,201605202,1047),(2583,100,98,98,100,97.61,201605203,1047),(2584,100,92,92,100,90.9,201605204,1047),(2585,60,66,66,60,64.39,201605205,1047),(2586,80,84,84,80,83.74,201605206,1047),(2587,100,100,100,100,99.68,201605207,1047),(2588,100,94,92,100,92.28,201605208,1047),(2589,70,76,76,70,75.6,201605209,1047),(2590,100,100,100,100,98.59,201605210,1047),(2591,100,92,90,100,90.57,201605211,1047),(2592,60,66,66,60,64.06,201605212,1047),(2593,80,84,84,80,83.42,201605213,1047),(2594,100,100,100,100,99.35,201605214,1047),(2595,100,94,92,100,92.28,201605215,1047),(2596,70,78,78,70,76.25,201605216,1047),(2597,100,100,100,100,99.24,201605217,1047),(2598,100,92,90,100,90.57,201605218,1047),(2599,60,66,66,60,64.06,201605219,1047),(2600,80,84,84,80,83.42,201605220,1047),(2601,100,100,100,100,99.35,201605221,1047),(2602,100,94,92,100,92.28,201605222,1047),(2603,70,78,78,70,76.25,201605223,1047),(2604,100,100,100,100,99.24,201605224,1047),(2605,100,92,90,100,90.57,201605225,1047),(2606,70,72,72,70,71.71,201605226,1047),(2607,100,98,98,100,97.94,201605227,1047),(2608,100,100,100,100,99.35,201605228,1047),(2609,60,62,62,60,61.71,201605229,1047),(2610,80,84,84,80,83.89,201605230,1047),(2611,100,100,100,100,100,201605231,1047),(2612,100,92,90,100,90.57,201605232,1047),(2613,70,72,72,70,71.71,201606104,1057),(2614,100,98,98,100,97.94,201606105,1057),(2615,100,100,100,100,99.35,201606106,1057),(2616,60,62,62,60,61.71,201606107,1057),(2617,80,84,84,80,83.89,201606108,1057),(2618,100,100,100,100,100,201606109,1057),(2619,100,94,92,100,92.28,201606110,1057),(2620,70,76,76,70,75.6,201606111,1057),(2621,100,100,100,100,98.59,201606112,1057),(2622,100,92,92,100,91.55,201606113,1057),(2623,60,64,64,60,63.74,201606114,1057),(2624,80,84,84,80,83.74,201606115,1057),(2625,100,100,100,100,99.68,201606116,1057),(2626,100,94,92,100,92.28,201606117,1057),(2627,70,78,78,70,76.25,201606118,1057),(2628,100,100,100,100,99.24,201606119,1057),(2629,100,92,90,100,90.57,201606120,1057),(2630,60,66,66,60,64.06,201606121,1057),(2631,80,84,84,80,83.42,201606122,1057),(2632,100,100,100,100,99.35,201606123,1057),(2633,100,94,92,100,92.28,201606124,1057),(2634,70,78,78,70,76.25,201606125,1057),(2635,100,100,100,100,99.24,201606126,1057),(2636,100,92,90,100,90.57,201606127,1057),(2637,70,72,72,70,71.71,201606128,1057),(2638,100,98,98,100,97.94,201606129,1057),(2639,100,100,100,100,99.35,201606130,1057),(2640,60,62,62,60,61.71,201606131,1057),(2641,80,84,84,80,83.89,201606132,1057),(2642,100,100,100,100,100,201606133,1057),(2643,100,92,90,100,90.57,201606134,1057),(2644,70,72,72,70,71.71,201606135,1057),(2645,100,98,98,100,97.94,201606136,1057),(2646,100,100,100,100,99.35,201606137,1057),(2647,60,62,62,60,61.71,201606138,1057),(2648,80,84,84,80,83.89,201606139,1057),(2649,100,100,100,100,100,201606141,1057),(2650,100,92,92,100,91.58,201606142,1057),(2651,100,100,100,100,99.41,201606143,1057),(2652,60,70,72,60,69.39,201606144,1057),(2653,80,76,76,80,75.29,201606145,1057),(2654,100,96,94,100,94.8,201606146,1057),(2655,100,100,100,100,99.03,201606147,1057),(2656,70,78,78,70,76.58,201606148,1057),(2657,80,78,78,80,77.06,201606149,1057),(2658,90,92,92,90,91.76,201606150,1057),(2659,100,100,100,100,99.97,201606151,1057),(2660,60,60,60,60,60,201606152,1057),(2661,70,72,72,70,71.87,201606153,1057),(2662,80,84,84,80,83.74,201606154,1057),(2663,90,92,92,90,91.76,201606155,1057),(2664,60,70,72,60,69.39,201606156,1057),(2665,90,84,84,90,82.93,201606157,1057),(2666,100,96,94,100,94.8,201606158,1057),(2667,60,70,70,60,68.45,201606159,1057),(2668,70,78,78,70,76.58,201606160,1057),(2669,70,70,70,70,69.42,201606161,1057),(2670,96,96,96,96,95.59,201606162,1057),(2671,98,98,98,98,97.67,201606163,1057),(2672,60,60,60,60,60,201606164,1057),(2673,70,72,72,70,71.11,201606165,1057),(2674,70,72,72,70,71.11,201606166,1057),(2675,92,92,90,100,90.57,201601101,1008),(2676,66,66,66,60,64.23,201601102,1008),(2677,84,84,84,80,83.74,201601103,1008),(2678,100,100,100,100,99.51,201601104,1008),(2679,94,94,92,100,92.35,201601105,1008),(2680,78,78,78,70,76.48,201601106,1008),(2681,100,100,100,99,99.2,201601107,1008),(2682,92,92,90,100,90.57,201601108,1008),(2683,66,66,66,60,64.06,201601109,1008),(2684,84,84,84,80,83.42,201601110,1008),(2685,100,100,100,100,99.35,201601111,1008),(2686,94,94,92,100,92.28,201601112,1008),(2687,78,78,78,70,76.25,201601113,1008),(2688,100,100,100,99,99.24,201601114,1008),(2689,92,92,90,100,90.57,201601115,1008),(2690,66,66,66,60,64.06,201601116,1008),(2691,84,84,84,80,83.42,201601117,1008),(2692,100,100,100,100,99.35,201601118,1008),(2693,94,94,92,100,92.28,201601119,1008),(2694,78,78,78,70,76.25,201601120,1008),(2695,100,100,100,99,99.24,201601121,1008),(2696,92,92,90,100,90.57,201601122,1008),(2697,72,72,72,70,71.71,201601123,1008),(2698,98,98,98,99,97.94,201601124,1008),(2699,100,100,100,100,99.35,201601125,1008),(2700,62,62,62,60,61.71,201601126,1008),(2701,84,84,84,80,83.89,201601127,1008),(2702,100,100,100,100,100,201601128,1008),(2703,92,92,90,100,90.57,201601129,1008),(2704,72,72,72,70,71.71,201601130,1008),(2705,98,98,98,99,97.94,201601131,1008),(2706,100,100,100,100,99.35,201601132,1008),(2707,62,62,62,60,61.71,201601133,1008),(2708,84,84,84,80,83.89,201601134,1008),(2709,100,100,100,100,100,201601135,1008),(2710,94,94,92,100,92.28,201601136,1008),(2711,76,76,76,70,75.6,201601137,1008),(2712,100,100,100,99,98.59,201601138,1008),(2713,92,92,92,100,91.55,201601139,1008),(2714,64,64,64,60,63.74,201601140,1008),(2715,84,84,84,80,83.74,201601141,1008),(2716,100,100,100,100,99.68,201601142,1008),(2717,94,94,92,100,92.28,201601143,1008),(2718,78,78,78,70,76.25,201601144,1008),(2719,100,100,100,99,99.24,201601145,1008),(2720,92,92,90,100,90.57,201601146,1008),(2721,66,66,66,60,64.06,201601147,1008),(2722,84,84,84,80,83.42,201601148,1008),(2723,100,100,100,100,99.35,201601149,1008),(2724,94,94,92,100,92.28,201601150,1008),(2725,78,78,78,70,76.25,201601151,1008),(2726,100,100,100,99,99.24,201601152,1008),(2727,92,92,90,100,90.57,201601153,1008),(2728,72,72,72,70,71.71,201601154,1008),(2729,98,98,98,99,97.94,201601155,1008),(2730,100,100,100,100,99.35,201601156,1008),(2731,62,62,62,60,61.71,201601157,1008),(2732,84,84,84,80,83.89,201601158,1008),(2733,100,100,100,100,100,201602101,1018),(2734,92,92,90,100,90.57,201602102,1018),(2735,72,72,72,70,71.71,201602103,1018),(2736,98,98,98,99,97.94,201602104,1018),(2737,100,100,100,100,99.35,201602105,1018),(2738,62,62,62,60,61.71,201602106,1018),(2739,84,84,84,80,83.89,201602107,1018),(2740,100,100,100,100,100,201602108,1018),(2741,92,92,92,99,91.52,201602109,1018),(2742,100,100,98,100,98.53,201602110,1018),(2743,70,70,70,60,68.78,201602111,1018),(2744,78,78,78,80,76.26,201602112,1018),(2745,96,96,94,100,94.31,201602113,1018),(2746,100,100,100,100,99.03,201602114,1018),(2747,78,78,78,70,76.75,201602115,1018),(2748,92,92,92,99,91.52,201602116,1018),(2749,100,100,100,100,99.18,201602117,1018),(2750,70,70,72,60,69.43,201602118,1018),(2751,76,76,76,80,75.29,201602119,1018),(2752,80,80,80,80,79.35,201602120,1018),(2753,100,100,98,100,98.7,201602121,1018),(2754,100,100,100,99,98.42,201602122,1018),(2755,100,100,98,100,98.7,201602123,1018),(2756,62,62,62,60,60.97,201602124,1018),(2757,82,82,82,80,80.32,201602125,1018),(2758,100,100,98,100,98.05,201602126,1018),(2759,70,70,70,60,68.13,201602127,1018),(2760,78,78,78,80,77.64,201602128,1018),(2761,100,100,100,100,99.18,201602129,1018),(2762,100,100,100,100,100,201602130,1018),(2763,68,68,68,70,67.64,201602131,1018),(2764,94,94,94,99,93.87,201602132,1018),(2765,96,96,96,100,94.96,201602133,1018),(2766,70,70,70,60,68.45,201602134,1018),(2767,84,84,84,80,82.92,201602135,1018),(2768,100,100,100,100,99.68,201602136,1018),(2769,92,92,92,100,91.87,201602137,1018),(2770,72,72,72,70,71.38,201602138,1018),(2771,98,98,98,99,97.61,201602139,1018),(2772,92,92,92,100,90.9,201602140,1018),(2773,66,66,66,60,64.39,201602141,1018),(2774,84,84,84,80,83.74,201602142,1018),(2775,100,100,100,100,99.68,201602143,1018),(2776,94,94,92,100,92.28,201602144,1018),(2777,76,76,76,70,75.6,201602145,1018),(2778,100,100,100,99,98.59,201602146,1018),(2779,92,92,90,100,90.57,201602147,1018),(2780,66,66,66,60,64.06,201602148,1018),(2781,84,84,84,80,83.42,201602149,1018),(2782,100,100,100,100,99.35,201602150,1018),(2783,94,94,92,100,92.28,201602151,1018),(2784,78,78,78,70,76.25,201602152,1018),(2785,100,100,100,99,99.24,201602153,1018),(2786,92,92,90,100,90.57,201602154,1018),(2787,66,66,66,60,64.06,201602155,1018),(2788,84,84,84,80,83.42,201602156,1018),(2789,100,100,100,100,99.35,201602157,1018),(2790,94,94,92,100,92.28,201602158,1018),(2791,78,78,78,70,76.25,201602159,1018),(2792,100,100,100,99,99.24,201602160,1018),(2793,92,92,90,100,90.57,201602161,1018),(2794,72,72,72,70,71.71,201602162,1018),(2795,98,98,98,99,97.94,201602163,1018),(2796,100,100,100,100,99.35,201602164,1018),(2797,62,62,62,60,61.71,201602165,1018),(2798,84,84,84,80,83.89,201602166,1018),(2799,100,100,100,100,100,201603101,1028),(2800,92,92,90,100,90.57,201603102,1028),(2801,72,72,72,70,71.71,201603103,1028),(2802,98,98,98,99,97.94,201603104,1028),(2803,100,100,100,100,99.35,201603105,1028),(2804,62,62,62,60,61.71,201603106,1028),(2805,84,84,84,80,83.89,201603107,1028),(2806,100,100,100,100,100,201603108,1028),(2807,94,94,92,100,92.28,201603109,1028),(2808,76,76,76,70,75.6,201603110,1028),(2809,100,100,100,99,98.59,201603111,1028),(2810,92,92,92,100,91.55,201603112,1028),(2811,64,64,64,60,63.74,201603113,1028),(2812,84,84,84,80,83.74,201603114,1028),(2813,100,100,100,100,99.68,201603115,1028),(2814,94,94,92,100,92.28,201603116,1028),(2815,78,78,78,70,76.25,201603117,1028),(2816,100,100,100,99,99.24,201603118,1028),(2817,92,92,90,100,90.57,201603119,1028),(2818,66,66,66,60,64.06,201603120,1028),(2819,84,84,84,80,83.42,201603121,1028),(2820,100,100,100,100,99.35,201603122,1028),(2821,94,94,92,100,92.28,201603123,1028),(2822,78,78,78,70,76.25,201603124,1028),(2823,100,100,100,99,99.24,201603125,1028),(2824,92,92,90,100,90.57,201603126,1028),(2825,72,72,72,70,71.71,201603127,1028),(2826,98,98,98,99,97.94,201603128,1028),(2827,100,100,100,100,99.35,201603129,1028),(2828,62,62,62,60,61.71,201603130,1028),(2829,84,84,84,80,83.89,201603131,1028),(2830,100,100,100,100,100,201603132,1028),(2831,92,92,90,100,90.57,201603133,1028),(2832,72,72,72,70,71.71,201603134,1028),(2833,98,98,98,99,97.94,201603135,1028),(2834,100,100,100,100,99.35,201603136,1028),(2835,62,62,62,60,61.71,201603137,1028),(2836,84,84,84,80,83.89,201603138,1028),(2837,100,100,100,100,100,201603139,1028),(2838,92,92,92,99,91.52,201603140,1028),(2839,100,100,98,100,98.53,201603141,1028),(2840,70,70,70,60,68.78,201603142,1028),(2841,78,78,78,80,76.26,201603143,1028),(2842,96,96,94,100,94.31,201603144,1028),(2843,100,100,100,100,99.03,201603145,1028),(2844,78,78,78,70,76.75,201603146,1028),(2845,92,92,92,99,91.52,201603147,1028),(2846,100,100,100,100,99.18,201603148,1028),(2847,70,70,72,60,69.43,201603149,1028),(2848,76,76,76,80,75.29,201603150,1028),(2849,80,80,80,80,79.35,201603151,1028),(2850,100,100,98,100,98.7,201603152,1028),(2851,100,100,100,99,98.42,201603153,1028),(2852,100,100,98,100,98.7,201603154,1028),(2853,62,62,62,60,60.97,201603155,1028),(2854,82,82,82,80,80.32,201603156,1028),(2855,100,100,98,100,98.05,201603157,1028),(2856,70,70,70,60,68.13,201603158,1028),(2857,78,78,78,80,77.64,201603159,1028),(2858,100,100,100,100,99.18,201603160,1028),(2859,100,100,100,100,100,201603161,1028),(2860,68,68,68,70,67.64,201603162,1028),(2861,94,94,94,99,93.87,201603163,1028),(2862,96,96,96,100,94.96,201603164,1028),(2863,70,70,70,60,68.45,201603165,1028),(2864,84,84,84,80,82.92,201603166,1028),(2865,100,100,100,100,99.68,201604101,1038),(2866,92,92,92,100,91.87,201604102,1038),(2867,72,72,72,70,71.38,201604103,1038),(2868,98,98,98,99,97.61,201604104,1038),(2869,92,92,92,100,90.9,201604105,1038),(2870,66,66,66,60,64.39,201604106,1038),(2871,84,84,84,80,83.74,201604107,1038),(2872,100,100,100,100,99.68,201604108,1038),(2873,94,94,92,100,92.28,201604109,1038),(2874,76,76,76,70,75.6,201604110,1038),(2875,100,100,100,99,98.59,201604111,1038),(2876,92,92,90,100,90.57,201604112,1038),(2877,66,66,66,60,64.06,201604113,1038),(2878,84,84,84,80,83.42,201604114,1038),(2879,100,100,100,100,99.35,201604115,1038),(2880,94,94,92,100,92.28,201604116,1038),(2881,78,78,78,70,76.25,201604117,1038),(2882,100,100,100,99,99.24,201604118,1038),(2883,92,92,90,100,90.57,201604119,1038),(2884,66,66,66,60,64.06,201604120,1038),(2885,84,84,84,80,83.42,201604121,1038),(2886,100,100,100,100,99.35,201604122,1038),(2887,94,94,92,100,92.28,201604123,1038),(2888,78,78,78,70,76.25,201604124,1038),(2889,100,100,100,99,99.24,201604125,1038),(2890,92,92,90,100,90.57,201604126,1038),(2891,72,72,72,70,71.71,201604127,1038),(2892,98,98,98,99,97.94,201604128,1038),(2893,100,100,100,100,99.35,201604129,1038),(2894,62,62,62,60,61.71,201604130,1038),(2895,84,84,84,80,83.89,201604131,1038),(2896,100,100,100,100,100,201604132,1038),(2897,92,92,90,100,90.57,201604133,1038),(2898,72,72,72,70,71.71,201604134,1038),(2899,98,98,98,99,97.94,201604135,1038),(2900,100,100,100,100,99.35,201604136,1038),(2901,62,62,62,60,61.71,201604137,1038),(2902,84,84,84,80,83.89,201604138,1038),(2903,100,100,100,100,100,201604139,1038),(2904,94,94,92,100,92.28,201604140,1038),(2905,76,76,76,70,75.6,201604141,1038),(2906,100,100,100,99,98.59,201604142,1038),(2907,92,92,92,100,91.55,201604143,1038),(2908,64,64,64,60,63.74,201604144,1038),(2909,84,84,84,80,83.74,201604145,1038),(2910,100,100,100,100,99.68,201604146,1038),(2911,94,94,92,100,92.28,201604147,1038),(2912,78,78,78,70,76.25,201604148,1038),(2913,100,100,100,99,99.24,201604149,1038),(2914,92,92,90,100,90.57,201604150,1038),(2915,66,66,66,60,64.06,201604151,1038),(2916,84,84,84,80,83.42,201604152,1038),(2917,100,100,100,100,99.35,201604153,1038),(2918,94,94,92,100,92.28,201604154,1038),(2919,78,78,78,70,76.25,201604157,1038),(2920,100,100,100,99,99.24,201604158,1038),(2921,92,92,90,100,90.57,201604159,1038),(2922,72,72,72,70,71.71,201604160,1038),(2923,98,98,98,99,97.94,201604161,1038),(2924,100,100,100,100,99.35,201604162,1038),(2925,62,62,62,60,61.71,201604163,1038),(2926,84,84,84,80,83.89,201604164,1038),(2927,100,100,100,100,100,201604165,1038),(2928,92,92,90,100,90.57,201604166,1038),(2929,72,72,72,70,71.71,201604167,1038),(2930,98,98,98,99,97.94,201605168,1048),(2931,100,100,100,100,99.35,201605169,1048),(2932,62,62,62,60,61.71,201605170,1048),(2933,84,84,84,80,83.89,201605171,1048),(2934,100,100,100,100,100,201605172,1048),(2935,92,92,92,99,91.52,201605173,1048),(2936,100,100,98,100,98.53,201605174,1048),(2937,70,70,70,60,68.78,201605175,1048),(2938,78,78,78,80,76.26,201605176,1048),(2939,96,96,94,100,94.31,201605177,1048),(2940,100,100,100,100,99.03,201605178,1048),(2941,78,78,78,70,76.75,201605179,1048),(2942,92,92,92,99,91.52,201605180,1048),(2943,100,100,100,100,99.18,201605181,1048),(2944,70,70,72,60,69.43,201605182,1048),(2945,76,76,76,80,75.29,201605183,1048),(2946,80,80,80,80,79.35,201605184,1048),(2947,100,100,98,100,98.7,201605185,1048),(2948,100,100,100,99,98.42,201605186,1048),(2949,100,100,98,100,98.7,201605187,1048),(2950,62,62,62,60,60.97,201605188,1048),(2951,82,82,82,80,80.32,201605189,1048),(2952,100,100,98,100,98.05,201605190,1048),(2953,70,70,70,60,68.13,201605191,1048),(2954,78,78,78,80,77.64,201605192,1048),(2955,100,100,100,100,99.18,201605193,1048),(2956,100,100,100,100,100,201605194,1048),(2957,68,68,68,70,67.64,201605195,1048),(2958,94,94,94,99,93.87,201605196,1048),(2959,96,96,96,100,94.96,201605197,1048),(2960,70,70,70,60,68.45,201605198,1048),(2961,84,84,84,80,82.92,201605199,1048),(2962,100,100,100,100,99.68,201605200,1048),(2963,92,92,92,100,91.87,201605201,1048),(2964,72,72,72,70,71.38,201605202,1048),(2965,98,98,98,99,97.61,201605203,1048),(2966,92,92,92,100,90.9,201605204,1048),(2967,66,66,66,60,64.39,201605205,1048),(2968,84,84,84,80,83.74,201605206,1048),(2969,100,100,100,100,99.68,201605207,1048),(2970,94,94,92,100,92.28,201605208,1048),(2971,76,76,76,70,75.6,201605209,1048),(2972,100,100,100,99,98.59,201605210,1048),(2973,92,92,90,100,90.57,201605211,1048),(2974,66,66,66,60,64.06,201605212,1048),(2975,84,84,84,80,83.42,201605213,1048),(2976,100,100,100,100,99.35,201605214,1048),(2977,94,94,92,100,92.28,201605215,1048),(2978,78,78,78,70,76.25,201605216,1048),(2979,100,100,100,99,99.24,201605217,1048),(2980,92,92,90,100,90.57,201605218,1048),(2981,66,66,66,60,64.06,201605219,1048),(2982,84,84,84,80,83.42,201605220,1048),(2983,100,100,100,100,99.35,201605221,1048),(2984,94,94,92,100,92.28,201605222,1048),(2985,78,78,78,70,76.25,201605223,1048),(2986,100,100,100,99,99.24,201605224,1048),(2987,92,92,90,100,90.57,201605225,1048),(2988,72,72,72,70,71.71,201605226,1048),(2989,98,98,98,99,97.94,201605227,1048),(2990,100,100,100,100,99.35,201605228,1048),(2991,62,62,62,60,61.71,201605229,1048),(2992,84,84,84,80,83.89,201605230,1048),(2993,100,100,100,100,100,201605231,1048),(2994,92,92,90,100,90.57,201605232,1048),(2995,72,72,72,70,71.71,201606104,1058),(2996,98,98,98,99,97.94,201606105,1058),(2997,100,100,100,100,99.35,201606106,1058),(2998,62,62,62,60,61.71,201606107,1058),(2999,84,84,84,80,83.89,201606108,1058),(3000,100,100,100,100,100,201606109,1058),(3001,94,94,92,100,92.28,201606110,1058),(3002,76,76,76,70,75.6,201606111,1058),(3003,100,100,100,99,98.59,201606112,1058),(3004,92,92,92,100,91.55,201606113,1058),(3005,64,64,64,60,63.74,201606114,1058),(3006,84,84,84,80,83.74,201606115,1058),(3007,100,100,100,100,99.68,201606116,1058),(3008,94,94,92,100,92.28,201606117,1058),(3009,78,78,78,70,76.25,201606118,1058),(3010,100,100,100,99,99.24,201606119,1058),(3011,92,92,90,100,90.57,201606120,1058),(3012,66,66,66,60,64.06,201606121,1058),(3013,84,84,84,80,83.42,201606122,1058),(3014,100,100,100,100,99.35,201606123,1058),(3015,94,94,92,100,92.28,201606124,1058),(3016,78,78,78,70,76.25,201606125,1058),(3017,100,100,100,99,99.24,201606126,1058),(3018,92,92,90,100,90.57,201606127,1058),(3019,72,72,72,70,71.71,201606128,1058),(3020,98,98,98,99,97.94,201606129,1058),(3021,100,100,100,100,99.35,201606130,1058),(3022,62,62,62,60,61.71,201606131,1058),(3023,84,84,84,80,83.89,201606132,1058),(3024,100,100,100,100,100,201606133,1058),(3025,92,92,90,100,90.57,201606134,1058),(3026,72,72,72,70,71.71,201606135,1058),(3027,98,98,98,99,97.94,201606136,1058),(3028,100,100,100,100,99.35,201606137,1058),(3029,62,62,62,60,61.71,201606138,1058),(3030,84,84,84,80,83.89,201606139,1058),(3031,100,100,100,100,100,201606141,1058),(3032,92,92,92,99,91.58,201606142,1058),(3033,100,100,100,100,99.41,201606143,1058),(3034,70,70,72,60,69.39,201606144,1058),(3035,76,76,76,80,75.29,201606145,1058),(3036,96,96,94,100,94.8,201606146,1058),(3037,100,100,100,100,99.03,201606147,1058),(3038,78,78,78,70,76.58,201606148,1058),(3039,78,78,78,99,77.06,201606149,1058),(3040,92,92,92,100,91.76,201606150,1058),(3041,100,100,100,60,99.97,201606151,1058),(3042,60,60,60,80,60,201606152,1058),(3043,72,72,72,80,71.87,201606153,1058),(3044,84,84,84,90,83.74,201606154,1058),(3045,92,92,92,97,91.76,201606155,1058),(3046,70,70,72,99,69.39,201606156,1058),(3047,84,84,84,60,82.93,201606157,1058),(3048,96,96,94,75,94.8,201606158,1058),(3049,70,70,70,90,68.45,201606159,1058),(3050,78,78,78,95,76.58,201606160,1058),(3051,70,70,70,62,69.42,201606161,1058),(3052,96,96,96,97,95.59,201606162,1058),(3053,98,98,98,99,97.67,201606163,1058),(3054,60,60,60,60,60,201606164,1058),(3055,72,72,72,75,71.11,201606165,1058),(3056,72,72,72,75,71.11,201606166,1058),(3057,100,92,90,100,90.57,201601101,1009),(3058,60,66,66,60,64.23,201601102,1009),(3059,80,84,84,80,83.74,201601103,1009),(3060,100,100,100,100,99.51,201601104,1009),(3061,100,94,92,100,92.35,201601105,1009),(3062,70,78,78,70,76.48,201601106,1009),(3063,99,100,100,99,99.2,201601107,1009),(3064,100,92,90,100,90.57,201601108,1009),(3065,60,66,66,60,64.06,201601109,1009),(3066,80,84,84,80,83.42,201601110,1009),(3067,100,100,100,100,99.35,201601111,1009),(3068,100,94,92,100,92.28,201601112,1009),(3069,70,78,78,70,76.25,201601113,1009),(3070,99,100,100,99,99.24,201601114,1009),(3071,100,92,90,100,90.57,201601115,1009),(3072,60,66,66,60,64.06,201601116,1009),(3073,80,84,84,80,83.42,201601117,1009),(3074,100,100,100,100,99.35,201601118,1009),(3075,100,94,92,100,92.28,201601119,1009),(3076,70,78,78,70,76.25,201601120,1009),(3077,99,100,100,99,99.24,201601121,1009),(3078,100,92,90,100,90.57,201601122,1009),(3079,70,72,72,70,71.71,201601123,1009),(3080,99,98,98,99,97.94,201601124,1009),(3081,100,100,100,100,99.35,201601125,1009),(3082,60,62,62,60,61.71,201601126,1009),(3083,80,84,84,80,83.89,201601127,1009),(3084,100,100,100,100,100,201601128,1009),(3085,100,92,90,100,90.57,201601129,1009),(3086,70,72,72,70,71.71,201601130,1009),(3087,99,98,98,99,97.94,201601131,1009),(3088,100,100,100,100,99.35,201601132,1009),(3089,60,62,62,60,61.71,201601133,1009),(3090,80,84,84,80,83.89,201601134,1009),(3091,100,100,100,100,100,201601135,1009),(3092,100,94,92,100,92.28,201601136,1009),(3093,70,76,76,70,75.6,201601137,1009),(3094,99,100,100,99,98.59,201601138,1009),(3095,100,92,92,100,91.55,201601139,1009),(3096,60,64,64,60,63.74,201601140,1009),(3097,80,84,84,80,83.74,201601141,1009),(3098,100,100,100,100,99.68,201601142,1009),(3099,100,94,92,100,92.28,201601143,1009),(3100,70,78,78,70,76.25,201601144,1009),(3101,99,100,100,99,99.24,201601145,1009),(3102,100,92,90,100,90.57,201601146,1009),(3103,60,66,66,60,64.06,201601147,1009),(3104,80,84,84,80,83.42,201601148,1009),(3105,100,100,100,100,99.35,201601149,1009),(3106,100,94,92,100,92.28,201601150,1009),(3107,70,78,78,70,76.25,201601151,1009),(3108,99,100,100,99,99.24,201601152,1009),(3109,100,92,90,100,90.57,201601153,1009),(3110,70,72,72,70,71.71,201601154,1009),(3111,99,98,98,99,97.94,201601155,1009),(3112,100,100,100,100,99.35,201601156,1009),(3113,60,62,62,60,61.71,201601157,1009),(3114,80,84,84,80,83.89,201601158,1009),(3115,100,100,100,100,100,201602101,1019),(3116,100,92,90,100,90.57,201602102,1019),(3117,70,72,72,70,71.71,201602103,1019),(3118,99,98,98,99,97.94,201602104,1019),(3119,100,100,100,100,99.35,201602105,1019),(3120,60,62,62,60,61.71,201602106,1019),(3121,80,84,84,80,83.89,201602107,1019),(3122,100,100,100,100,100,201602108,1019),(3123,99,92,92,99,91.52,201602109,1019),(3124,100,100,98,100,98.53,201602110,1019),(3125,60,70,70,60,68.78,201602111,1019),(3126,80,78,78,80,76.26,201602112,1019),(3127,100,96,94,100,94.31,201602113,1019),(3128,100,100,100,100,99.03,201602114,1019),(3129,70,78,78,70,76.75,201602115,1019),(3130,99,92,92,99,91.52,201602116,1019),(3131,100,100,100,100,99.18,201602117,1019),(3132,60,70,72,60,69.43,201602118,1019),(3133,80,76,76,80,75.29,201602119,1019),(3134,80,80,80,80,79.35,201602120,1019),(3135,100,100,98,100,98.7,201602121,1019),(3136,99,100,100,99,98.42,201602122,1019),(3137,100,100,98,100,98.7,201602123,1019),(3138,60,62,62,60,60.97,201602124,1019),(3139,80,82,82,80,80.32,201602125,1019),(3140,100,100,98,100,98.05,201602126,1019),(3141,60,70,70,60,68.13,201602127,1019),(3142,80,78,78,80,77.64,201602128,1019),(3143,100,100,100,100,99.18,201602129,1019),(3144,100,100,100,100,100,201602130,1019),(3145,70,68,68,70,67.64,201602131,1019),(3146,99,94,94,99,93.87,201602132,1019),(3147,100,96,96,100,94.96,201602133,1019),(3148,60,70,70,60,68.45,201602134,1019),(3149,80,84,84,80,82.92,201602135,1019),(3150,100,100,100,100,99.68,201602136,1019),(3151,100,92,92,100,91.87,201602137,1019),(3152,70,72,72,70,71.38,201602138,1019),(3153,99,98,98,99,97.61,201602139,1019),(3154,100,92,92,100,90.9,201602140,1019),(3155,60,66,66,60,64.39,201602141,1019),(3156,80,84,84,80,83.74,201602142,1019),(3157,100,100,100,100,99.68,201602143,1019),(3158,100,94,92,100,92.28,201602144,1019),(3159,70,76,76,70,75.6,201602145,1019),(3160,99,100,100,99,98.59,201602146,1019),(3161,100,92,90,100,90.57,201602147,1019),(3162,60,66,66,60,64.06,201602148,1019),(3163,80,84,84,80,83.42,201602149,1019),(3164,100,100,100,100,99.35,201602150,1019),(3165,100,94,92,100,92.28,201602151,1019),(3166,70,78,78,70,76.25,201602152,1019),(3167,99,100,100,99,99.24,201602153,1019),(3168,100,92,90,100,90.57,201602154,1019),(3169,60,66,66,60,64.06,201602155,1019),(3170,80,84,84,80,83.42,201602156,1019),(3171,100,100,100,100,99.35,201602157,1019),(3172,100,94,92,100,92.28,201602158,1019),(3173,70,78,78,70,76.25,201602159,1019),(3174,99,100,100,99,99.24,201602160,1019),(3175,100,92,90,100,90.57,201602161,1019),(3176,70,72,72,70,71.71,201602162,1019),(3177,99,98,98,99,97.94,201602163,1019),(3178,100,100,100,100,99.35,201602164,1019),(3179,60,62,62,60,61.71,201602165,1019),(3180,80,84,84,80,83.89,201602166,1019),(3181,100,100,100,100,100,201603101,1029),(3182,100,92,90,100,90.57,201603102,1029),(3183,70,72,72,70,71.71,201603103,1029),(3184,99,98,98,99,97.94,201603104,1029),(3185,100,100,100,100,99.35,201603105,1029),(3186,60,62,62,60,61.71,201603106,1029),(3187,80,84,84,80,83.89,201603107,1029),(3188,100,100,100,100,100,201603108,1029),(3189,100,94,92,100,92.28,201603109,1029),(3190,70,76,76,70,75.6,201603110,1029),(3191,99,100,100,99,98.59,201603111,1029),(3192,100,92,92,100,91.55,201603112,1029),(3193,60,64,64,60,63.74,201603113,1029),(3194,80,84,84,80,83.74,201603114,1029),(3195,100,100,100,100,99.68,201603115,1029),(3196,100,94,92,100,92.28,201603116,1029),(3197,70,78,78,70,76.25,201603117,1029),(3198,99,100,100,99,99.24,201603118,1029),(3199,100,92,90,100,90.57,201603119,1029),(3200,60,66,66,60,64.06,201603120,1029),(3201,80,84,84,80,83.42,201603121,1029),(3202,100,100,100,100,99.35,201603122,1029),(3203,100,94,92,100,92.28,201603123,1029),(3204,70,78,78,70,76.25,201603124,1029),(3205,99,100,100,99,99.24,201603125,1029),(3206,100,92,90,100,90.57,201603126,1029),(3207,70,72,72,70,71.71,201603127,1029),(3208,99,98,98,99,97.94,201603128,1029),(3209,100,100,100,100,99.35,201603129,1029),(3210,60,62,62,60,61.71,201603130,1029),(3211,80,84,84,80,83.89,201603131,1029),(3212,100,100,100,100,100,201603132,1029),(3213,100,92,90,100,90.57,201603133,1029),(3214,70,72,72,70,71.71,201603134,1029),(3215,99,98,98,99,97.94,201603135,1029),(3216,100,100,100,100,99.35,201603136,1029),(3217,60,62,62,60,61.71,201603137,1029),(3218,80,84,84,80,83.89,201603138,1029),(3219,100,100,100,100,100,201603139,1029),(3220,99,92,92,99,91.52,201603140,1029),(3221,100,100,98,100,98.53,201603141,1029),(3222,60,70,70,60,68.78,201603142,1029),(3223,80,78,78,80,76.26,201603143,1029),(3224,100,96,94,100,94.31,201603144,1029),(3225,100,100,100,100,99.03,201603145,1029),(3226,70,78,78,70,76.75,201603146,1029),(3227,99,92,92,99,91.52,201603147,1029),(3228,100,100,100,100,99.18,201603148,1029),(3229,60,70,72,60,69.43,201603149,1029),(3230,80,76,76,80,75.29,201603150,1029),(3231,80,80,80,80,79.35,201603151,1029),(3232,100,100,98,100,98.7,201603152,1029),(3233,99,100,100,99,98.42,201603153,1029),(3234,100,100,98,100,98.7,201603154,1029),(3235,60,62,62,60,60.97,201603155,1029),(3236,80,82,82,80,80.32,201603156,1029),(3237,100,100,98,100,98.05,201603157,1029),(3238,60,70,70,60,68.13,201603158,1029),(3239,80,78,78,80,77.64,201603159,1029),(3240,100,100,100,100,99.18,201603160,1029),(3241,100,100,100,100,100,201603161,1029),(3242,70,68,68,70,67.64,201603162,1029),(3243,99,94,94,99,93.87,201603163,1029),(3244,100,96,96,100,94.96,201603164,1029),(3245,60,70,70,60,68.45,201603165,1029),(3246,80,84,84,80,82.92,201603166,1029),(3247,100,100,100,100,99.68,201604101,1039),(3248,100,92,92,100,91.87,201604102,1039),(3249,70,72,72,70,71.38,201604103,1039),(3250,99,98,98,99,97.61,201604104,1039),(3251,100,92,92,100,90.9,201604105,1039),(3252,60,66,66,60,64.39,201604106,1039),(3253,80,84,84,80,83.74,201604107,1039),(3254,100,100,100,100,99.68,201604108,1039),(3255,100,94,92,100,92.28,201604109,1039),(3256,70,76,76,70,75.6,201604110,1039),(3257,99,100,100,99,98.59,201604111,1039),(3258,100,92,90,100,90.57,201604112,1039),(3259,60,66,66,60,64.06,201604113,1039),(3260,80,84,84,80,83.42,201604114,1039),(3261,100,100,100,100,99.35,201604115,1039),(3262,100,94,92,100,92.28,201604116,1039),(3263,70,78,78,70,76.25,201604117,1039),(3264,99,100,100,99,99.24,201604118,1039),(3265,100,92,90,100,90.57,201604119,1039),(3266,60,66,66,60,64.06,201604120,1039),(3267,80,84,84,80,83.42,201604121,1039),(3268,100,100,100,100,99.35,201604122,1039),(3269,100,94,92,100,92.28,201604123,1039),(3270,70,78,78,70,76.25,201604124,1039),(3271,99,100,100,99,99.24,201604125,1039),(3272,100,92,90,100,90.57,201604126,1039),(3273,70,72,72,70,71.71,201604127,1039),(3274,99,98,98,99,97.94,201604128,1039),(3275,100,100,100,100,99.35,201604129,1039),(3276,60,62,62,60,61.71,201604130,1039),(3277,80,84,84,80,83.89,201604131,1039),(3278,100,100,100,100,100,201604132,1039),(3279,100,92,90,100,90.57,201604133,1039),(3280,70,72,72,70,71.71,201604134,1039),(3281,99,98,98,99,97.94,201604135,1039),(3282,100,100,100,100,99.35,201604136,1039),(3283,60,62,62,60,61.71,201604137,1039),(3284,80,84,84,80,83.89,201604138,1039),(3285,100,100,100,100,100,201604139,1039),(3286,100,94,92,100,92.28,201604140,1039),(3287,70,76,76,70,75.6,201604141,1039),(3288,99,100,100,99,98.59,201604142,1039),(3289,100,92,92,100,91.55,201604143,1039),(3290,60,64,64,60,63.74,201604144,1039),(3291,80,84,84,80,83.74,201604145,1039),(3292,100,100,100,100,99.68,201604146,1039),(3293,100,94,92,100,92.28,201604147,1039),(3294,70,78,78,70,76.25,201604148,1039),(3295,99,100,100,99,99.24,201604149,1039),(3296,100,92,90,100,90.57,201604150,1039),(3297,60,66,66,60,64.06,201604151,1039),(3298,80,84,84,80,83.42,201604152,1039),(3299,100,100,100,100,99.35,201604153,1039),(3300,100,94,92,100,92.28,201604154,1039),(3301,70,78,78,70,76.25,201604157,1039),(3302,99,100,100,99,99.24,201604158,1039),(3303,100,92,90,100,90.57,201604159,1039),(3304,70,72,72,70,71.71,201604160,1039),(3305,99,98,98,99,97.94,201604161,1039),(3306,100,100,100,100,99.35,201604162,1039),(3307,60,62,62,60,61.71,201604163,1039),(3308,80,84,84,80,83.89,201604164,1039),(3309,100,100,100,100,100,201604165,1039),(3310,100,92,90,100,90.57,201604166,1039),(3311,70,72,72,70,71.71,201604167,1039),(3312,99,98,98,99,97.94,201605168,1049),(3313,100,100,100,100,99.35,201605169,1049),(3314,60,62,62,60,61.71,201605170,1049),(3315,80,84,84,80,83.89,201605171,1049),(3316,100,100,100,100,100,201605172,1049),(3317,99,92,92,99,91.52,201605173,1049),(3318,100,100,98,100,98.53,201605174,1049),(3319,60,70,70,60,68.78,201605175,1049),(3320,80,78,78,80,76.26,201605176,1049),(3321,100,96,94,100,94.31,201605177,1049),(3322,100,100,100,100,99.03,201605178,1049),(3323,70,78,78,70,76.75,201605179,1049),(3324,99,92,92,99,91.52,201605180,1049),(3325,100,100,100,100,99.18,201605181,1049),(3326,60,70,72,60,69.43,201605182,1049),(3327,80,76,76,80,75.29,201605183,1049),(3328,80,80,80,80,79.35,201605184,1049),(3329,100,100,98,100,98.7,201605185,1049),(3330,99,100,100,99,98.42,201605186,1049),(3331,100,100,98,100,98.7,201605187,1049),(3332,60,62,62,60,60.97,201605188,1049),(3333,80,82,82,80,80.32,201605189,1049),(3334,100,100,98,100,98.05,201605190,1049),(3335,60,70,70,60,68.13,201605191,1049),(3336,80,78,78,80,77.64,201605192,1049),(3337,100,100,100,100,99.18,201605193,1049),(3338,100,100,100,100,100,201605194,1049),(3339,70,68,68,70,67.64,201605195,1049),(3340,99,94,94,99,93.87,201605196,1049),(3341,100,96,96,100,94.96,201605197,1049),(3342,60,70,70,60,68.45,201605198,1049),(3343,80,84,84,80,82.92,201605199,1049),(3344,100,100,100,100,99.68,201605200,1049),(3345,100,92,92,100,91.87,201605201,1049),(3346,70,72,72,70,71.38,201605202,1049),(3347,99,98,98,99,97.61,201605203,1049),(3348,100,92,92,100,90.9,201605204,1049),(3349,60,66,66,60,64.39,201605205,1049),(3350,80,84,84,80,83.74,201605206,1049),(3351,100,100,100,100,99.68,201605207,1049),(3352,100,94,92,100,92.28,201605208,1049),(3353,70,76,76,70,75.6,201605209,1049),(3354,99,100,100,99,98.59,201605210,1049),(3355,100,92,90,100,90.57,201605211,1049),(3356,60,66,66,60,64.06,201605212,1049),(3357,80,84,84,80,83.42,201605213,1049),(3358,100,100,100,100,99.35,201605214,1049),(3359,100,94,92,100,92.28,201605215,1049),(3360,70,78,78,70,76.25,201605216,1049),(3361,99,100,100,99,99.24,201605217,1049),(3362,100,92,90,100,90.57,201605218,1049),(3363,60,66,66,60,64.06,201605219,1049),(3364,80,84,84,80,83.42,201605220,1049),(3365,100,100,100,100,99.35,201605221,1049),(3366,100,94,92,100,92.28,201605222,1049),(3367,70,78,78,70,76.25,201605223,1049),(3368,99,100,100,99,99.24,201605224,1049),(3369,100,92,90,100,90.57,201605225,1049),(3370,70,72,72,70,71.71,201605226,1049),(3371,99,98,98,99,97.94,201605227,1049),(3372,100,100,100,100,99.35,201605228,1049),(3373,60,62,62,60,61.71,201605229,1049),(3374,80,84,84,80,83.89,201605230,1049),(3375,100,100,100,100,100,201605231,1049),(3376,100,92,90,100,90.57,201605232,1049),(3377,70,72,72,70,71.71,201606104,1059),(3378,99,98,98,99,97.94,201606105,1059),(3379,100,100,100,100,99.35,201606106,1059),(3380,60,62,62,60,61.71,201606107,1059),(3381,80,84,84,80,83.89,201606108,1059),(3382,100,100,100,100,100,201606109,1059),(3383,100,94,92,100,92.28,201606110,1059),(3384,70,76,76,70,75.6,201606111,1059),(3385,99,100,100,99,98.59,201606112,1059),(3386,100,92,92,100,91.55,201606113,1059),(3387,60,64,64,60,63.74,201606114,1059),(3388,80,84,84,80,83.74,201606115,1059),(3389,100,100,100,100,99.68,201606116,1059),(3390,100,94,92,100,92.28,201606117,1059),(3391,70,78,78,70,76.25,201606118,1059),(3392,99,100,100,99,99.24,201606119,1059),(3393,100,92,90,100,90.57,201606120,1059),(3394,60,66,66,60,64.06,201606121,1059),(3395,80,84,84,80,83.42,201606122,1059),(3396,100,100,100,100,99.35,201606123,1059),(3397,100,94,92,100,92.28,201606124,1059),(3398,70,78,78,70,76.25,201606125,1059),(3399,99,100,100,99,99.24,201606126,1059),(3400,100,92,90,100,90.57,201606127,1059),(3401,70,72,72,70,71.71,201606128,1059),(3402,99,98,98,99,97.94,201606129,1059),(3403,100,100,100,100,99.35,201606130,1059),(3404,60,62,62,60,61.71,201606131,1059),(3405,80,84,84,80,83.89,201606132,1059),(3406,100,100,100,100,100,201606133,1059),(3407,100,92,90,100,90.57,201606134,1059),(3408,70,72,72,70,71.71,201606135,1059),(3409,99,98,98,99,97.94,201606136,1059),(3410,100,100,100,100,99.35,201606137,1059),(3411,60,62,62,60,61.71,201606138,1059),(3412,80,84,84,80,83.89,201606139,1059),(3413,100,100,100,100,100,201606141,1059),(3414,99,92,92,99,91.58,201606142,1059),(3415,100,100,100,100,99.41,201606143,1059),(3416,60,70,72,60,69.39,201606144,1059),(3417,80,76,76,80,75.29,201606145,1059),(3418,100,96,94,100,94.8,201606146,1059),(3419,100,100,100,100,99.03,201606147,1059),(3420,70,78,78,70,76.58,201606148,1059),(3421,99,78,78,99,77.06,201606149,1059),(3422,100,92,92,100,91.76,201606150,1059),(3423,60,100,100,60,99.97,201606151,1059),(3424,80,60,60,80,60,201606152,1059),(3425,80,72,72,80,71.87,201606153,1059),(3426,90,84,84,90,83.74,201606154,1059),(3427,97,92,92,97,91.76,201606155,1059),(3428,99,70,72,99,69.39,201606156,1059),(3429,60,84,84,60,82.93,201606157,1059),(3430,75,96,94,75,94.8,201606158,1059),(3431,90,70,70,90,68.45,201606159,1059),(3432,95,78,78,95,76.58,201606160,1059),(3433,62,70,70,62,69.42,201606161,1059),(3434,97,96,96,97,95.59,201606162,1059),(3435,99,98,98,99,97.67,201606163,1059),(3436,60,60,60,60,60,201606164,1059),(3437,75,72,72,75,71.11,201606165,1059),(3438,75,72,72,75,71.11,201606166,1059),(3439,80,75,60,60,68.81,201403102,1001),(3440,84,86,80,80,82.33,201403103,1001),(3441,98,100,100,100,99.45,201403105,1001),(3442,82,85,100,100,91.74,201403106,1001),(3443,71,73,70,70,70.97,201403107,1001),(3444,91,97,99,99,96.51,201403108,1001),(3445,76,84,100,100,90.09,201403110,1001),(3446,71,68,60,60,64.68,201403111,1001),(3447,87,87,80,80,83.58,201403112,1001),(3448,98,100,100,100,99.45,201403113,1001),(3449,77,87,100,100,91.06,201403114,1001),(3450,82,80,70,70,75.5,201403115,1001),(3451,96,99,99,99,98.16,201403116,1001),(3452,75,84,100,100,89.54,201403117,1001),(3453,69,67,60,60,64.13,201403118,1001),(3454,86,86,80,80,83.03,201403120,1001),(3455,96,99,100,100,98.9,201403121,1001),(3456,77,87,100,100,91.06,201403122,1001),(3457,85,81,70,70,76.59,201403123,1001),(3458,100,99,99,99,99.26,201403124,1001),(3459,75,84,100,100,89.54,201403125,1001),(3460,69,67,60,60,64.13,201403126,1001),(3461,86,86,80,80,83.03,201403127,1001),(3462,96,99,100,100,98.9,201403128,1001),(3463,77,87,100,100,91.06,201403129,1001),(3464,85,81,70,70,76.59,201403130,1001),(3465,100,99,99,99,99.26,201403131,1001),(3466,75,84,100,100,89.54,201403132,1001),(3467,73,73,70,70,71.52,201403133,1001),(3468,93,98,99,99,97.06,201403134,1001),(3469,96,99,100,100,98.9,201403135,1001),(3470,63,63,60,60,61.52,201403136,1001),(3471,89,87,80,80,83.98,201403137,1001),(3472,100,100,100,100,100,201403138,1001),(3473,75,84,100,100,89.54,201403139,1001),(3474,73,73,70,70,71.52,201403140,1001),(3475,93,98,99,99,97.06,201403141,1001),(3476,96,99,100,100,98.9,201403142,1001),(3477,63,63,60,60,61.52,201403143,1001),(3478,89,87,80,80,83.98,201403144,1001),(3479,100,100,100,100,100,201403145,1001),(3480,77,87,100,100,91.06,201403146,1001),(3481,82,80,70,70,75.5,201403147,1001),(3482,96,99,99,99,98.16,201403148,1001),(3483,80,85,100,100,91.19,201403149,1001),(3484,67,67,60,60,63.58,201403150,1001),(3485,87,87,80,80,83.58,201403151,1001),(3486,98,100,100,100,99.45,201403152,1001),(3487,77,87,100,100,91.06,201403153,1001),(3488,85,81,70,70,76.59,201403154,1001),(3489,100,99,99,99,99.26,201403155,1001),(3490,75,84,100,100,89.54,201403156,1001),(3491,69,67,60,60,64.13,201403157,1001),(3492,86,86,80,80,83.03,201403158,1001),(3493,96,99,100,100,98.9,201403159,1001),(3494,77,87,100,100,91.06,201403160,1001),(3495,85,81,70,70,76.59,201403161,1001),(3496,100,99,99,99,99.26,201403162,1001),(3497,75,84,100,100,89.54,201403163,1001),(3498,73,73,70,70,71.52,201403164,1001),(3499,93,98,99,99,97.06,201403165,1001),(3500,96,99,100,100,98.9,201403166,1001),(3501,63,63,60,60,61.52,201404101,1011),(3502,89,87,80,80,83.98,201404102,1011),(3503,100,100,100,100,100,201404103,1011),(3504,75,84,100,100,89.54,201404104,1011),(3505,73,73,70,70,71.52,201404105,1011),(3506,93,98,99,99,97.06,201404107,1011),(3507,96,99,100,100,98.9,201404108,1011),(3508,63,63,60,60,61.52,201404109,1011),(3509,89,87,80,80,83.98,201404110,1011),(3510,100,100,100,100,100,201404112,1011),(3511,77,86,99,99,90.32,201404113,1011),(3512,93,98,100,100,97.65,201404114,1011),(3513,82,75,60,60,69.36,201404115,1011),(3514,73,73,80,80,76.42,201404116,1011),(3515,82,90,100,100,93.12,201404117,1011),(3516,95,99,100,100,98.35,201404118,1011),(3517,87,82,70,70,77.29,201404119,1011),(3518,77,86,99,99,90.32,201404120,1011),(3519,96,99,100,100,98.75,201404121,1011),(3520,85,76,60,60,70.46,201404122,1011),(3521,67,72,80,80,74.77,201404123,1011),(3522,76,79,80,80,78.9,201404124,1011),(3523,93,98,100,100,97.8,201404125,1011),(3524,96,98,99,99,98.01,201404126,1011),(3525,93,98,100,100,97.8,201404127,1011),(3526,65,61,60,60,61.65,201404128,1011),(3527,82,80,80,80,80.55,201404129,1011),(3528,89,97,100,100,96.7,201404130,1011),(3529,78,75,60,60,68.26,201404131,1011),(3530,74,76,80,80,77.39,201404132,1011),(3531,96,99,100,100,98.75,201404133,1011),(3532,100,100,100,100,100,201404134,1011),(3533,64,66,70,70,67.39,201404135,1011),(3534,83,90,99,99,92.93,201404136,1011),(3535,86,91,100,100,94.22,201404137,1011),(3536,80,75,60,60,68.81,201404139,1011),(3537,84,86,80,80,82.33,201404140,1011),(3538,98,100,100,100,99.45,201404141,1011),(3539,82,85,100,100,91.74,201404142,1011),(3540,71,73,70,70,70.97,201404143,1011),(3541,91,97,99,99,96.51,201404144,1011),(3542,76,84,100,100,90.09,201404145,1011),(3543,71,68,60,60,64.68,201404146,1011),(3544,87,87,80,80,83.58,201404147,1011),(3545,98,100,100,100,99.45,201404148,1011),(3546,77,87,100,100,91.06,201404149,1011),(3547,82,80,70,70,75.5,201404150,1011),(3548,96,99,99,99,98.16,201404151,1011),(3549,75,84,100,100,89.54,201404152,1011),(3550,69,67,60,60,64.13,201404153,1011),(3551,86,86,80,80,83.03,201404154,1011),(3552,96,99,100,100,98.9,201404157,1011),(3553,77,87,100,100,91.06,201404158,1011),(3554,85,81,70,70,76.59,201404159,1011),(3555,100,99,99,99,99.26,201404160,1011),(3556,75,84,100,100,89.54,201404161,1011),(3557,69,67,60,60,64.13,201404162,1011),(3558,86,86,80,80,83.03,201404163,1011),(3559,96,99,100,100,98.9,201404164,1011),(3560,77,87,100,100,91.06,201404165,1011),(3561,85,81,70,70,76.59,201404166,1011),(3562,100,99,99,99,99.26,201404167,1011),(3563,75,84,100,100,89.54,201405168,1021),(3564,73,73,70,70,71.52,201405169,1021),(3565,93,98,99,99,97.06,201405170,1021),(3566,96,99,100,100,98.9,201405171,1021),(3567,63,63,60,60,61.52,201405172,1021),(3568,89,87,80,80,83.98,201405173,1021),(3569,100,100,100,100,100,201405174,1021),(3570,75,84,100,100,89.54,201405176,1021),(3571,73,73,70,70,71.52,201405177,1021),(3572,93,98,99,99,97.06,201405178,1021),(3573,96,99,100,100,98.9,201405179,1021),(3574,63,63,60,60,61.52,201405180,1021),(3575,89,87,80,80,83.98,201405181,1021),(3576,100,100,100,100,100,201405182,1021),(3577,77,87,100,100,91.06,201405183,1021),(3578,82,80,70,70,75.5,201405184,1021),(3579,96,99,99,99,98.16,201405185,1021),(3580,80,85,100,100,91.19,201405187,1021),(3581,67,67,60,60,63.58,201405188,1021),(3582,87,87,80,80,83.58,201405189,1021),(3583,98,100,100,100,99.45,201405190,1021),(3584,77,87,100,100,91.06,201405191,1021),(3585,85,81,70,70,76.59,201405192,1021),(3586,100,99,99,99,99.26,201405193,1021),(3587,75,84,100,100,89.54,201405194,1021),(3588,69,67,60,60,64.13,201405195,1021),(3589,86,86,80,80,83.03,201405196,1021),(3590,96,99,100,100,98.9,201405197,1021),(3591,77,87,100,100,91.06,201405198,1021),(3592,85,81,70,70,76.59,201405199,1021),(3593,100,99,99,99,99.26,201405200,1021),(3594,75,84,100,100,89.54,201405201,1021),(3595,73,73,70,70,71.52,201405202,1021),(3596,93,98,99,99,97.06,201405203,1021),(3597,96,99,100,100,98.9,201405204,1021),(3598,63,63,60,60,61.52,201405205,1021),(3599,89,87,80,80,83.98,201405206,1021),(3600,100,100,100,100,100,201405207,1021),(3601,75,84,100,100,89.54,201405208,1021),(3602,73,73,70,70,71.52,201405209,1021),(3603,93,98,99,99,97.06,201405210,1021),(3604,96,99,100,100,98.9,201405211,1021),(3605,63,63,60,60,61.52,201405212,1021),(3606,89,87,80,80,83.98,201405213,1021),(3607,100,100,100,100,100,201405214,1021),(3608,77,86,99,99,90.32,201405215,1021),(3609,93,98,100,100,97.65,201405216,1021),(3610,82,75,60,60,69.36,201405217,1021),(3611,73,73,80,80,76.42,201405218,1021),(3612,82,90,100,100,93.12,201405219,1021),(3613,95,99,100,100,98.35,201405220,1021),(3614,87,82,70,70,77.29,201405221,1021),(3615,77,86,99,99,90.32,201405222,1021),(3616,96,99,100,100,98.75,201405223,1021),(3617,85,76,60,60,70.46,201405224,1021),(3618,67,72,80,80,74.77,201405225,1021),(3619,76,79,80,80,78.9,201405226,1021),(3620,93,98,100,100,97.8,201405228,1021),(3621,96,98,99,99,98.01,201405229,1021),(3622,93,98,100,100,97.8,201405230,1021),(3623,65,61,60,60,61.65,201405231,1021),(3624,82,80,80,80,80.55,201405232,1021),(3625,89,97,100,100,96.7,201406104,1031),(3626,78,75,60,60,68.26,201406105,1031),(3627,74,76,80,80,77.39,201406106,1031),(3628,96,99,100,100,98.75,201406107,1031),(3629,100,100,100,100,100,201406109,1031),(3630,64,66,70,70,67.39,201406110,1031),(3631,83,90,99,99,92.93,201406111,1031),(3632,86,91,100,100,94.22,201406112,1031),(3633,80,75,60,60,68.81,201406113,1031),(3634,84,86,80,80,82.33,201406114,1031),(3635,98,100,100,100,99.45,201406115,1031),(3636,82,85,100,100,91.74,201406116,1031),(3637,71,73,70,70,70.97,201406117,1031),(3638,91,97,99,99,96.51,201406118,1031),(3639,76,84,100,100,90.09,201406119,1031),(3640,71,68,60,60,64.68,201406120,1031),(3641,87,87,80,80,83.58,201406121,1031),(3642,98,100,100,100,99.45,201406122,1031),(3643,77,87,100,100,91.06,201406123,1031),(3644,82,80,70,70,75.5,201406124,1031),(3645,96,99,99,99,98.16,201406125,1031),(3646,75,84,100,100,89.54,201406126,1031),(3647,69,67,60,60,64.13,201406127,1031),(3648,86,86,80,80,83.03,201406128,1031),(3649,96,99,100,100,98.9,201406129,1031),(3650,77,87,100,100,91.06,201406130,1031),(3651,85,81,70,70,76.59,201406131,1031),(3652,100,99,99,99,99.26,201406132,1031),(3653,75,84,100,100,89.54,201406133,1031),(3654,69,67,60,60,64.13,201406134,1031),(3655,86,86,80,80,83.03,201406135,1031),(3656,96,99,100,100,98.9,201406136,1031),(3657,77,87,100,100,91.06,201406137,1031),(3658,85,81,70,70,76.59,201406138,1031),(3659,100,99,99,99,99.26,201406139,1031),(3660,75,84,100,100,89.54,201406141,1031),(3661,73,73,70,70,71.52,201406142,1031),(3662,93,98,99,99,97.06,201406143,1031),(3663,96,99,100,100,98.9,201406144,1031),(3664,63,63,60,60,61.52,201406145,1031),(3665,89,87,80,80,83.98,201406147,1031),(3666,100,100,100,100,100,201406148,1031),(3667,75,84,100,100,89.54,201406149,1031),(3668,73,73,70,70,71.52,201406150,1031),(3669,93,98,99,99,97.06,201406151,1031),(3670,96,99,100,100,98.9,201406152,1031),(3671,63,63,60,60,61.52,201406153,1031),(3672,89,87,80,80,83.98,201406154,1031),(3673,100,100,100,100,100,201406155,1031),(3674,77,87,100,100,91.06,201406156,1031),(3675,82,80,70,70,75.5,201406157,1031),(3676,96,99,99,99,98.16,201406158,1031),(3677,80,85,100,100,91.19,201406160,1031),(3678,67,67,60,60,63.58,201406161,1031),(3679,87,87,80,80,83.58,201406162,1031),(3680,98,100,100,100,99.45,201406163,1031),(3681,77,87,100,100,91.06,201406164,1031),(3682,85,81,70,70,76.59,201406165,1031),(3683,100,99,99,99,99.26,201406166,1031),(3684,86,91,100,100,94.22,201403101,1001),(3685,86,91,100,100,94.22,201403101,1002),(3686,80,75,60,60,68.81,201403102,1002),(3687,84,86,80,80,82.33,201403103,1002),(3688,98,100,100,100,99.45,201403105,1002),(3689,82,85,100,100,91.74,201403106,1002),(3690,71,73,70,70,70.97,201403107,1002),(3691,91,97,99,99,96.51,201403108,1002),(3692,76,84,100,100,90.09,201403110,1002),(3693,71,68,60,60,64.68,201403111,1002),(3694,87,87,80,80,83.58,201403112,1002),(3695,98,100,100,100,99.45,201403113,1002),(3696,77,87,100,100,91.06,201403114,1002),(3697,82,80,70,70,75.5,201403115,1002),(3698,96,99,99,99,98.16,201403116,1002),(3699,75,84,100,100,89.54,201403117,1002),(3700,69,67,60,60,64.13,201403118,1002),(3701,86,86,80,80,83.03,201403120,1002),(3702,96,99,100,100,98.9,201403121,1002),(3703,77,87,100,100,91.06,201403122,1002),(3704,85,81,70,70,76.59,201403123,1002),(3705,100,99,99,99,99.26,201403124,1002),(3706,75,84,100,100,89.54,201403125,1002),(3707,69,67,60,60,64.13,201403126,1002),(3708,86,86,80,80,83.03,201403127,1002),(3709,96,99,100,100,98.9,201403128,1002),(3710,77,87,100,100,91.06,201403129,1002),(3711,85,81,70,70,76.59,201403130,1002),(3712,100,99,99,99,99.26,201403131,1002),(3713,75,84,100,100,89.54,201403132,1002),(3714,73,73,70,70,71.52,201403133,1002),(3715,93,98,99,99,97.06,201403134,1002),(3716,96,99,100,100,98.9,201403135,1002),(3717,63,63,60,60,61.52,201403136,1002),(3718,89,87,80,80,83.98,201403137,1002),(3719,100,100,100,100,100,201403138,1002),(3720,75,84,100,100,89.54,201403139,1002),(3721,73,73,70,70,71.52,201403140,1002),(3722,93,98,99,99,97.06,201403141,1002),(3723,96,99,100,100,98.9,201403142,1002),(3724,63,63,60,60,61.52,201403143,1002),(3725,89,87,80,80,83.98,201403144,1002),(3726,100,100,100,100,100,201403145,1002),(3727,77,87,100,100,91.06,201403146,1002),(3728,82,80,70,70,75.5,201403147,1002),(3729,96,99,99,99,98.16,201403148,1002),(3730,80,85,100,100,91.19,201403149,1002),(3731,67,67,60,60,63.58,201403150,1002),(3732,87,87,80,80,83.58,201403151,1002),(3733,98,100,100,100,99.45,201403152,1002),(3734,77,87,100,100,91.06,201403153,1002),(3735,85,81,70,70,76.59,201403154,1002),(3736,100,99,99,99,99.26,201403155,1002),(3737,75,84,100,100,89.54,201403156,1002),(3738,69,67,60,60,64.13,201403157,1002),(3739,86,86,80,80,83.03,201403158,1002),(3740,96,99,100,100,98.9,201403159,1002),(3741,77,87,100,100,91.06,201403160,1002),(3742,85,81,70,70,76.59,201403161,1002),(3743,100,99,99,99,99.26,201403162,1002),(3744,75,84,100,100,89.54,201403163,1002),(3745,73,73,70,70,71.52,201403164,1002),(3746,93,98,99,99,97.06,201403165,1002),(3747,96,99,100,100,98.9,201403166,1002),(3748,63,63,60,60,61.52,201404101,1012),(3749,89,87,80,80,83.98,201404102,1012),(3750,100,100,100,100,100,201404103,1012),(3751,75,84,100,100,89.54,201404104,1012),(3752,73,73,70,70,71.52,201404105,1012),(3753,93,98,99,99,97.06,201404107,1012),(3754,96,99,100,100,98.9,201404108,1012),(3755,63,63,60,60,61.52,201404109,1012),(3756,89,87,80,80,83.98,201404110,1012),(3757,100,100,100,100,100,201404112,1012),(3758,77,86,99,99,90.32,201404113,1012),(3759,93,98,100,100,97.65,201404114,1012),(3760,82,75,60,60,69.36,201404115,1012),(3761,73,73,80,80,76.42,201404116,1012),(3762,82,90,100,100,93.12,201404117,1012),(3763,95,99,100,100,98.35,201404118,1012),(3764,87,82,70,70,77.29,201404119,1012),(3765,77,86,99,99,90.32,201404120,1012),(3766,96,99,100,100,98.75,201404121,1012),(3767,85,76,60,60,70.46,201404122,1012),(3768,67,72,80,80,74.77,201404123,1012),(3769,76,79,80,80,78.9,201404124,1012),(3770,93,98,100,100,97.8,201404125,1012),(3771,96,98,99,99,98.01,201404126,1012),(3772,93,98,100,100,97.8,201404127,1012),(3773,65,61,60,60,61.65,201404128,1012),(3774,82,80,80,80,80.55,201404129,1012),(3775,89,97,100,100,96.7,201404130,1012),(3776,78,75,60,60,68.26,201404131,1012),(3777,74,76,80,80,77.39,201404132,1012),(3778,96,99,100,100,98.75,201404133,1012),(3779,100,100,100,100,100,201404134,1012),(3780,64,66,70,70,67.39,201404135,1012),(3781,83,90,99,99,92.93,201404136,1012),(3782,86,91,100,100,94.22,201404137,1012),(3783,80,75,60,60,68.81,201404139,1012),(3784,84,86,80,80,82.33,201404140,1012),(3785,98,100,100,100,99.45,201404141,1012),(3786,82,85,100,100,91.74,201404142,1012),(3787,71,73,70,70,70.97,201404143,1012),(3788,91,97,99,99,96.51,201404144,1012),(3789,76,84,100,100,90.09,201404145,1012),(3790,71,68,60,60,64.68,201404146,1012),(3791,87,87,80,80,83.58,201404147,1012),(3792,98,100,100,100,99.45,201404148,1012),(3793,77,87,100,100,91.06,201404149,1012),(3794,82,80,70,70,75.5,201404150,1012),(3795,96,99,99,99,98.16,201404151,1012),(3796,75,84,100,100,89.54,201404152,1012),(3797,69,67,60,60,64.13,201404153,1012),(3798,86,86,80,80,83.03,201404154,1012),(3799,96,99,100,100,98.9,201404157,1012),(3800,77,87,100,100,91.06,201404158,1012),(3801,85,81,70,70,76.59,201404159,1012),(3802,100,99,99,99,99.26,201404160,1012),(3803,75,84,100,100,89.54,201404161,1012),(3804,69,67,60,60,64.13,201404162,1012),(3805,86,86,80,80,83.03,201404163,1012),(3806,96,99,100,100,98.9,201404164,1012),(3807,77,87,100,100,91.06,201404165,1012),(3808,85,81,70,70,76.59,201404166,1012),(3809,100,99,99,99,99.26,201404167,1012),(3810,75,84,100,100,89.54,201405168,1022),(3811,73,73,70,70,71.52,201405169,1022),(3812,93,98,99,99,97.06,201405170,1022),(3813,96,99,100,100,98.9,201405171,1022),(3814,63,63,60,60,61.52,201405172,1022),(3815,89,87,80,80,83.98,201405173,1022),(3816,100,100,100,100,100,201405174,1022),(3817,75,84,100,100,89.54,201405176,1022),(3818,73,73,70,70,71.52,201405177,1022),(3819,93,98,99,99,97.06,201405178,1022),(3820,96,99,100,100,98.9,201405179,1022),(3821,63,63,60,60,61.52,201405180,1022),(3822,89,87,80,80,83.98,201405181,1022),(3823,100,100,100,100,100,201405182,1022),(3824,77,87,100,100,91.06,201405183,1022),(3825,82,80,70,70,75.5,201405184,1022),(3826,96,99,99,99,98.16,201405185,1022),(3827,80,85,100,100,91.19,201405187,1022),(3828,67,67,60,60,63.58,201405188,1022),(3829,87,87,80,80,83.58,201405189,1022),(3830,98,100,100,100,99.45,201405190,1022),(3831,77,87,100,100,91.06,201405191,1022),(3832,85,81,70,70,76.59,201405192,1022),(3833,100,99,99,99,99.26,201405193,1022),(3834,75,84,100,100,89.54,201405194,1022),(3835,69,67,60,60,64.13,201405195,1022),(3836,86,86,80,80,83.03,201405196,1022),(3837,96,99,100,100,98.9,201405197,1022),(3838,77,87,100,100,91.06,201405198,1022),(3839,85,81,70,70,76.59,201405199,1022),(3840,100,99,99,99,99.26,201405200,1022),(3841,75,84,100,100,89.54,201405201,1022),(3842,73,73,70,70,71.52,201405202,1022),(3843,93,98,99,99,97.06,201405203,1022),(3844,96,99,100,100,98.9,201405204,1022),(3845,63,63,60,60,61.52,201405205,1022),(3846,89,87,80,80,83.98,201405206,1022),(3847,100,100,100,100,100,201405207,1022),(3848,75,84,100,100,89.54,201405208,1022),(3849,73,73,70,70,71.52,201405209,1022),(3850,93,98,99,99,97.06,201405210,1022),(3851,96,99,100,100,98.9,201405211,1022),(3852,63,63,60,60,61.52,201405212,1022),(3853,89,87,80,80,83.98,201405213,1022),(3854,100,100,100,100,100,201405214,1022),(3855,77,86,99,99,90.32,201405215,1022),(3856,93,98,100,100,97.65,201405216,1022),(3857,82,75,60,60,69.36,201405217,1022),(3858,73,73,80,80,76.42,201405218,1022),(3859,82,90,100,100,93.12,201405219,1022),(3860,95,99,100,100,98.35,201405220,1022),(3861,87,82,70,70,77.29,201405221,1022),(3862,77,86,99,99,90.32,201405222,1022),(3863,96,99,100,100,98.75,201405223,1022),(3864,85,76,60,60,70.46,201405224,1022),(3865,67,72,80,80,74.77,201405225,1022),(3866,76,79,80,80,78.9,201405226,1022),(3867,93,98,100,100,97.8,201405228,1022),(3868,96,98,99,99,98.01,201405229,1022),(3869,93,98,100,100,97.8,201405230,1022),(3870,65,61,60,60,61.65,201405231,1022),(3871,82,80,80,80,80.55,201405232,1022),(3872,89,97,100,100,96.7,201406104,1032),(3873,78,75,60,60,68.26,201406105,1032),(3874,74,76,80,80,77.39,201406106,1032),(3875,96,99,100,100,98.75,201406107,1032),(3876,100,100,100,100,100,201406109,1032),(3877,64,66,70,70,67.39,201406110,1032),(3878,83,90,99,99,92.93,201406111,1032),(3879,86,91,100,100,94.22,201406112,1032),(3880,80,75,60,60,68.81,201406113,1032),(3881,84,86,80,80,82.33,201406114,1032),(3882,98,100,100,100,99.45,201406115,1032),(3883,82,85,100,100,91.74,201406116,1032),(3884,71,73,70,70,70.97,201406117,1032),(3885,91,97,99,99,96.51,201406118,1032),(3886,76,84,100,100,90.09,201406119,1032),(3887,71,68,60,60,64.68,201406120,1032),(3888,87,87,80,80,83.58,201406121,1032),(3889,98,100,100,100,99.45,201406122,1032),(3890,77,87,100,100,91.06,201406123,1032),(3891,82,80,70,70,75.5,201406124,1032),(3892,96,99,99,99,98.16,201406125,1032),(3893,75,84,100,100,89.54,201406126,1032),(3894,69,67,60,60,64.13,201406127,1032),(3895,86,86,80,80,83.03,201406128,1032),(3896,96,99,100,100,98.9,201406129,1032),(3897,77,87,100,100,91.06,201406130,1032),(3898,85,81,70,70,76.59,201406131,1032),(3899,100,99,99,99,99.26,201406132,1032),(3900,75,84,100,100,89.54,201406133,1032),(3901,69,67,60,60,64.13,201406134,1032),(3902,86,86,80,80,83.03,201406135,1032),(3903,96,99,100,100,98.9,201406136,1032),(3904,77,87,100,100,91.06,201406137,1032),(3905,85,81,70,70,76.59,201406138,1032),(3906,100,99,99,99,99.26,201406139,1032),(3907,75,84,100,100,89.54,201406141,1032),(3908,73,73,70,70,71.52,201406142,1032),(3909,93,98,99,99,97.06,201406143,1032),(3910,96,99,100,100,98.9,201406144,1032),(3911,63,63,60,60,61.52,201406145,1032),(3912,89,87,80,80,83.98,201406147,1032),(3913,100,100,100,100,100,201406148,1032),(3914,75,84,100,100,89.54,201406149,1032),(3915,73,73,70,70,71.52,201406150,1032),(3916,93,98,99,99,97.06,201406151,1032),(3917,96,99,100,100,98.9,201406152,1032),(3918,63,63,60,60,61.52,201406153,1032),(3919,89,87,80,80,83.98,201406154,1032),(3920,100,100,100,100,100,201406155,1032),(3921,77,87,100,100,91.06,201406156,1032),(3922,82,80,70,70,75.5,201406157,1032),(3923,96,99,99,99,98.16,201406158,1032),(3924,80,85,100,100,91.19,201406160,1032),(3925,67,67,60,60,63.58,201406161,1032),(3926,87,87,80,80,83.58,201406162,1032),(3927,98,100,100,100,99.45,201406163,1032),(3928,77,87,100,100,91.06,201406164,1032),(3929,85,81,70,70,76.59,201406165,1032),(3930,100,99,99,99,99.26,201406166,1032),(3931,86,91,100,100,94.22,201403101,1003),(3932,80,75,60,60,68.81,201403102,1003),(3933,84,86,80,80,82.33,201403103,1003),(3934,98,100,100,100,99.45,201403105,1003),(3935,82,85,100,100,91.74,201403106,1003),(3936,71,73,70,70,70.97,201403107,1003),(3937,91,97,99,99,96.51,201403108,1003),(3938,76,84,100,100,90.09,201403110,1003),(3939,71,68,60,60,64.68,201403111,1003),(3940,87,87,80,80,83.58,201403112,1003),(3941,98,100,100,100,99.45,201403113,1003),(3942,77,87,100,100,91.06,201403114,1003),(3943,82,80,70,70,75.5,201403115,1003),(3944,96,99,99,99,98.16,201403116,1003),(3945,75,84,100,100,89.54,201403117,1003),(3946,69,67,60,60,64.13,201403118,1003),(3947,86,86,80,80,83.03,201403120,1003),(3948,96,99,100,100,98.9,201403121,1003),(3949,77,87,100,100,91.06,201403122,1003),(3950,85,81,70,70,76.59,201403123,1003),(3951,100,99,99,99,99.26,201403124,1003),(3952,75,84,100,100,89.54,201403125,1003),(3953,69,67,60,60,64.13,201403126,1003),(3954,86,86,80,80,83.03,201403127,1003),(3955,96,99,100,100,98.9,201403128,1003),(3956,77,87,100,100,91.06,201403129,1003),(3957,85,81,70,70,76.59,201403130,1003),(3958,100,99,99,99,99.26,201403131,1003),(3959,75,84,100,100,89.54,201403132,1003),(3960,73,73,70,70,71.52,201403133,1003),(3961,93,98,99,99,97.06,201403134,1003),(3962,96,99,100,100,98.9,201403135,1003),(3963,63,63,60,60,61.52,201403136,1003),(3964,89,87,80,80,83.98,201403137,1003),(3965,100,100,100,100,100,201403138,1003),(3966,75,84,100,100,89.54,201403139,1003),(3967,73,73,70,70,71.52,201403140,1003),(3968,93,98,99,99,97.06,201403141,1003),(3969,96,99,100,100,98.9,201403142,1003),(3970,63,63,60,60,61.52,201403143,1003),(3971,89,87,80,80,83.98,201403144,1003),(3972,100,100,100,100,100,201403145,1003),(3973,77,87,100,100,91.06,201403146,1003),(3974,82,80,70,70,75.5,201403147,1003),(3975,96,99,99,99,98.16,201403148,1003),(3976,80,85,100,100,91.19,201403149,1003),(3977,67,67,60,60,63.58,201403150,1003),(3978,87,87,80,80,83.58,201403151,1003),(3979,98,100,100,100,99.45,201403152,1003),(3980,77,87,100,100,91.06,201403153,1003),(3981,85,81,70,70,76.59,201403154,1003),(3982,100,99,99,99,99.26,201403155,1003),(3983,75,84,100,100,89.54,201403156,1003),(3984,69,67,60,60,64.13,201403157,1003),(3985,86,86,80,80,83.03,201403158,1003),(3986,96,99,100,100,98.9,201403159,1003),(3987,77,87,100,100,91.06,201403160,1003),(3988,85,81,70,70,76.59,201403161,1003),(3989,100,99,99,99,99.26,201403162,1003),(3990,75,84,100,100,89.54,201403163,1003),(3991,73,73,70,70,71.52,201403164,1003),(3992,93,98,99,99,97.06,201403165,1003),(3993,96,99,100,100,98.9,201403166,1003),(3994,63,63,60,60,61.52,201404101,1013),(3995,89,87,80,80,83.98,201404102,1013),(3996,100,100,100,100,100,201404103,1013),(3997,75,84,100,100,89.54,201404104,1013),(3998,73,73,70,70,71.52,201404105,1013),(3999,93,98,99,99,97.06,201404107,1013),(4000,96,99,100,100,98.9,201404108,1013),(4001,63,63,60,60,61.52,201404109,1013),(4002,89,87,80,80,83.98,201404110,1013),(4003,100,100,100,100,100,201404112,1013),(4004,77,86,99,99,90.32,201404113,1013),(4005,93,98,100,100,97.65,201404114,1013),(4006,82,75,60,60,69.36,201404115,1013),(4007,73,73,80,80,76.42,201404116,1013),(4008,82,90,100,100,93.12,201404117,1013),(4009,95,99,100,100,98.35,201404118,1013),(4010,87,82,70,70,77.29,201404119,1013),(4011,77,86,99,99,90.32,201404120,1013),(4012,96,99,100,100,98.75,201404121,1013),(4013,85,76,60,60,70.46,201404122,1013),(4014,67,72,80,80,74.77,201404123,1013),(4015,76,79,80,80,78.9,201404124,1013),(4016,93,98,100,100,97.8,201404125,1013),(4017,96,98,99,99,98.01,201404126,1013),(4018,93,98,100,100,97.8,201404127,1013),(4019,65,61,60,60,61.65,201404128,1013),(4020,82,80,80,80,80.55,201404129,1013),(4021,89,97,100,100,96.7,201404130,1013),(4022,78,75,60,60,68.26,201404131,1013),(4023,74,76,80,80,77.39,201404132,1013),(4024,96,99,100,100,98.75,201404133,1013),(4025,100,100,100,100,100,201404134,1013),(4026,64,66,70,70,67.39,201404135,1013),(4027,83,90,99,99,92.93,201404136,1013),(4028,86,91,100,100,94.22,201404137,1013),(4029,80,75,60,60,68.81,201404139,1013),(4030,84,86,80,80,82.33,201404140,1013),(4031,98,100,100,100,99.45,201404141,1013),(4032,82,85,100,100,91.74,201404142,1013),(4033,71,73,70,70,70.97,201404143,1013),(4034,91,97,99,99,96.51,201404144,1013),(4035,76,84,100,100,90.09,201404145,1013),(4036,71,68,60,60,64.68,201404146,1013),(4037,87,87,80,80,83.58,201404147,1013),(4038,98,100,100,100,99.45,201404148,1013),(4039,77,87,100,100,91.06,201404149,1013),(4040,82,80,70,70,75.5,201404150,1013),(4041,96,99,99,99,98.16,201404151,1013),(4042,75,84,100,100,89.54,201404152,1013),(4043,69,67,60,60,64.13,201404153,1013),(4044,86,86,80,80,83.03,201404154,1013),(4045,96,99,100,100,98.9,201404157,1013),(4046,77,87,100,100,91.06,201404158,1013),(4047,85,81,70,70,76.59,201404159,1013),(4048,100,99,99,99,99.26,201404160,1013),(4049,75,84,100,100,89.54,201404161,1013),(4050,69,67,60,60,64.13,201404162,1013),(4051,86,86,80,80,83.03,201404163,1013),(4052,96,99,100,100,98.9,201404164,1013),(4053,77,87,100,100,91.06,201404165,1013),(4054,85,81,70,70,76.59,201404166,1013),(4055,100,99,99,99,99.26,201404167,1013),(4056,75,84,100,100,89.54,201405168,1023),(4057,73,73,70,70,71.52,201405169,1023),(4058,93,98,99,99,97.06,201405170,1023),(4059,96,99,100,100,98.9,201405171,1023),(4060,63,63,60,60,61.52,201405172,1023),(4061,89,87,80,80,83.98,201405173,1023),(4062,100,100,100,100,100,201405174,1023),(4063,75,84,100,100,89.54,201405176,1023),(4064,73,73,70,70,71.52,201405177,1023),(4065,93,98,99,99,97.06,201405178,1023),(4066,96,99,100,100,98.9,201405179,1023),(4067,63,63,60,60,61.52,201405180,1023),(4068,89,87,80,80,83.98,201405181,1023),(4069,100,100,100,100,100,201405182,1023),(4070,77,87,100,100,91.06,201405183,1023),(4071,82,80,70,70,75.5,201405184,1023),(4072,96,99,99,99,98.16,201405185,1023),(4073,80,85,100,100,91.19,201405187,1023),(4074,67,67,60,60,63.58,201405188,1023),(4075,87,87,80,80,83.58,201405189,1023),(4076,98,100,100,100,99.45,201405190,1023),(4077,77,87,100,100,91.06,201405191,1023),(4078,85,81,70,70,76.59,201405192,1023),(4079,100,99,99,99,99.26,201405193,1023),(4080,75,84,100,100,89.54,201405194,1023),(4081,69,67,60,60,64.13,201405195,1023),(4082,86,86,80,80,83.03,201405196,1023),(4083,96,99,100,100,98.9,201405197,1023),(4084,77,87,100,100,91.06,201405198,1023),(4085,85,81,70,70,76.59,201405199,1023),(4086,100,99,99,99,99.26,201405200,1023),(4087,75,84,100,100,89.54,201405201,1023),(4088,73,73,70,70,71.52,201405202,1023),(4089,93,98,99,99,97.06,201405203,1023),(4090,96,99,100,100,98.9,201405204,1023),(4091,63,63,60,60,61.52,201405205,1023),(4092,89,87,80,80,83.98,201405206,1023),(4093,100,100,100,100,100,201405207,1023),(4094,75,84,100,100,89.54,201405208,1023),(4095,73,73,70,70,71.52,201405209,1023),(4096,93,98,99,99,97.06,201405210,1023),(4097,96,99,100,100,98.9,201405211,1023),(4098,63,63,60,60,61.52,201405212,1023),(4099,89,87,80,80,83.98,201405213,1023),(4100,100,100,100,100,100,201405214,1023),(4101,77,86,99,99,90.32,201405215,1023),(4102,93,98,100,100,97.65,201405216,1023),(4103,82,75,60,60,69.36,201405217,1023),(4104,73,73,80,80,76.42,201405218,1023),(4105,82,90,100,100,93.12,201405219,1023),(4106,95,99,100,100,98.35,201405220,1023),(4107,87,82,70,70,77.29,201405221,1023),(4108,77,86,99,99,90.32,201405222,1023),(4109,96,99,100,100,98.75,201405223,1023),(4110,85,76,60,60,70.46,201405224,1023),(4111,67,72,80,80,74.77,201405225,1023),(4112,76,79,80,80,78.9,201405226,1023),(4113,93,98,100,100,97.8,201405228,1023),(4114,96,98,99,99,98.01,201405229,1023),(4115,93,98,100,100,97.8,201405230,1023),(4116,65,61,60,60,61.65,201405231,1023),(4117,82,80,80,80,80.55,201405232,1023),(4118,89,97,100,100,96.7,201406104,1033),(4119,78,75,60,60,68.26,201406105,1033),(4120,74,76,80,80,77.39,201406106,1033),(4121,96,99,100,100,98.75,201406107,1033),(4122,100,100,100,100,100,201406109,1033),(4123,64,66,70,70,67.39,201406110,1033),(4124,83,90,99,99,92.93,201406111,1033),(4125,86,91,100,100,94.22,201406112,1033),(4126,80,75,60,60,68.81,201406113,1033),(4127,84,86,80,80,82.33,201406114,1033),(4128,98,100,100,100,99.45,201406115,1033),(4129,82,85,100,100,91.74,201406116,1033),(4130,71,73,70,70,70.97,201406117,1033),(4131,91,97,99,99,96.51,201406118,1033),(4132,76,84,100,100,90.09,201406119,1033),(4133,71,68,60,60,64.68,201406120,1033),(4134,87,87,80,80,83.58,201406121,1033),(4135,98,100,100,100,99.45,201406122,1033),(4136,77,87,100,100,91.06,201406123,1033),(4137,82,80,70,70,75.5,201406124,1033),(4138,96,99,99,99,98.16,201406125,1033),(4139,75,84,100,100,89.54,201406126,1033),(4140,69,67,60,60,64.13,201406127,1033),(4141,86,86,80,80,83.03,201406128,1033),(4142,96,99,100,100,98.9,201406129,1033),(4143,77,87,100,100,91.06,201406130,1033),(4144,85,81,70,70,76.59,201406131,1033),(4145,100,99,99,99,99.26,201406132,1033),(4146,75,84,100,100,89.54,201406133,1033),(4147,69,67,60,60,64.13,201406134,1033),(4148,86,86,80,80,83.03,201406135,1033),(4149,96,99,100,100,98.9,201406136,1033),(4150,77,87,100,100,91.06,201406137,1033),(4151,85,81,70,70,76.59,201406138,1033),(4152,100,99,99,99,99.26,201406139,1033),(4153,75,84,100,100,89.54,201406141,1033),(4154,73,73,70,70,71.52,201406142,1033),(4155,93,98,99,99,97.06,201406143,1033),(4156,96,99,100,100,98.9,201406144,1033),(4157,63,63,60,60,61.52,201406145,1033),(4158,89,87,80,80,83.98,201406147,1033),(4159,100,100,100,100,100,201406148,1033),(4160,75,84,100,100,89.54,201406149,1033),(4161,73,73,70,70,71.52,201406150,1033),(4162,93,98,99,99,97.06,201406151,1033),(4163,96,99,100,100,98.9,201406152,1033),(4164,63,63,60,60,61.52,201406153,1033),(4165,89,87,80,80,83.98,201406154,1033),(4166,100,100,100,100,100,201406155,1033),(4167,77,87,100,100,91.06,201406156,1033),(4168,82,80,70,70,75.5,201406157,1033),(4169,96,99,99,99,98.16,201406158,1033),(4170,80,85,100,100,91.19,201406160,1033),(4171,67,67,60,60,63.58,201406161,1033),(4172,87,87,80,80,83.58,201406162,1033),(4173,98,100,100,100,99.45,201406163,1033),(4174,77,87,100,100,91.06,201406164,1033),(4175,85,81,70,70,76.59,201406165,1033),(4176,100,99,99,99,99.26,201406166,1033),(4177,86,91,100,100,94.22,201403101,1004),(4178,80,75,60,60,68.81,201403102,1004),(4179,84,86,80,80,82.33,201403103,1004),(4180,98,100,100,100,99.45,201403105,1004),(4181,82,85,100,100,91.74,201403106,1004),(4182,71,73,70,70,70.97,201403107,1004),(4183,91,97,99,99,96.51,201403108,1004),(4184,76,84,100,100,90.09,201403110,1004),(4185,71,68,60,60,64.68,201403111,1004),(4186,87,87,80,80,83.58,201403112,1004),(4187,98,100,100,100,99.45,201403113,1004),(4188,77,87,100,100,91.06,201403114,1004),(4189,82,80,70,70,75.5,201403115,1004),(4190,96,99,99,99,98.16,201403116,1004),(4191,75,84,100,100,89.54,201403117,1004),(4192,69,67,60,60,64.13,201403118,1004),(4193,86,86,80,80,83.03,201403120,1004),(4194,96,99,100,100,98.9,201403121,1004),(4195,77,87,100,100,91.06,201403122,1004),(4196,85,81,70,70,76.59,201403123,1004),(4197,100,99,99,99,99.26,201403124,1004),(4198,75,84,100,100,89.54,201403125,1004),(4199,69,67,60,60,64.13,201403126,1004),(4200,86,86,80,80,83.03,201403127,1004),(4201,96,99,100,100,98.9,201403128,1004),(4202,77,87,100,100,91.06,201403129,1004),(4203,85,81,70,70,76.59,201403130,1004),(4204,100,99,99,99,99.26,201403131,1004),(4205,75,84,100,100,89.54,201403132,1004),(4206,73,73,70,70,71.52,201403133,1004),(4207,93,98,99,99,97.06,201403134,1004),(4208,96,99,100,100,98.9,201403135,1004),(4209,63,63,60,60,61.52,201403136,1004),(4210,89,87,80,80,83.98,201403137,1004),(4211,100,100,100,100,100,201403138,1004),(4212,75,84,100,100,89.54,201403139,1004),(4213,73,73,70,70,71.52,201403140,1004),(4214,93,98,99,99,97.06,201403141,1004),(4215,96,99,100,100,98.9,201403142,1004),(4216,63,63,60,60,61.52,201403143,1004),(4217,89,87,80,80,83.98,201403144,1004),(4218,100,100,100,100,100,201403145,1004),(4219,77,87,100,100,91.06,201403146,1004),(4220,82,80,70,70,75.5,201403147,1004),(4221,96,99,99,99,98.16,201403148,1004),(4222,80,85,100,100,91.19,201403149,1004),(4223,67,67,60,60,63.58,201403150,1004),(4224,87,87,80,80,83.58,201403151,1004),(4225,98,100,100,100,99.45,201403152,1004),(4226,77,87,100,100,91.06,201403153,1004),(4227,85,81,70,70,76.59,201403154,1004),(4228,100,99,99,99,99.26,201403155,1004),(4229,75,84,100,100,89.54,201403156,1004),(4230,69,67,60,60,64.13,201403157,1004),(4231,86,86,80,80,83.03,201403158,1004),(4232,96,99,100,100,98.9,201403159,1004),(4233,77,87,100,100,91.06,201403160,1004),(4234,85,81,70,70,76.59,201403161,1004),(4235,100,99,99,99,99.26,201403162,1004),(4236,75,84,100,100,89.54,201403163,1004),(4237,73,73,70,70,71.52,201403164,1004),(4238,93,98,99,99,97.06,201403165,1004),(4239,96,99,100,100,98.9,201403166,1004),(4240,63,63,60,60,61.52,201404101,1014),(4241,89,87,80,80,83.98,201404102,1014),(4242,100,100,100,100,100,201404103,1014),(4243,75,84,100,100,89.54,201404104,1014),(4244,73,73,70,70,71.52,201404105,1014),(4245,93,98,99,99,97.06,201404107,1014),(4246,96,99,100,100,98.9,201404108,1014),(4247,63,63,60,60,61.52,201404109,1014),(4248,89,87,80,80,83.98,201404110,1014),(4249,100,100,100,100,100,201404112,1014),(4250,77,86,99,99,90.32,201404113,1014),(4251,93,98,100,100,97.65,201404114,1014),(4252,82,75,60,60,69.36,201404115,1014),(4253,73,73,80,80,76.42,201404116,1014),(4254,82,90,100,100,93.12,201404117,1014),(4255,95,99,100,100,98.35,201404118,1014),(4256,87,82,70,70,77.29,201404119,1014),(4257,77,86,99,99,90.32,201404120,1014),(4258,96,99,100,100,98.75,201404121,1014),(4259,85,76,60,60,70.46,201404122,1014),(4260,67,72,80,80,74.77,201404123,1014),(4261,76,79,80,80,78.9,201404124,1014),(4262,93,98,100,100,97.8,201404125,1014),(4263,96,98,99,99,98.01,201404126,1014),(4264,93,98,100,100,97.8,201404127,1014),(4265,65,61,60,60,61.65,201404128,1014),(4266,82,80,80,80,80.55,201404129,1014),(4267,89,97,100,100,96.7,201404130,1014),(4268,78,75,60,60,68.26,201404131,1014),(4269,74,76,80,80,77.39,201404132,1014),(4270,96,99,100,100,98.75,201404133,1014),(4271,100,100,100,100,100,201404134,1014),(4272,64,66,70,70,67.39,201404135,1014),(4273,83,90,99,99,92.93,201404136,1014),(4274,86,91,100,100,94.22,201404137,1014),(4275,80,75,60,60,68.81,201404139,1014),(4276,84,86,80,80,82.33,201404140,1014),(4277,98,100,100,100,99.45,201404141,1014),(4278,82,85,100,100,91.74,201404142,1014),(4279,71,73,70,70,70.97,201404143,1014),(4280,91,97,99,99,96.51,201404144,1014),(4281,76,84,100,100,90.09,201404145,1014),(4282,71,68,60,60,64.68,201404146,1014),(4283,87,87,80,80,83.58,201404147,1014),(4284,98,100,100,100,99.45,201404148,1014),(4285,77,87,100,100,91.06,201404149,1014),(4286,82,80,70,70,75.5,201404150,1014),(4287,96,99,99,99,98.16,201404151,1014),(4288,75,84,100,100,89.54,201404152,1014),(4289,69,67,60,60,64.13,201404153,1014),(4290,86,86,80,80,83.03,201404154,1014),(4291,96,99,100,100,98.9,201404157,1014),(4292,77,87,100,100,91.06,201404158,1014),(4293,85,81,70,70,76.59,201404159,1014),(4294,100,99,99,99,99.26,201404160,1014),(4295,75,84,100,100,89.54,201404161,1014),(4296,69,67,60,60,64.13,201404162,1014),(4297,86,86,80,80,83.03,201404163,1014),(4298,96,99,100,100,98.9,201404164,1014),(4299,77,87,100,100,91.06,201404165,1014),(4300,85,81,70,70,76.59,201404166,1014),(4301,100,99,99,99,99.26,201404167,1014),(4302,75,84,100,100,89.54,201405168,1024),(4303,73,73,70,70,71.52,201405169,1024),(4304,93,98,99,99,97.06,201405170,1024),(4305,96,99,100,100,98.9,201405171,1024),(4306,63,63,60,60,61.52,201405172,1024),(4307,89,87,80,80,83.98,201405173,1024),(4308,100,100,100,100,100,201405174,1024),(4309,75,84,100,100,89.54,201405176,1024),(4310,73,73,70,70,71.52,201405177,1024),(4311,93,98,99,99,97.06,201405178,1024),(4312,96,99,100,100,98.9,201405179,1024),(4313,63,63,60,60,61.52,201405180,1024),(4314,89,87,80,80,83.98,201405181,1024),(4315,100,100,100,100,100,201405182,1024),(4316,77,87,100,100,91.06,201405183,1024),(4317,82,80,70,70,75.5,201405184,1024),(4318,96,99,99,99,98.16,201405185,1024),(4319,80,85,100,100,91.19,201405187,1024),(4320,67,67,60,60,63.58,201405188,1024),(4321,87,87,80,80,83.58,201405189,1024),(4322,98,100,100,100,99.45,201405190,1024),(4323,77,87,100,100,91.06,201405191,1024),(4324,85,81,70,70,76.59,201405192,1024),(4325,100,99,99,99,99.26,201405193,1024),(4326,75,84,100,100,89.54,201405194,1024),(4327,69,67,60,60,64.13,201405195,1024),(4328,86,86,80,80,83.03,201405196,1024),(4329,96,99,100,100,98.9,201405197,1024),(4330,77,87,100,100,91.06,201405198,1024),(4331,85,81,70,70,76.59,201405199,1024),(4332,100,99,99,99,99.26,201405200,1024),(4333,75,84,100,100,89.54,201405201,1024),(4334,73,73,70,70,71.52,201405202,1024),(4335,93,98,99,99,97.06,201405203,1024),(4336,96,99,100,100,98.9,201405204,1024),(4337,63,63,60,60,61.52,201405205,1024),(4338,89,87,80,80,83.98,201405206,1024),(4339,100,100,100,100,100,201405207,1024),(4340,75,84,100,100,89.54,201405208,1024),(4341,73,73,70,70,71.52,201405209,1024),(4342,93,98,99,99,97.06,201405210,1024),(4343,96,99,100,100,98.9,201405211,1024),(4344,63,63,60,60,61.52,201405212,1024),(4345,89,87,80,80,83.98,201405213,1024),(4346,100,100,100,100,100,201405214,1024),(4347,77,86,99,99,90.32,201405215,1024),(4348,93,98,100,100,97.65,201405216,1024),(4349,82,75,60,60,69.36,201405217,1024),(4350,73,73,80,80,76.42,201405218,1024),(4351,82,90,100,100,93.12,201405219,1024),(4352,95,99,100,100,98.35,201405220,1024),(4353,87,82,70,70,77.29,201405221,1024),(4354,77,86,99,99,90.32,201405222,1024),(4355,96,99,100,100,98.75,201405223,1024),(4356,85,76,60,60,70.46,201405224,1024),(4357,67,72,80,80,74.77,201405225,1024),(4358,76,79,80,80,78.9,201405226,1024),(4359,93,98,100,100,97.8,201405228,1024),(4360,96,98,99,99,98.01,201405229,1024),(4361,93,98,100,100,97.8,201405230,1024),(4362,65,61,60,60,61.65,201405231,1024),(4363,82,80,80,80,80.55,201405232,1024),(4364,89,97,100,100,96.7,201406104,1034),(4365,78,75,60,60,68.26,201406105,1034),(4366,74,76,80,80,77.39,201406106,1034),(4367,96,99,100,100,98.75,201406107,1034),(4368,100,100,100,100,100,201406109,1034),(4369,64,66,70,70,67.39,201406110,1034),(4370,83,90,99,99,92.93,201406111,1034),(4371,86,91,100,100,94.22,201406112,1034),(4372,80,75,60,60,68.81,201406113,1034),(4373,84,86,80,80,82.33,201406114,1034),(4374,98,100,100,100,99.45,201406115,1034),(4375,82,85,100,100,91.74,201406116,1034),(4376,71,73,70,70,70.97,201406117,1034),(4377,91,97,99,99,96.51,201406118,1034),(4378,76,84,100,100,90.09,201406119,1034),(4379,71,68,60,60,64.68,201406120,1034),(4380,87,87,80,80,83.58,201406121,1034),(4381,98,100,100,100,99.45,201406122,1034),(4382,77,87,100,100,91.06,201406123,1034),(4383,82,80,70,70,75.5,201406124,1034),(4384,96,99,99,99,98.16,201406125,1034),(4385,75,84,100,100,89.54,201406126,1034),(4386,69,67,60,60,64.13,201406127,1034),(4387,86,86,80,80,83.03,201406128,1034),(4388,96,99,100,100,98.9,201406129,1034),(4389,77,87,100,100,91.06,201406130,1034),(4390,85,81,70,70,76.59,201406131,1034),(4391,100,99,99,99,99.26,201406132,1034),(4392,75,84,100,100,89.54,201406133,1034),(4393,69,67,60,60,64.13,201406134,1034),(4394,86,86,80,80,83.03,201406135,1034),(4395,96,99,100,100,98.9,201406136,1034),(4396,77,87,100,100,91.06,201406137,1034),(4397,85,81,70,70,76.59,201406138,1034),(4398,100,99,99,99,99.26,201406139,1034),(4399,75,84,100,100,89.54,201406141,1034),(4400,73,73,70,70,71.52,201406142,1034),(4401,93,98,99,99,97.06,201406143,1034),(4402,96,99,100,100,98.9,201406144,1034),(4403,63,63,60,60,61.52,201406145,1034),(4404,89,87,80,80,83.98,201406147,1034),(4405,100,100,100,100,100,201406148,1034),(4406,75,84,100,100,89.54,201406149,1034),(4407,73,73,70,70,71.52,201406150,1034),(4408,93,98,99,99,97.06,201406151,1034),(4409,96,99,100,100,98.9,201406152,1034),(4410,63,63,60,60,61.52,201406153,1034),(4411,89,87,80,80,83.98,201406154,1034),(4412,100,100,100,100,100,201406155,1034),(4413,77,87,100,100,91.06,201406156,1034),(4414,82,80,70,70,75.5,201406157,1034),(4415,96,99,99,99,98.16,201406158,1034),(4416,80,85,100,100,91.19,201406160,1034),(4417,67,67,60,60,63.58,201406161,1034),(4418,87,87,80,80,83.58,201406162,1034),(4419,98,100,100,100,99.45,201406163,1034),(4420,77,87,100,100,91.06,201406164,1034),(4421,85,81,70,70,76.59,201406165,1034),(4422,100,99,99,99,99.26,201406166,1034),(4423,86,91,100,100,94.22,201403101,1005),(4424,80,75,60,60,68.81,201403102,1005),(4425,84,86,80,80,82.33,201403103,1005),(4426,98,100,100,100,99.45,201403105,1005),(4427,82,85,100,100,91.74,201403106,1005),(4428,71,73,70,70,70.97,201403107,1005),(4429,91,97,99,99,96.51,201403108,1005),(4430,76,84,100,100,90.09,201403110,1005),(4431,71,68,60,60,64.68,201403111,1005),(4432,87,87,80,80,83.58,201403112,1005),(4433,98,100,100,100,99.45,201403113,1005),(4434,77,87,100,100,91.06,201403114,1005),(4435,82,80,70,70,75.5,201403115,1005),(4436,96,99,99,99,98.16,201403116,1005),(4437,75,84,100,100,89.54,201403117,1005),(4438,69,67,60,60,64.13,201403118,1005),(4439,86,86,80,80,83.03,201403120,1005),(4440,96,99,100,100,98.9,201403121,1005),(4441,77,87,100,100,91.06,201403122,1005),(4442,85,81,70,70,76.59,201403123,1005),(4443,100,99,99,99,99.26,201403124,1005),(4444,75,84,100,100,89.54,201403125,1005),(4445,69,67,60,60,64.13,201403126,1005),(4446,86,86,80,80,83.03,201403127,1005),(4447,96,99,100,100,98.9,201403128,1005),(4448,77,87,100,100,91.06,201403129,1005),(4449,85,81,70,70,76.59,201403130,1005),(4450,100,99,99,99,99.26,201403131,1005),(4451,75,84,100,100,89.54,201403132,1005),(4452,73,73,70,70,71.52,201403133,1005),(4453,93,98,99,99,97.06,201403134,1005),(4454,96,99,100,100,98.9,201403135,1005),(4455,63,63,60,60,61.52,201403136,1005),(4456,89,87,80,80,83.98,201403137,1005),(4457,100,100,100,100,100,201403138,1005),(4458,75,84,100,100,89.54,201403139,1005),(4459,73,73,70,70,71.52,201403140,1005),(4460,93,98,99,99,97.06,201403141,1005),(4461,96,99,100,100,98.9,201403142,1005),(4462,63,63,60,60,61.52,201403143,1005),(4463,89,87,80,80,83.98,201403144,1005),(4464,100,100,100,100,100,201403145,1005),(4465,77,87,100,100,91.06,201403146,1005),(4466,82,80,70,70,75.5,201403147,1005),(4467,96,99,99,99,98.16,201403148,1005),(4468,80,85,100,100,91.19,201403149,1005),(4469,67,67,60,60,63.58,201403150,1005),(4470,87,87,80,80,83.58,201403151,1005),(4471,98,100,100,100,99.45,201403152,1005),(4472,77,87,100,100,91.06,201403153,1005),(4473,85,81,70,70,76.59,201403154,1005),(4474,100,99,99,99,99.26,201403155,1005),(4475,75,84,100,100,89.54,201403156,1005),(4476,69,67,60,60,64.13,201403157,1005),(4477,86,86,80,80,83.03,201403158,1005),(4478,96,99,100,100,98.9,201403159,1005),(4479,77,87,100,100,91.06,201403160,1005),(4480,85,81,70,70,76.59,201403161,1005),(4481,100,99,99,99,99.26,201403162,1005),(4482,75,84,100,100,89.54,201403163,1005),(4483,73,73,70,70,71.52,201403164,1005),(4484,93,98,99,99,97.06,201403165,1005),(4485,96,99,100,100,98.9,201403166,1005),(4486,63,63,60,60,61.52,201404101,1015),(4487,89,87,80,80,83.98,201404102,1015),(4488,100,100,100,100,100,201404103,1015),(4489,75,84,100,100,89.54,201404104,1015),(4490,73,73,70,70,71.52,201404105,1015),(4491,93,98,99,99,97.06,201404107,1015),(4492,96,99,100,100,98.9,201404108,1015),(4493,63,63,60,60,61.52,201404109,1015),(4494,89,87,80,80,83.98,201404110,1015),(4495,100,100,100,100,100,201404112,1015),(4496,77,86,99,99,90.32,201404113,1015),(4497,93,98,100,100,97.65,201404114,1015),(4498,82,75,60,60,69.36,201404115,1015),(4499,73,73,80,80,76.42,201404116,1015),(4500,82,90,100,100,93.12,201404117,1015),(4501,95,99,100,100,98.35,201404118,1015),(4502,87,82,70,70,77.29,201404119,1015),(4503,77,86,99,99,90.32,201404120,1015),(4504,96,99,100,100,98.75,201404121,1015),(4505,85,76,60,60,70.46,201404122,1015),(4506,67,72,80,80,74.77,201404123,1015),(4507,76,79,80,80,78.9,201404124,1015),(4508,93,98,100,100,97.8,201404125,1015),(4509,96,98,99,99,98.01,201404126,1015),(4510,93,98,100,100,97.8,201404127,1015),(4511,65,61,60,60,61.65,201404128,1015),(4512,82,80,80,80,80.55,201404129,1015),(4513,89,97,100,100,96.7,201404130,1015),(4514,78,75,60,60,68.26,201404131,1015),(4515,74,76,80,80,77.39,201404132,1015),(4516,96,99,100,100,98.75,201404133,1015),(4517,100,100,100,100,100,201404134,1015),(4518,64,66,70,70,67.39,201404135,1015),(4519,83,90,99,99,92.93,201404136,1015),(4520,86,91,100,100,94.22,201404137,1015),(4521,80,75,60,60,68.81,201404139,1015),(4522,84,86,80,80,82.33,201404140,1015),(4523,98,100,100,100,99.45,201404141,1015),(4524,82,85,100,100,91.74,201404142,1015),(4525,71,73,70,70,70.97,201404143,1015),(4526,91,97,99,99,96.51,201404144,1015),(4527,76,84,100,100,90.09,201404145,1015),(4528,71,68,60,60,64.68,201404146,1015),(4529,87,87,80,80,83.58,201404147,1015),(4530,98,100,100,100,99.45,201404148,1015),(4531,77,87,100,100,91.06,201404149,1015),(4532,82,80,70,70,75.5,201404150,1015),(4533,96,99,99,99,98.16,201404151,1015),(4534,75,84,100,100,89.54,201404152,1015),(4535,69,67,60,60,64.13,201404153,1015),(4536,86,86,80,80,83.03,201404154,1015),(4537,96,99,100,100,98.9,201404157,1015),(4538,77,87,100,100,91.06,201404158,1015),(4539,85,81,70,70,76.59,201404159,1015),(4540,100,99,99,99,99.26,201404160,1015),(4541,75,84,100,100,89.54,201404161,1015),(4542,69,67,60,60,64.13,201404162,1015),(4543,86,86,80,80,83.03,201404163,1015),(4544,96,99,100,100,98.9,201404164,1015),(4545,77,87,100,100,91.06,201404165,1015),(4546,85,81,70,70,76.59,201404166,1015),(4547,100,99,99,99,99.26,201404167,1015),(4548,75,84,100,100,89.54,201405168,1025),(4549,73,73,70,70,71.52,201405169,1025),(4550,93,98,99,99,97.06,201405170,1025),(4551,96,99,100,100,98.9,201405171,1025),(4552,63,63,60,60,61.52,201405172,1025),(4553,89,87,80,80,83.98,201405173,1025),(4554,100,100,100,100,100,201405174,1025),(4555,75,84,100,100,89.54,201405176,1025),(4556,73,73,70,70,71.52,201405177,1025),(4557,93,98,99,99,97.06,201405178,1025),(4558,96,99,100,100,98.9,201405179,1025),(4559,63,63,60,60,61.52,201405180,1025),(4560,89,87,80,80,83.98,201405181,1025),(4561,100,100,100,100,100,201405182,1025),(4562,77,87,100,100,91.06,201405183,1025),(4563,82,80,70,70,75.5,201405184,1025),(4564,96,99,99,99,98.16,201405185,1025),(4565,80,85,100,100,91.19,201405187,1025),(4566,67,67,60,60,63.58,201405188,1025),(4567,87,87,80,80,83.58,201405189,1025),(4568,98,100,100,100,99.45,201405190,1025),(4569,77,87,100,100,91.06,201405191,1025),(4570,85,81,70,70,76.59,201405192,1025),(4571,100,99,99,99,99.26,201405193,1025),(4572,75,84,100,100,89.54,201405194,1025),(4573,69,67,60,60,64.13,201405195,1025),(4574,86,86,80,80,83.03,201405196,1025),(4575,96,99,100,100,98.9,201405197,1025),(4576,77,87,100,100,91.06,201405198,1025),(4577,85,81,70,70,76.59,201405199,1025),(4578,100,99,99,99,99.26,201405200,1025),(4579,75,84,100,100,89.54,201405201,1025),(4580,73,73,70,70,71.52,201405202,1025),(4581,93,98,99,99,97.06,201405203,1025),(4582,96,99,100,100,98.9,201405204,1025),(4583,63,63,60,60,61.52,201405205,1025),(4584,89,87,80,80,83.98,201405206,1025),(4585,100,100,100,100,100,201405207,1025),(4586,75,84,100,100,89.54,201405208,1025),(4587,73,73,70,70,71.52,201405209,1025),(4588,93,98,99,99,97.06,201405210,1025),(4589,96,99,100,100,98.9,201405211,1025),(4590,63,63,60,60,61.52,201405212,1025),(4591,89,87,80,80,83.98,201405213,1025),(4592,100,100,100,100,100,201405214,1025),(4593,77,86,99,99,90.32,201405215,1025),(4594,93,98,100,100,97.65,201405216,1025),(4595,82,75,60,60,69.36,201405217,1025),(4596,73,73,80,80,76.42,201405218,1025),(4597,82,90,100,100,93.12,201405219,1025),(4598,95,99,100,100,98.35,201405220,1025),(4599,87,82,70,70,77.29,201405221,1025),(4600,77,86,99,99,90.32,201405222,1025),(4601,96,99,100,100,98.75,201405223,1025),(4602,85,76,60,60,70.46,201405224,1025),(4603,67,72,80,80,74.77,201405225,1025),(4604,76,79,80,80,78.9,201405226,1025),(4605,93,98,100,100,97.8,201405228,1025),(4606,96,98,99,99,98.01,201405229,1025),(4607,93,98,100,100,97.8,201405230,1025),(4608,65,61,60,60,61.65,201405231,1025),(4609,82,80,80,80,80.55,201405232,1025),(4610,89,97,100,100,96.7,201406104,1035),(4611,78,75,60,60,68.26,201406105,1035),(4612,74,76,80,80,77.39,201406106,1035),(4613,96,99,100,100,98.75,201406107,1035),(4614,100,100,100,100,100,201406109,1035),(4615,64,66,70,70,67.39,201406110,1035),(4616,83,90,99,99,92.93,201406111,1035),(4617,86,91,100,100,94.22,201406112,1035),(4618,80,75,60,60,68.81,201406113,1035),(4619,84,86,80,80,82.33,201406114,1035),(4620,98,100,100,100,99.45,201406115,1035),(4621,82,85,100,100,91.74,201406116,1035),(4622,71,73,70,70,70.97,201406117,1035),(4623,91,97,99,99,96.51,201406118,1035),(4624,76,84,100,100,90.09,201406119,1035),(4625,71,68,60,60,64.68,201406120,1035),(4626,87,87,80,80,83.58,201406121,1035),(4627,98,100,100,100,99.45,201406122,1035),(4628,77,87,100,100,91.06,201406123,1035),(4629,82,80,70,70,75.5,201406124,1035),(4630,96,99,99,99,98.16,201406125,1035),(4631,75,84,100,100,89.54,201406126,1035),(4632,69,67,60,60,64.13,201406127,1035),(4633,86,86,80,80,83.03,201406128,1035),(4634,96,99,100,100,98.9,201406129,1035),(4635,77,87,100,100,91.06,201406130,1035),(4636,85,81,70,70,76.59,201406131,1035),(4637,100,99,99,99,99.26,201406132,1035),(4638,75,84,100,100,89.54,201406133,1035),(4639,69,67,60,60,64.13,201406134,1035),(4640,86,86,80,80,83.03,201406135,1035),(4641,96,99,100,100,98.9,201406136,1035),(4642,77,87,100,100,91.06,201406137,1035),(4643,85,81,70,70,76.59,201406138,1035),(4644,100,99,99,99,99.26,201406139,1035),(4645,75,84,100,100,89.54,201406141,1035),(4646,73,73,70,70,71.52,201406142,1035),(4647,93,98,99,99,97.06,201406143,1035),(4648,96,99,100,100,98.9,201406144,1035),(4649,63,63,60,60,61.52,201406145,1035),(4650,89,87,80,80,83.98,201406147,1035),(4651,100,100,100,100,100,201406148,1035),(4652,75,84,100,100,89.54,201406149,1035),(4653,73,73,70,70,71.52,201406150,1035),(4654,93,98,99,99,97.06,201406151,1035),(4655,96,99,100,100,98.9,201406152,1035),(4656,63,63,60,60,61.52,201406153,1035),(4657,89,87,80,80,83.98,201406154,1035),(4658,100,100,100,100,100,201406155,1035),(4659,77,87,100,100,91.06,201406156,1035),(4660,82,80,70,70,75.5,201406157,1035),(4661,96,99,99,99,98.16,201406158,1035),(4662,80,85,100,100,91.19,201406160,1035),(4663,67,67,60,60,63.58,201406161,1035),(4664,87,87,80,80,83.58,201406162,1035),(4665,98,100,100,100,99.45,201406163,1035),(4666,77,87,100,100,91.06,201406164,1035),(4667,85,81,70,70,76.59,201406165,1035),(4668,100,99,99,99,99.26,201406166,1035),(4669,86,91,100,100,94.22,201403101,1006),(4670,80,75,60,60,68.81,201403102,1006),(4671,84,86,80,80,82.33,201403103,1006),(4672,98,100,100,100,99.45,201403105,1006),(4673,82,85,100,100,91.74,201403106,1006),(4674,71,73,70,70,70.97,201403107,1006),(4675,91,97,99,99,96.51,201403108,1006),(4676,76,84,100,100,90.09,201403110,1006),(4677,71,68,60,60,64.68,201403111,1006),(4678,87,87,80,80,83.58,201403112,1006),(4679,98,100,100,100,99.45,201403113,1006),(4680,77,87,100,100,91.06,201403114,1006),(4681,82,80,70,70,75.5,201403115,1006),(4682,96,99,99,99,98.16,201403116,1006),(4683,75,84,100,100,89.54,201403117,1006),(4684,69,67,60,60,64.13,201403118,1006),(4685,86,86,80,80,83.03,201403120,1006),(4686,96,99,100,100,98.9,201403121,1006),(4687,77,87,100,100,91.06,201403122,1006),(4688,85,81,70,70,76.59,201403123,1006),(4689,100,99,99,99,99.26,201403124,1006),(4690,75,84,100,100,89.54,201403125,1006),(4691,69,67,60,60,64.13,201403126,1006),(4692,86,86,80,80,83.03,201403127,1006),(4693,96,99,100,100,98.9,201403128,1006),(4694,77,87,100,100,91.06,201403129,1006),(4695,85,81,70,70,76.59,201403130,1006),(4696,100,99,99,99,99.26,201403131,1006),(4697,75,84,100,100,89.54,201403132,1006),(4698,73,73,70,70,71.52,201403133,1006),(4699,93,98,99,99,97.06,201403134,1006),(4700,96,99,100,100,98.9,201403135,1006),(4701,63,63,60,60,61.52,201403136,1006),(4702,89,87,80,80,83.98,201403137,1006),(4703,100,100,100,100,100,201403138,1006),(4704,75,84,100,100,89.54,201403139,1006),(4705,73,73,70,70,71.52,201403140,1006),(4706,93,98,99,99,97.06,201403141,1006),(4707,96,99,100,100,98.9,201403142,1006),(4708,63,63,60,60,61.52,201403143,1006),(4709,89,87,80,80,83.98,201403144,1006),(4710,100,100,100,100,100,201403145,1006),(4711,77,87,100,100,91.06,201403146,1006),(4712,82,80,70,70,75.5,201403147,1006),(4713,96,99,99,99,98.16,201403148,1006),(4714,80,85,100,100,91.19,201403149,1006),(4715,67,67,60,60,63.58,201403150,1006),(4716,87,87,80,80,83.58,201403151,1006),(4717,98,100,100,100,99.45,201403152,1006),(4718,77,87,100,100,91.06,201403153,1006),(4719,85,81,70,70,76.59,201403154,1006),(4720,100,99,99,99,99.26,201403155,1006),(4721,75,84,100,100,89.54,201403156,1006),(4722,69,67,60,60,64.13,201403157,1006),(4723,86,86,80,80,83.03,201403158,1006),(4724,96,99,100,100,98.9,201403159,1006),(4725,77,87,100,100,91.06,201403160,1006),(4726,85,81,70,70,76.59,201403161,1006),(4727,100,99,99,99,99.26,201403162,1006),(4728,75,84,100,100,89.54,201403163,1006),(4729,73,73,70,70,71.52,201403164,1006),(4730,93,98,99,99,97.06,201403165,1006),(4731,96,99,100,100,98.9,201403166,1006),(4732,63,63,60,60,61.52,201404101,1016),(4733,89,87,80,80,83.98,201404102,1016),(4734,100,100,100,100,100,201404103,1016),(4735,75,84,100,100,89.54,201404104,1016),(4736,73,73,70,70,71.52,201404105,1016),(4737,93,98,99,99,97.06,201404107,1016),(4738,96,99,100,100,98.9,201404108,1016),(4739,63,63,60,60,61.52,201404109,1016),(4740,89,87,80,80,83.98,201404110,1016),(4741,100,100,100,100,100,201404112,1016),(4742,77,86,99,99,90.32,201404113,1016),(4743,93,98,100,100,97.65,201404114,1016),(4744,82,75,60,60,69.36,201404115,1016),(4745,73,73,80,80,76.42,201404116,1016),(4746,82,90,100,100,93.12,201404117,1016),(4747,95,99,100,100,98.35,201404118,1016),(4748,87,82,70,70,77.29,201404119,1016),(4749,77,86,99,99,90.32,201404120,1016),(4750,96,99,100,100,98.75,201404121,1016),(4751,85,76,60,60,70.46,201404122,1016),(4752,67,72,80,80,74.77,201404123,1016),(4753,76,79,80,80,78.9,201404124,1016),(4754,93,98,100,100,97.8,201404125,1016),(4755,96,98,99,99,98.01,201404126,1016),(4756,93,98,100,100,97.8,201404127,1016),(4757,65,61,60,60,61.65,201404128,1016),(4758,82,80,80,80,80.55,201404129,1016),(4759,89,97,100,100,96.7,201404130,1016),(4760,78,75,60,60,68.26,201404131,1016),(4761,74,76,80,80,77.39,201404132,1016),(4762,96,99,100,100,98.75,201404133,1016),(4763,100,100,100,100,100,201404134,1016),(4764,64,66,70,70,67.39,201404135,1016),(4765,83,90,99,99,92.93,201404136,1016),(4766,86,91,100,100,94.22,201404137,1016),(4767,80,75,60,60,68.81,201404139,1016),(4768,84,86,80,80,82.33,201404140,1016),(4769,98,100,100,100,99.45,201404141,1016),(4770,82,85,100,100,91.74,201404142,1016),(4771,71,73,70,70,70.97,201404143,1016),(4772,91,97,99,99,96.51,201404144,1016),(4773,76,84,100,100,90.09,201404145,1016),(4774,71,68,60,60,64.68,201404146,1016),(4775,87,87,80,80,83.58,201404147,1016),(4776,98,100,100,100,99.45,201404148,1016),(4777,77,87,100,100,91.06,201404149,1016),(4778,82,80,70,70,75.5,201404150,1016),(4779,96,99,99,99,98.16,201404151,1016),(4780,75,84,100,100,89.54,201404152,1016),(4781,69,67,60,60,64.13,201404153,1016),(4782,86,86,80,80,83.03,201404154,1016),(4783,96,99,100,100,98.9,201404157,1016),(4784,77,87,100,100,91.06,201404158,1016),(4785,85,81,70,70,76.59,201404159,1016),(4786,100,99,99,99,99.26,201404160,1016),(4787,75,84,100,100,89.54,201404161,1016),(4788,69,67,60,60,64.13,201404162,1016),(4789,86,86,80,80,83.03,201404163,1016),(4790,96,99,100,100,98.9,201404164,1016),(4791,77,87,100,100,91.06,201404165,1016),(4792,85,81,70,70,76.59,201404166,1016),(4793,100,99,99,99,99.26,201404167,1016),(4794,75,84,100,100,89.54,201405168,1026),(4795,73,73,70,70,71.52,201405169,1026),(4796,93,98,99,99,97.06,201405170,1026),(4797,96,99,100,100,98.9,201405171,1026),(4798,63,63,60,60,61.52,201405172,1026),(4799,89,87,80,80,83.98,201405173,1026),(4800,100,100,100,100,100,201405174,1026),(4801,75,84,100,100,89.54,201405176,1026),(4802,73,73,70,70,71.52,201405177,1026),(4803,93,98,99,99,97.06,201405178,1026),(4804,96,99,100,100,98.9,201405179,1026),(4805,63,63,60,60,61.52,201405180,1026),(4806,89,87,80,80,83.98,201405181,1026),(4807,100,100,100,100,100,201405182,1026),(4808,77,87,100,100,91.06,201405183,1026),(4809,82,80,70,70,75.5,201405184,1026),(4810,96,99,99,99,98.16,201405185,1026),(4811,80,85,100,100,91.19,201405187,1026),(4812,67,67,60,60,63.58,201405188,1026),(4813,87,87,80,80,83.58,201405189,1026),(4814,98,100,100,100,99.45,201405190,1026),(4815,77,87,100,100,91.06,201405191,1026),(4816,85,81,70,70,76.59,201405192,1026),(4817,100,99,99,99,99.26,201405193,1026),(4818,75,84,100,100,89.54,201405194,1026),(4819,69,67,60,60,64.13,201405195,1026),(4820,86,86,80,80,83.03,201405196,1026),(4821,96,99,100,100,98.9,201405197,1026),(4822,77,87,100,100,91.06,201405198,1026),(4823,85,81,70,70,76.59,201405199,1026),(4824,100,99,99,99,99.26,201405200,1026),(4825,75,84,100,100,89.54,201405201,1026),(4826,73,73,70,70,71.52,201405202,1026),(4827,93,98,99,99,97.06,201405203,1026),(4828,96,99,100,100,98.9,201405204,1026),(4829,63,63,60,60,61.52,201405205,1026),(4830,89,87,80,80,83.98,201405206,1026),(4831,100,100,100,100,100,201405207,1026),(4832,75,84,100,100,89.54,201405208,1026),(4833,73,73,70,70,71.52,201405209,1026),(4834,93,98,99,99,97.06,201405210,1026),(4835,96,99,100,100,98.9,201405211,1026),(4836,63,63,60,60,61.52,201405212,1026),(4837,89,87,80,80,83.98,201405213,1026),(4838,100,100,100,100,100,201405214,1026),(4839,77,86,99,99,90.32,201405215,1026),(4840,93,98,100,100,97.65,201405216,1026),(4841,82,75,60,60,69.36,201405217,1026),(4842,73,73,80,80,76.42,201405218,1026),(4843,82,90,100,100,93.12,201405219,1026),(4844,95,99,100,100,98.35,201405220,1026),(4845,87,82,70,70,77.29,201405221,1026),(4846,77,86,99,99,90.32,201405222,1026),(4847,96,99,100,100,98.75,201405223,1026),(4848,85,76,60,60,70.46,201405224,1026),(4849,67,72,80,80,74.77,201405225,1026),(4850,76,79,80,80,78.9,201405226,1026),(4851,93,98,100,100,97.8,201405228,1026),(4852,96,98,99,99,98.01,201405229,1026),(4853,93,98,100,100,97.8,201405230,1026),(4854,65,61,60,60,61.65,201405231,1026),(4855,82,80,80,80,80.55,201405232,1026),(4856,89,97,100,100,96.7,201406104,1036),(4857,78,75,60,60,68.26,201406105,1036),(4858,74,76,80,80,77.39,201406106,1036),(4859,96,99,100,100,98.75,201406107,1036),(4860,100,100,100,100,100,201406109,1036),(4861,64,66,70,70,67.39,201406110,1036),(4862,83,90,99,99,92.93,201406111,1036),(4863,86,91,100,100,94.22,201406112,1036),(4864,80,75,60,60,68.81,201406113,1036),(4865,84,86,80,80,82.33,201406114,1036),(4866,98,100,100,100,99.45,201406115,1036),(4867,82,85,100,100,91.74,201406116,1036),(4868,71,73,70,70,70.97,201406117,1036),(4869,91,97,99,99,96.51,201406118,1036),(4870,76,84,100,100,90.09,201406119,1036),(4871,71,68,60,60,64.68,201406120,1036),(4872,87,87,80,80,83.58,201406121,1036),(4873,98,100,100,100,99.45,201406122,1036),(4874,77,87,100,100,91.06,201406123,1036),(4875,82,80,70,70,75.5,201406124,1036),(4876,96,99,99,99,98.16,201406125,1036),(4877,75,84,100,100,89.54,201406126,1036),(4878,69,67,60,60,64.13,201406127,1036),(4879,86,86,80,80,83.03,201406128,1036),(4880,96,99,100,100,98.9,201406129,1036),(4881,77,87,100,100,91.06,201406130,1036),(4882,85,81,70,70,76.59,201406131,1036),(4883,100,99,99,99,99.26,201406132,1036),(4884,75,84,100,100,89.54,201406133,1036),(4885,69,67,60,60,64.13,201406134,1036),(4886,86,86,80,80,83.03,201406135,1036),(4887,96,99,100,100,98.9,201406136,1036),(4888,77,87,100,100,91.06,201406137,1036),(4889,85,81,70,70,76.59,201406138,1036),(4890,100,99,99,99,99.26,201406139,1036),(4891,75,84,100,100,89.54,201406141,1036),(4892,73,73,70,70,71.52,201406142,1036),(4893,93,98,99,99,97.06,201406143,1036),(4894,96,99,100,100,98.9,201406144,1036),(4895,63,63,60,60,61.52,201406145,1036),(4896,89,87,80,80,83.98,201406147,1036),(4897,100,100,100,100,100,201406148,1036),(4898,75,84,100,100,89.54,201406149,1036),(4899,73,73,70,70,71.52,201406150,1036),(4900,93,98,99,99,97.06,201406151,1036),(4901,96,99,100,100,98.9,201406152,1036),(4902,63,63,60,60,61.52,201406153,1036),(4903,89,87,80,80,83.98,201406154,1036),(4904,100,100,100,100,100,201406155,1036),(4905,77,87,100,100,91.06,201406156,1036),(4906,82,80,70,70,75.5,201406157,1036),(4907,96,99,99,99,98.16,201406158,1036),(4908,80,85,100,100,91.19,201406160,1036),(4909,67,67,60,60,63.58,201406161,1036),(4910,87,87,80,80,83.58,201406162,1036),(4911,98,100,100,100,99.45,201406163,1036),(4912,77,87,100,100,91.06,201406164,1036),(4913,85,81,70,70,76.59,201406165,1036),(4914,100,99,99,99,99.26,201406166,1036),(4915,86,91,100,100,94.22,201403101,1007),(4916,80,75,60,60,68.81,201403102,1007),(4917,84,86,80,80,82.33,201403103,1007),(4918,98,100,100,100,99.45,201403105,1007),(4919,82,85,100,100,91.74,201403106,1007),(4920,71,73,70,70,70.97,201403107,1007),(4921,91,97,99,99,96.51,201403108,1007),(4922,76,84,100,100,90.09,201403110,1007),(4923,71,68,60,60,64.68,201403111,1007),(4924,87,87,80,80,83.58,201403112,1007),(4925,98,100,100,100,99.45,201403113,1007),(4926,77,87,100,100,91.06,201403114,1007),(4927,82,80,70,70,75.5,201403115,1007),(4928,96,99,99,99,98.16,201403116,1007),(4929,75,84,100,100,89.54,201403117,1007),(4930,69,67,60,60,64.13,201403118,1007),(4931,86,86,80,80,83.03,201403120,1007),(4932,96,99,100,100,98.9,201403121,1007),(4933,77,87,100,100,91.06,201403122,1007),(4934,85,81,70,70,76.59,201403123,1007),(4935,100,99,99,99,99.26,201403124,1007),(4936,75,84,100,100,89.54,201403125,1007),(4937,69,67,60,60,64.13,201403126,1007),(4938,86,86,80,80,83.03,201403127,1007),(4939,96,99,100,100,98.9,201403128,1007),(4940,77,87,100,100,91.06,201403129,1007),(4941,85,81,70,70,76.59,201403130,1007),(4942,100,99,99,99,99.26,201403131,1007),(4943,75,84,100,100,89.54,201403132,1007),(4944,73,73,70,70,71.52,201403133,1007),(4945,93,98,99,99,97.06,201403134,1007),(4946,96,99,100,100,98.9,201403135,1007),(4947,63,63,60,60,61.52,201403136,1007),(4948,89,87,80,80,83.98,201403137,1007),(4949,100,100,100,100,100,201403138,1007),(4950,75,84,100,100,89.54,201403139,1007),(4951,73,73,70,70,71.52,201403140,1007),(4952,93,98,99,99,97.06,201403141,1007),(4953,96,99,100,100,98.9,201403142,1007),(4954,63,63,60,60,61.52,201403143,1007),(4955,89,87,80,80,83.98,201403144,1007),(4956,100,100,100,100,100,201403145,1007),(4957,77,87,100,100,91.06,201403146,1007),(4958,82,80,70,70,75.5,201403147,1007),(4959,96,99,99,99,98.16,201403148,1007),(4960,80,85,100,100,91.19,201403149,1007),(4961,67,67,60,60,63.58,201403150,1007),(4962,87,87,80,80,83.58,201403151,1007),(4963,98,100,100,100,99.45,201403152,1007),(4964,77,87,100,100,91.06,201403153,1007),(4965,85,81,70,70,76.59,201403154,1007),(4966,100,99,99,99,99.26,201403155,1007),(4967,75,84,100,100,89.54,201403156,1007),(4968,69,67,60,60,64.13,201403157,1007),(4969,86,86,80,80,83.03,201403158,1007),(4970,96,99,100,100,98.9,201403159,1007),(4971,77,87,100,100,91.06,201403160,1007),(4972,85,81,70,70,76.59,201403161,1007),(4973,100,99,99,99,99.26,201403162,1007),(4974,75,84,100,100,89.54,201403163,1007),(4975,73,73,70,70,71.52,201403164,1007),(4976,93,98,99,99,97.06,201403165,1007),(4977,96,99,100,100,98.9,201403166,1007),(4978,63,63,60,60,61.52,201404101,1017),(4979,89,87,80,80,83.98,201404102,1017),(4980,100,100,100,100,100,201404103,1017),(4981,75,84,100,100,89.54,201404104,1017),(4982,73,73,70,70,71.52,201404105,1017),(4983,93,98,99,99,97.06,201404107,1017),(4984,96,99,100,100,98.9,201404108,1017),(4985,63,63,60,60,61.52,201404109,1017),(4986,89,87,80,80,83.98,201404110,1017),(4987,100,100,100,100,100,201404112,1017),(4988,77,86,99,99,90.32,201404113,1017),(4989,93,98,100,100,97.65,201404114,1017),(4990,82,75,60,60,69.36,201404115,1017),(4991,73,73,80,80,76.42,201404116,1017),(4992,82,90,100,100,93.12,201404117,1017),(4993,95,99,100,100,98.35,201404118,1017),(4994,87,82,70,70,77.29,201404119,1017),(4995,77,86,99,99,90.32,201404120,1017),(4996,96,99,100,100,98.75,201404121,1017),(4997,85,76,60,60,70.46,201404122,1017),(4998,67,72,80,80,74.77,201404123,1017),(4999,76,79,80,80,78.9,201404124,1017),(5000,93,98,100,100,97.8,201404125,1017),(5001,96,98,99,99,98.01,201404126,1017),(5002,93,98,100,100,97.8,201404127,1017),(5003,65,61,60,60,61.65,201404128,1017),(5004,82,80,80,80,80.55,201404129,1017),(5005,89,97,100,100,96.7,201404130,1017),(5006,78,75,60,60,68.26,201404131,1017),(5007,74,76,80,80,77.39,201404132,1017),(5008,96,99,100,100,98.75,201404133,1017),(5009,100,100,100,100,100,201404134,1017),(5010,64,66,70,70,67.39,201404135,1017),(5011,83,90,99,99,92.93,201404136,1017),(5012,86,91,100,100,94.22,201404137,1017),(5013,80,75,60,60,68.81,201404139,1017),(5014,84,86,80,80,82.33,201404140,1017),(5015,98,100,100,100,99.45,201404141,1017),(5016,82,85,100,100,91.74,201404142,1017),(5017,71,73,70,70,70.97,201404143,1017),(5018,91,97,99,99,96.51,201404144,1017),(5019,76,84,100,100,90.09,201404145,1017),(5020,71,68,60,60,64.68,201404146,1017),(5021,87,87,80,80,83.58,201404147,1017),(5022,98,100,100,100,99.45,201404148,1017),(5023,77,87,100,100,91.06,201404149,1017),(5024,82,80,70,70,75.5,201404150,1017),(5025,96,99,99,99,98.16,201404151,1017),(5026,75,84,100,100,89.54,201404152,1017),(5027,69,67,60,60,64.13,201404153,1017),(5028,86,86,80,80,83.03,201404154,1017),(5029,96,99,100,100,98.9,201404157,1017),(5030,77,87,100,100,91.06,201404158,1017),(5031,85,81,70,70,76.59,201404159,1017),(5032,100,99,99,99,99.26,201404160,1017),(5033,75,84,100,100,89.54,201404161,1017),(5034,69,67,60,60,64.13,201404162,1017),(5035,86,86,80,80,83.03,201404163,1017),(5036,96,99,100,100,98.9,201404164,1017),(5037,77,87,100,100,91.06,201404165,1017),(5038,85,81,70,70,76.59,201404166,1017),(5039,100,99,99,99,99.26,201404167,1017),(5040,75,84,100,100,89.54,201405168,1027),(5041,73,73,70,70,71.52,201405169,1027),(5042,93,98,99,99,97.06,201405170,1027),(5043,96,99,100,100,98.9,201405171,1027),(5044,63,63,60,60,61.52,201405172,1027),(5045,89,87,80,80,83.98,201405173,1027),(5046,100,100,100,100,100,201405174,1027),(5047,75,84,100,100,89.54,201405176,1027),(5048,73,73,70,70,71.52,201405177,1027),(5049,93,98,99,99,97.06,201405178,1027),(5050,96,99,100,100,98.9,201405179,1027),(5051,63,63,60,60,61.52,201405180,1027),(5052,89,87,80,80,83.98,201405181,1027),(5053,100,100,100,100,100,201405182,1027),(5054,77,87,100,100,91.06,201405183,1027),(5055,82,80,70,70,75.5,201405184,1027),(5056,96,99,99,99,98.16,201405185,1027),(5057,80,85,100,100,91.19,201405187,1027),(5058,67,67,60,60,63.58,201405188,1027),(5059,87,87,80,80,83.58,201405189,1027),(5060,98,100,100,100,99.45,201405190,1027),(5061,77,87,100,100,91.06,201405191,1027),(5062,85,81,70,70,76.59,201405192,1027),(5063,100,99,99,99,99.26,201405193,1027),(5064,75,84,100,100,89.54,201405194,1027),(5065,69,67,60,60,64.13,201405195,1027),(5066,86,86,80,80,83.03,201405196,1027),(5067,96,99,100,100,98.9,201405197,1027),(5068,77,87,100,100,91.06,201405198,1027),(5069,85,81,70,70,76.59,201405199,1027),(5070,100,99,99,99,99.26,201405200,1027),(5071,75,84,100,100,89.54,201405201,1027),(5072,73,73,70,70,71.52,201405202,1027),(5073,93,98,99,99,97.06,201405203,1027),(5074,96,99,100,100,98.9,201405204,1027),(5075,63,63,60,60,61.52,201405205,1027),(5076,89,87,80,80,83.98,201405206,1027),(5077,100,100,100,100,100,201405207,1027),(5078,75,84,100,100,89.54,201405208,1027),(5079,73,73,70,70,71.52,201405209,1027),(5080,93,98,99,99,97.06,201405210,1027),(5081,96,99,100,100,98.9,201405211,1027),(5082,63,63,60,60,61.52,201405212,1027),(5083,89,87,80,80,83.98,201405213,1027),(5084,100,100,100,100,100,201405214,1027),(5085,77,86,99,99,90.32,201405215,1027),(5086,93,98,100,100,97.65,201405216,1027),(5087,82,75,60,60,69.36,201405217,1027),(5088,73,73,80,80,76.42,201405218,1027),(5089,82,90,100,100,93.12,201405219,1027),(5090,95,99,100,100,98.35,201405220,1027),(5091,87,82,70,70,77.29,201405221,1027),(5092,77,86,99,99,90.32,201405222,1027),(5093,96,99,100,100,98.75,201405223,1027),(5094,85,76,60,60,70.46,201405224,1027),(5095,67,72,80,80,74.77,201405225,1027),(5096,76,79,80,80,78.9,201405226,1027),(5097,93,98,100,100,97.8,201405228,1027),(5098,96,98,99,99,98.01,201405229,1027),(5099,93,98,100,100,97.8,201405230,1027),(5100,65,61,60,60,61.65,201405231,1027),(5101,82,80,80,80,80.55,201405232,1027),(5102,89,97,100,100,96.7,201406104,1037),(5103,78,75,60,60,68.26,201406105,1037),(5104,74,76,80,80,77.39,201406106,1037),(5105,96,99,100,100,98.75,201406107,1037),(5106,100,100,100,100,100,201406109,1037),(5107,64,66,70,70,67.39,201406110,1037),(5108,83,90,99,99,92.93,201406111,1037),(5109,86,91,100,100,94.22,201406112,1037),(5110,80,75,60,60,68.81,201406113,1037),(5111,84,86,80,80,82.33,201406114,1037),(5112,98,100,100,100,99.45,201406115,1037),(5113,82,85,100,100,91.74,201406116,1037),(5114,71,73,70,70,70.97,201406117,1037),(5115,91,97,99,99,96.51,201406118,1037),(5116,76,84,100,100,90.09,201406119,1037),(5117,71,68,60,60,64.68,201406120,1037),(5118,87,87,80,80,83.58,201406121,1037),(5119,98,100,100,100,99.45,201406122,1037),(5120,77,87,100,100,91.06,201406123,1037),(5121,82,80,70,70,75.5,201406124,1037),(5122,96,99,99,99,98.16,201406125,1037),(5123,75,84,100,100,89.54,201406126,1037),(5124,69,67,60,60,64.13,201406127,1037),(5125,86,86,80,80,83.03,201406128,1037),(5126,96,99,100,100,98.9,201406129,1037),(5127,77,87,100,100,91.06,201406130,1037),(5128,85,81,70,70,76.59,201406131,1037),(5129,100,99,99,99,99.26,201406132,1037),(5130,75,84,100,100,89.54,201406133,1037),(5131,69,67,60,60,64.13,201406134,1037),(5132,86,86,80,80,83.03,201406135,1037),(5133,96,99,100,100,98.9,201406136,1037),(5134,77,87,100,100,91.06,201406137,1037),(5135,85,81,70,70,76.59,201406138,1037),(5136,100,99,99,99,99.26,201406139,1037),(5137,75,84,100,100,89.54,201406141,1037),(5138,73,73,70,70,71.52,201406142,1037),(5139,93,98,99,99,97.06,201406143,1037),(5140,96,99,100,100,98.9,201406144,1037),(5141,63,63,60,60,61.52,201406145,1037),(5142,89,87,80,80,83.98,201406147,1037),(5143,100,100,100,100,100,201406148,1037),(5144,75,84,100,100,89.54,201406149,1037),(5145,73,73,70,70,71.52,201406150,1037),(5146,93,98,99,99,97.06,201406151,1037),(5147,96,99,100,100,98.9,201406152,1037),(5148,63,63,60,60,61.52,201406153,1037),(5149,89,87,80,80,83.98,201406154,1037),(5150,100,100,100,100,100,201406155,1037),(5151,77,87,100,100,91.06,201406156,1037),(5152,82,80,70,70,75.5,201406157,1037),(5153,96,99,99,99,98.16,201406158,1037),(5154,80,85,100,100,91.19,201406160,1037),(5155,67,67,60,60,63.58,201406161,1037),(5156,87,87,80,80,83.58,201406162,1037),(5157,98,100,100,100,99.45,201406163,1037),(5158,77,87,100,100,91.06,201406164,1037),(5159,85,81,70,70,76.59,201406165,1037),(5160,100,99,99,99,99.26,201406166,1037),(5161,86,91,100,100,94.22,201403101,1008),(5162,80,75,60,60,68.81,201403102,1008),(5163,84,86,80,80,82.33,201403103,1008),(5164,98,100,100,100,99.45,201403105,1008),(5165,82,85,100,100,91.74,201403106,1008),(5166,71,73,70,70,70.97,201403107,1008),(5167,91,97,99,99,96.51,201403108,1008),(5168,76,84,100,100,90.09,201403110,1008),(5169,71,68,60,60,64.68,201403111,1008),(5170,87,87,80,80,83.58,201403112,1008),(5171,98,100,100,100,99.45,201403113,1008),(5172,77,87,100,100,91.06,201403114,1008),(5173,82,80,70,70,75.5,201403115,1008),(5174,96,99,99,99,98.16,201403116,1008),(5175,75,84,100,100,89.54,201403117,1008),(5176,69,67,60,60,64.13,201403118,1008),(5177,86,86,80,80,83.03,201403120,1008),(5178,96,99,100,100,98.9,201403121,1008),(5179,77,87,100,100,91.06,201403122,1008),(5180,85,81,70,70,76.59,201403123,1008),(5181,100,99,99,99,99.26,201403124,1008),(5182,75,84,100,100,89.54,201403125,1008),(5183,69,67,60,60,64.13,201403126,1008),(5184,86,86,80,80,83.03,201403127,1008),(5185,96,99,100,100,98.9,201403128,1008),(5186,77,87,100,100,91.06,201403129,1008),(5187,85,81,70,70,76.59,201403130,1008),(5188,100,99,99,99,99.26,201403131,1008),(5189,75,84,100,100,89.54,201403132,1008),(5190,73,73,70,70,71.52,201403133,1008),(5191,93,98,99,99,97.06,201403134,1008),(5192,96,99,100,100,98.9,201403135,1008),(5193,63,63,60,60,61.52,201403136,1008),(5194,89,87,80,80,83.98,201403137,1008),(5195,100,100,100,100,100,201403138,1008),(5196,75,84,100,100,89.54,201403139,1008),(5197,73,73,70,70,71.52,201403140,1008),(5198,93,98,99,99,97.06,201403141,1008),(5199,96,99,100,100,98.9,201403142,1008),(5200,63,63,60,60,61.52,201403143,1008),(5201,89,87,80,80,83.98,201403144,1008),(5202,100,100,100,100,100,201403145,1008),(5203,77,87,100,100,91.06,201403146,1008),(5204,82,80,70,70,75.5,201403147,1008),(5205,96,99,99,99,98.16,201403148,1008),(5206,80,85,100,100,91.19,201403149,1008),(5207,67,67,60,60,63.58,201403150,1008),(5208,87,87,80,80,83.58,201403151,1008),(5209,98,100,100,100,99.45,201403152,1008),(5210,77,87,100,100,91.06,201403153,1008),(5211,85,81,70,70,76.59,201403154,1008),(5212,100,99,99,99,99.26,201403155,1008),(5213,75,84,100,100,89.54,201403156,1008),(5214,69,67,60,60,64.13,201403157,1008),(5215,86,86,80,80,83.03,201403158,1008),(5216,96,99,100,100,98.9,201403159,1008),(5217,77,87,100,100,91.06,201403160,1008),(5218,85,81,70,70,76.59,201403161,1008),(5219,100,99,99,99,99.26,201403162,1008),(5220,75,84,100,100,89.54,201403163,1008),(5221,73,73,70,70,71.52,201403164,1008),(5222,93,98,99,99,97.06,201403165,1008),(5223,96,99,100,100,98.9,201403166,1008),(5224,63,63,60,60,61.52,201404101,1018),(5225,89,87,80,80,83.98,201404102,1018),(5226,100,100,100,100,100,201404103,1018),(5227,75,84,100,100,89.54,201404104,1018),(5228,73,73,70,70,71.52,201404105,1018),(5229,93,98,99,99,97.06,201404107,1018),(5230,96,99,100,100,98.9,201404108,1018),(5231,63,63,60,60,61.52,201404109,1018),(5232,89,87,80,80,83.98,201404110,1018),(5233,100,100,100,100,100,201404112,1018),(5234,77,86,99,99,90.32,201404113,1018),(5235,93,98,100,100,97.65,201404114,1018),(5236,82,75,60,60,69.36,201404115,1018),(5237,73,73,80,80,76.42,201404116,1018),(5238,82,90,100,100,93.12,201404117,1018),(5239,95,99,100,100,98.35,201404118,1018),(5240,87,82,70,70,77.29,201404119,1018),(5241,77,86,99,99,90.32,201404120,1018),(5242,96,99,100,100,98.75,201404121,1018),(5243,85,76,60,60,70.46,201404122,1018),(5244,67,72,80,80,74.77,201404123,1018),(5245,76,79,80,80,78.9,201404124,1018),(5246,93,98,100,100,97.8,201404125,1018),(5247,96,98,99,99,98.01,201404126,1018),(5248,93,98,100,100,97.8,201404127,1018),(5249,65,61,60,60,61.65,201404128,1018),(5250,82,80,80,80,80.55,201404129,1018),(5251,89,97,100,100,96.7,201404130,1018),(5252,78,75,60,60,68.26,201404131,1018),(5253,74,76,80,80,77.39,201404132,1018),(5254,96,99,100,100,98.75,201404133,1018),(5255,100,100,100,100,100,201404134,1018),(5256,64,66,70,70,67.39,201404135,1018),(5257,83,90,99,99,92.93,201404136,1018),(5258,86,91,100,100,94.22,201404137,1018),(5259,80,75,60,60,68.81,201404139,1018),(5260,84,86,80,80,82.33,201404140,1018),(5261,98,100,100,100,99.45,201404141,1018),(5262,82,85,100,100,91.74,201404142,1018),(5263,71,73,70,70,70.97,201404143,1018),(5264,91,97,99,99,96.51,201404144,1018),(5265,76,84,100,100,90.09,201404145,1018),(5266,71,68,60,60,64.68,201404146,1018),(5267,87,87,80,80,83.58,201404147,1018),(5268,98,100,100,100,99.45,201404148,1018),(5269,77,87,100,100,91.06,201404149,1018),(5270,82,80,70,70,75.5,201404150,1018),(5271,96,99,99,99,98.16,201404151,1018),(5272,75,84,100,100,89.54,201404152,1018),(5273,69,67,60,60,64.13,201404153,1018),(5274,86,86,80,80,83.03,201404154,1018),(5275,96,99,100,100,98.9,201404157,1018),(5276,77,87,100,100,91.06,201404158,1018),(5277,85,81,70,70,76.59,201404159,1018),(5278,100,99,99,99,99.26,201404160,1018),(5279,75,84,100,100,89.54,201404161,1018),(5280,69,67,60,60,64.13,201404162,1018),(5281,86,86,80,80,83.03,201404163,1018),(5282,96,99,100,100,98.9,201404164,1018),(5283,77,87,100,100,91.06,201404165,1018),(5284,85,81,70,70,76.59,201404166,1018),(5285,100,99,99,99,99.26,201404167,1018),(5286,75,84,100,100,89.54,201405168,1028),(5287,73,73,70,70,71.52,201405169,1028),(5288,93,98,99,99,97.06,201405170,1028),(5289,96,99,100,100,98.9,201405171,1028),(5290,63,63,60,60,61.52,201405172,1028),(5291,89,87,80,80,83.98,201405173,1028),(5292,100,100,100,100,100,201405174,1028),(5293,75,84,100,100,89.54,201405176,1028),(5294,73,73,70,70,71.52,201405177,1028),(5295,93,98,99,99,97.06,201405178,1028),(5296,96,99,100,100,98.9,201405179,1028),(5297,63,63,60,60,61.52,201405180,1028),(5298,89,87,80,80,83.98,201405181,1028),(5299,100,100,100,100,100,201405182,1028),(5300,77,87,100,100,91.06,201405183,1028),(5301,82,80,70,70,75.5,201405184,1028),(5302,96,99,99,99,98.16,201405185,1028),(5303,80,85,100,100,91.19,201405187,1028),(5304,67,67,60,60,63.58,201405188,1028),(5305,87,87,80,80,83.58,201405189,1028),(5306,98,100,100,100,99.45,201405190,1028),(5307,77,87,100,100,91.06,201405191,1028),(5308,85,81,70,70,76.59,201405192,1028),(5309,100,99,99,99,99.26,201405193,1028),(5310,75,84,100,100,89.54,201405194,1028),(5311,69,67,60,60,64.13,201405195,1028),(5312,86,86,80,80,83.03,201405196,1028),(5313,96,99,100,100,98.9,201405197,1028),(5314,77,87,100,100,91.06,201405198,1028),(5315,85,81,70,70,76.59,201405199,1028),(5316,100,99,99,99,99.26,201405200,1028),(5317,75,84,100,100,89.54,201405201,1028),(5318,73,73,70,70,71.52,201405202,1028),(5319,93,98,99,99,97.06,201405203,1028),(5320,96,99,100,100,98.9,201405204,1028),(5321,63,63,60,60,61.52,201405205,1028),(5322,89,87,80,80,83.98,201405206,1028),(5323,100,100,100,100,100,201405207,1028),(5324,75,84,100,100,89.54,201405208,1028),(5325,73,73,70,70,71.52,201405209,1028),(5326,93,98,99,99,97.06,201405210,1028),(5327,96,99,100,100,98.9,201405211,1028),(5328,63,63,60,60,61.52,201405212,1028),(5329,89,87,80,80,83.98,201405213,1028),(5330,100,100,100,100,100,201405214,1028),(5331,77,86,99,99,90.32,201405215,1028),(5332,93,98,100,100,97.65,201405216,1028),(5333,82,75,60,60,69.36,201405217,1028),(5334,73,73,80,80,76.42,201405218,1028),(5335,82,90,100,100,93.12,201405219,1028),(5336,95,99,100,100,98.35,201405220,1028),(5337,87,82,70,70,77.29,201405221,1028),(5338,77,86,99,99,90.32,201405222,1028),(5339,96,99,100,100,98.75,201405223,1028),(5340,85,76,60,60,70.46,201405224,1028),(5341,67,72,80,80,74.77,201405225,1028),(5342,76,79,80,80,78.9,201405226,1028),(5343,93,98,100,100,97.8,201405228,1028),(5344,96,98,99,99,98.01,201405229,1028),(5345,93,98,100,100,97.8,201405230,1028),(5346,65,61,60,60,61.65,201405231,1028),(5347,82,80,80,80,80.55,201405232,1028),(5348,89,97,100,100,96.7,201406104,1038),(5349,78,75,60,60,68.26,201406105,1038),(5350,74,76,80,80,77.39,201406106,1038),(5351,96,99,100,100,98.75,201406107,1038),(5352,100,100,100,100,100,201406109,1038),(5353,64,66,70,70,67.39,201406110,1038),(5354,83,90,99,99,92.93,201406111,1038),(5355,86,91,100,100,94.22,201406112,1038),(5356,80,75,60,60,68.81,201406113,1038),(5357,84,86,80,80,82.33,201406114,1038),(5358,98,100,100,100,99.45,201406115,1038),(5359,82,85,100,100,91.74,201406116,1038),(5360,71,73,70,70,70.97,201406117,1038),(5361,91,97,99,99,96.51,201406118,1038),(5362,76,84,100,100,90.09,201406119,1038),(5363,71,68,60,60,64.68,201406120,1038),(5364,87,87,80,80,83.58,201406121,1038),(5365,98,100,100,100,99.45,201406122,1038),(5366,77,87,100,100,91.06,201406123,1038),(5367,82,80,70,70,75.5,201406124,1038),(5368,96,99,99,99,98.16,201406125,1038),(5369,75,84,100,100,89.54,201406126,1038),(5370,69,67,60,60,64.13,201406127,1038),(5371,86,86,80,80,83.03,201406128,1038),(5372,96,99,100,100,98.9,201406129,1038),(5373,77,87,100,100,91.06,201406130,1038),(5374,85,81,70,70,76.59,201406131,1038),(5375,100,99,99,99,99.26,201406132,1038),(5376,75,84,100,100,89.54,201406133,1038),(5377,69,67,60,60,64.13,201406134,1038),(5378,86,86,80,80,83.03,201406135,1038),(5379,96,99,100,100,98.9,201406136,1038),(5380,77,87,100,100,91.06,201406137,1038),(5381,85,81,70,70,76.59,201406138,1038),(5382,100,99,99,99,99.26,201406139,1038),(5383,75,84,100,100,89.54,201406141,1038),(5384,73,73,70,70,71.52,201406142,1038),(5385,93,98,99,99,97.06,201406143,1038),(5386,96,99,100,100,98.9,201406144,1038),(5387,63,63,60,60,61.52,201406145,1038),(5388,89,87,80,80,83.98,201406147,1038),(5389,100,100,100,100,100,201406148,1038),(5390,75,84,100,100,89.54,201406149,1038),(5391,73,73,70,70,71.52,201406150,1038),(5392,93,98,99,99,97.06,201406151,1038),(5393,96,99,100,100,98.9,201406152,1038),(5394,63,63,60,60,61.52,201406153,1038),(5395,89,87,80,80,83.98,201406154,1038),(5396,100,100,100,100,100,201406155,1038),(5397,77,87,100,100,91.06,201406156,1038),(5398,82,80,70,70,75.5,201406157,1038),(5399,96,99,99,99,98.16,201406158,1038),(5400,80,85,100,100,91.19,201406160,1038),(5401,67,67,60,60,63.58,201406161,1038),(5402,87,87,80,80,83.58,201406162,1038),(5403,98,100,100,100,99.45,201406163,1038),(5404,77,87,100,100,91.06,201406164,1038),(5405,85,81,70,70,76.59,201406165,1038),(5406,100,99,99,99,99.26,201406166,1038),(5407,86,91,100,100,94.22,201403101,1009),(5408,80,75,60,60,68.81,201403102,1009),(5409,84,86,80,80,82.33,201403103,1009),(5410,98,100,100,100,99.45,201403105,1009),(5411,82,85,100,100,91.74,201403106,1009),(5412,71,73,70,70,70.97,201403107,1009),(5413,91,97,99,99,96.51,201403108,1009),(5414,76,84,100,100,90.09,201403110,1009),(5415,71,68,60,60,64.68,201403111,1009),(5416,87,87,80,80,83.58,201403112,1009),(5417,98,100,100,100,99.45,201403113,1009),(5418,77,87,100,100,91.06,201403114,1009),(5419,82,80,70,70,75.5,201403115,1009),(5420,96,99,99,99,98.16,201403116,1009),(5421,75,84,100,100,89.54,201403117,1009),(5422,69,67,60,60,64.13,201403118,1009),(5423,86,86,80,80,83.03,201403120,1009),(5424,96,99,100,100,98.9,201403121,1009),(5425,77,87,100,100,91.06,201403122,1009),(5426,85,81,70,70,76.59,201403123,1009),(5427,100,99,99,99,99.26,201403124,1009),(5428,75,84,100,100,89.54,201403125,1009),(5429,69,67,60,60,64.13,201403126,1009),(5430,86,86,80,80,83.03,201403127,1009),(5431,96,99,100,100,98.9,201403128,1009),(5432,77,87,100,100,91.06,201403129,1009),(5433,85,81,70,70,76.59,201403130,1009),(5434,100,99,99,99,99.26,201403131,1009),(5435,75,84,100,100,89.54,201403132,1009),(5436,73,73,70,70,71.52,201403133,1009),(5437,93,98,99,99,97.06,201403134,1009),(5438,96,99,100,100,98.9,201403135,1009),(5439,63,63,60,60,61.52,201403136,1009),(5440,89,87,80,80,83.98,201403137,1009),(5441,100,100,100,100,100,201403138,1009),(5442,75,84,100,100,89.54,201403139,1009),(5443,73,73,70,70,71.52,201403140,1009),(5444,93,98,99,99,97.06,201403141,1009),(5445,96,99,100,100,98.9,201403142,1009),(5446,63,63,60,60,61.52,201403143,1009),(5447,89,87,80,80,83.98,201403144,1009),(5448,100,100,100,100,100,201403145,1009),(5449,77,87,100,100,91.06,201403146,1009),(5450,82,80,70,70,75.5,201403147,1009),(5451,96,99,99,99,98.16,201403148,1009),(5452,80,85,100,100,91.19,201403149,1009),(5453,67,67,60,60,63.58,201403150,1009),(5454,87,87,80,80,83.58,201403151,1009),(5455,98,100,100,100,99.45,201403152,1009),(5456,77,87,100,100,91.06,201403153,1009),(5457,85,81,70,70,76.59,201403154,1009),(5458,100,99,99,99,99.26,201403155,1009),(5459,75,84,100,100,89.54,201403156,1009),(5460,69,67,60,60,64.13,201403157,1009),(5461,86,86,80,80,83.03,201403158,1009),(5462,96,99,100,100,98.9,201403159,1009),(5463,77,87,100,100,91.06,201403160,1009),(5464,85,81,70,70,76.59,201403161,1009),(5465,100,99,99,99,99.26,201403162,1009),(5466,75,84,100,100,89.54,201403163,1009),(5467,73,73,70,70,71.52,201403164,1009),(5468,93,98,99,99,97.06,201403165,1009),(5469,96,99,100,100,98.9,201403166,1009),(5470,63,63,60,60,61.52,201404101,1019),(5471,89,87,80,80,83.98,201404102,1019),(5472,100,100,100,100,100,201404103,1019),(5473,75,84,100,100,89.54,201404104,1019),(5474,73,73,70,70,71.52,201404105,1019),(5475,93,98,99,99,97.06,201404107,1019),(5476,96,99,100,100,98.9,201404108,1019),(5477,63,63,60,60,61.52,201404109,1019),(5478,89,87,80,80,83.98,201404110,1019),(5479,100,100,100,100,100,201404112,1019),(5480,77,86,99,99,90.32,201404113,1019),(5481,93,98,100,100,97.65,201404114,1019),(5482,82,75,60,60,69.36,201404115,1019),(5483,73,73,80,80,76.42,201404116,1019),(5484,82,90,100,100,93.12,201404117,1019),(5485,95,99,100,100,98.35,201404118,1019),(5486,87,82,70,70,77.29,201404119,1019),(5487,77,86,99,99,90.32,201404120,1019),(5488,96,99,100,100,98.75,201404121,1019),(5489,85,76,60,60,70.46,201404122,1019),(5490,67,72,80,80,74.77,201404123,1019),(5491,76,79,80,80,78.9,201404124,1019),(5492,93,98,100,100,97.8,201404125,1019),(5493,96,98,99,99,98.01,201404126,1019),(5494,93,98,100,100,97.8,201404127,1019),(5495,65,61,60,60,61.65,201404128,1019),(5496,82,80,80,80,80.55,201404129,1019),(5497,89,97,100,100,96.7,201404130,1019),(5498,78,75,60,60,68.26,201404131,1019),(5499,74,76,80,80,77.39,201404132,1019),(5500,96,99,100,100,98.75,201404133,1019),(5501,100,100,100,100,100,201404134,1019),(5502,64,66,70,70,67.39,201404135,1019),(5503,83,90,99,99,92.93,201404136,1019),(5504,86,91,100,100,94.22,201404137,1019),(5505,80,75,60,60,68.81,201404139,1019),(5506,84,86,80,80,82.33,201404140,1019),(5507,98,100,100,100,99.45,201404141,1019),(5508,82,85,100,100,91.74,201404142,1019),(5509,71,73,70,70,70.97,201404143,1019),(5510,91,97,99,99,96.51,201404144,1019),(5511,76,84,100,100,90.09,201404145,1019),(5512,71,68,60,60,64.68,201404146,1019),(5513,87,87,80,80,83.58,201404147,1019),(5514,98,100,100,100,99.45,201404148,1019),(5515,77,87,100,100,91.06,201404149,1019),(5516,82,80,70,70,75.5,201404150,1019),(5517,96,99,99,99,98.16,201404151,1019),(5518,75,84,100,100,89.54,201404152,1019),(5519,69,67,60,60,64.13,201404153,1019),(5520,86,86,80,80,83.03,201404154,1019),(5521,96,99,100,100,98.9,201404157,1019),(5522,77,87,100,100,91.06,201404158,1019),(5523,85,81,70,70,76.59,201404159,1019),(5524,100,99,99,99,99.26,201404160,1019),(5525,75,84,100,100,89.54,201404161,1019),(5526,69,67,60,60,64.13,201404162,1019),(5527,86,86,80,80,83.03,201404163,1019),(5528,96,99,100,100,98.9,201404164,1019),(5529,77,87,100,100,91.06,201404165,1019),(5530,85,81,70,70,76.59,201404166,1019),(5531,100,99,99,99,99.26,201404167,1019),(5532,75,84,100,100,89.54,201405168,1029),(5533,73,73,70,70,71.52,201405169,1029),(5534,93,98,99,99,97.06,201405170,1029),(5535,96,99,100,100,98.9,201405171,1029),(5536,63,63,60,60,61.52,201405172,1029),(5537,89,87,80,80,83.98,201405173,1029),(5538,100,100,100,100,100,201405174,1029),(5539,75,84,100,100,89.54,201405176,1029),(5540,73,73,70,70,71.52,201405177,1029),(5541,93,98,99,99,97.06,201405178,1029),(5542,96,99,100,100,98.9,201405179,1029),(5543,63,63,60,60,61.52,201405180,1029),(5544,89,87,80,80,83.98,201405181,1029),(5545,100,100,100,100,100,201405182,1029),(5546,77,87,100,100,91.06,201405183,1029),(5547,82,80,70,70,75.5,201405184,1029),(5548,96,99,99,99,98.16,201405185,1029),(5549,80,85,100,100,91.19,201405187,1029),(5550,67,67,60,60,63.58,201405188,1029),(5551,87,87,80,80,83.58,201405189,1029),(5552,98,100,100,100,99.45,201405190,1029),(5553,77,87,100,100,91.06,201405191,1029),(5554,85,81,70,70,76.59,201405192,1029),(5555,100,99,99,99,99.26,201405193,1029),(5556,75,84,100,100,89.54,201405194,1029),(5557,69,67,60,60,64.13,201405195,1029),(5558,86,86,80,80,83.03,201405196,1029),(5559,96,99,100,100,98.9,201405197,1029),(5560,77,87,100,100,91.06,201405198,1029),(5561,85,81,70,70,76.59,201405199,1029),(5562,100,99,99,99,99.26,201405200,1029),(5563,75,84,100,100,89.54,201405201,1029),(5564,73,73,70,70,71.52,201405202,1029),(5565,93,98,99,99,97.06,201405203,1029),(5566,96,99,100,100,98.9,201405204,1029),(5567,63,63,60,60,61.52,201405205,1029),(5568,89,87,80,80,83.98,201405206,1029),(5569,100,100,100,100,100,201405207,1029),(5570,75,84,100,100,89.54,201405208,1029),(5571,73,73,70,70,71.52,201405209,1029),(5572,93,98,99,99,97.06,201405210,1029),(5573,96,99,100,100,98.9,201405211,1029),(5574,63,63,60,60,61.52,201405212,1029),(5575,89,87,80,80,83.98,201405213,1029),(5576,100,100,100,100,100,201405214,1029),(5577,77,86,99,99,90.32,201405215,1029),(5578,93,98,100,100,97.65,201405216,1029),(5579,82,75,60,60,69.36,201405217,1029),(5580,73,73,80,80,76.42,201405218,1029),(5581,82,90,100,100,93.12,201405219,1029),(5582,95,99,100,100,98.35,201405220,1029),(5583,87,82,70,70,77.29,201405221,1029),(5584,77,86,99,99,90.32,201405222,1029),(5585,96,99,100,100,98.75,201405223,1029),(5586,85,76,60,60,70.46,201405224,1029),(5587,67,72,80,80,74.77,201405225,1029),(5588,76,79,80,80,78.9,201405226,1029),(5589,93,98,100,100,97.8,201405228,1029),(5590,96,98,99,99,98.01,201405229,1029),(5591,93,98,100,100,97.8,201405230,1029),(5592,65,61,60,60,61.65,201405231,1029),(5593,82,80,80,80,80.55,201405232,1029),(5594,89,97,100,100,96.7,201406104,1039),(5595,78,75,60,60,68.26,201406105,1039),(5596,74,76,80,80,77.39,201406106,1039),(5597,96,99,100,100,98.75,201406107,1039),(5598,100,100,100,100,100,201406109,1039),(5599,64,66,70,70,67.39,201406110,1039),(5600,83,90,99,99,92.93,201406111,1039),(5601,86,91,100,100,94.22,201406112,1039),(5602,80,75,60,60,68.81,201406113,1039),(5603,84,86,80,80,82.33,201406114,1039),(5604,98,100,100,100,99.45,201406115,1039),(5605,82,85,100,100,91.74,201406116,1039),(5606,71,73,70,70,70.97,201406117,1039),(5607,91,97,99,99,96.51,201406118,1039),(5608,76,84,100,100,90.09,201406119,1039),(5609,71,68,60,60,64.68,201406120,1039),(5610,87,87,80,80,83.58,201406121,1039),(5611,98,100,100,100,99.45,201406122,1039),(5612,77,87,100,100,91.06,201406123,1039),(5613,82,80,70,70,75.5,201406124,1039),(5614,96,99,99,99,98.16,201406125,1039),(5615,75,84,100,100,89.54,201406126,1039),(5616,69,67,60,60,64.13,201406127,1039),(5617,86,86,80,80,83.03,201406128,1039),(5618,96,99,100,100,98.9,201406129,1039),(5619,77,87,100,100,91.06,201406130,1039),(5620,85,81,70,70,76.59,201406131,1039),(5621,100,99,99,99,99.26,201406132,1039),(5622,75,84,100,100,89.54,201406133,1039),(5623,69,67,60,60,64.13,201406134,1039),(5624,86,86,80,80,83.03,201406135,1039),(5625,96,99,100,100,98.9,201406136,1039),(5626,77,87,100,100,91.06,201406137,1039),(5627,85,81,70,70,76.59,201406138,1039),(5628,100,99,99,99,99.26,201406139,1039),(5629,75,84,100,100,89.54,201406141,1039),(5630,73,73,70,70,71.52,201406142,1039),(5631,93,98,99,99,97.06,201406143,1039),(5632,96,99,100,100,98.9,201406144,1039),(5633,63,63,60,60,61.52,201406145,1039),(5634,89,87,80,80,83.98,201406147,1039),(5635,100,100,100,100,100,201406148,1039),(5636,75,84,100,100,89.54,201406149,1039),(5637,73,73,70,70,71.52,201406150,1039),(5638,93,98,99,99,97.06,201406151,1039),(5639,96,99,100,100,98.9,201406152,1039),(5640,63,63,60,60,61.52,201406153,1039),(5641,89,87,80,80,83.98,201406154,1039),(5642,100,100,100,100,100,201406155,1039),(5643,77,87,100,100,91.06,201406156,1039),(5644,82,80,70,70,75.5,201406157,1039),(5645,96,99,99,99,98.16,201406158,1039),(5646,80,85,100,100,91.19,201406160,1039),(5647,67,67,60,60,63.58,201406161,1039),(5648,87,87,80,80,83.58,201406162,1039),(5649,98,100,100,100,99.45,201406163,1039),(5650,77,87,100,100,91.06,201406164,1039),(5651,85,81,70,70,76.59,201406165,1039),(5652,100,99,99,99,99.26,201406166,1039),(6001,71,73,70,70,70.97,201404143,1013),(6002,91,97,99,99,96.51,201404144,1013),(6003,76,84,100,100,90.09,201404145,1013),(6004,71,68,60,60,64.68,201404146,1013),(6005,87,87,80,80,83.58,201404147,1013),(6006,98,100,100,100,99.45,201404148,1013),(6007,77,87,100,100,91.06,201404149,1013),(6008,82,80,70,70,75.5,201404150,1013),(6009,96,99,99,99,98.16,201404151,1013),(6010,75,84,100,100,89.54,201404152,1013),(6011,69,67,60,60,64.13,201404153,1013),(6012,86,86,80,80,83.03,201404154,1013),(6013,96,99,100,100,98.9,201404157,1013),(6014,77,87,100,100,91.06,201404158,1013),(6015,85,81,70,70,76.59,201404159,1013),(6016,100,99,99,99,99.26,201404160,1013),(6017,75,84,100,100,89.54,201404161,1013),(6018,69,67,60,60,64.13,201404162,1013),(6019,86,86,80,80,83.03,201404163,1013),(6020,96,99,100,100,98.9,201404164,1013),(6021,77,87,100,100,91.06,201404165,1013),(6022,85,81,70,70,76.59,201404166,1013),(6023,100,99,99,99,99.26,201404167,1013),(6024,75,84,100,100,89.54,201405168,1023),(6025,73,73,70,70,71.52,201405169,1023),(6026,93,98,99,99,97.06,201405170,1023),(6027,96,99,100,100,98.9,201405171,1023),(6028,63,63,60,60,61.52,201405172,1023),(6029,89,87,80,80,83.98,201405173,1023),(6030,100,100,100,100,100,201405174,1023),(6031,75,84,100,100,89.54,201405176,1023),(6032,73,73,70,70,71.52,201405177,1023),(6033,93,98,99,99,97.06,201405178,1023),(6034,96,99,100,100,98.9,201405179,1023),(6035,63,63,60,60,61.52,201405180,1023),(6036,89,87,80,80,83.98,201405181,1023),(6037,100,100,100,100,100,201405182,1023),(6038,77,87,100,100,91.06,201405183,1023),(6039,82,80,70,70,75.5,201405184,1023),(6040,96,99,99,99,98.16,201405185,1023),(6041,80,85,100,100,91.19,201405187,1023),(6042,67,67,60,60,63.58,201405188,1023),(6043,87,87,80,80,83.58,201405189,1023),(6044,98,100,100,100,99.45,201405190,1023),(6045,77,87,100,100,91.06,201405191,1023),(6046,85,81,70,70,76.59,201405192,1023),(6047,100,99,99,99,99.26,201405193,1023),(6048,75,84,100,100,89.54,201405194,1023),(6049,69,67,60,60,64.13,201405195,1023),(6050,86,86,80,80,83.03,201405196,1023),(6051,96,99,100,100,98.9,201405197,1023),(6052,77,87,100,100,91.06,201405198,1023),(6053,85,81,70,70,76.59,201405199,1023),(6054,100,99,99,99,99.26,201405200,1023),(6055,75,84,100,100,89.54,201405201,1023),(6056,73,73,70,70,71.52,201405202,1023),(6057,93,98,99,99,97.06,201405203,1023),(6058,96,99,100,100,98.9,201405204,1023),(6059,63,63,60,60,61.52,201405205,1023),(6060,89,87,80,80,83.98,201405206,1023),(6061,100,100,100,100,100,201405207,1023),(6062,75,84,100,100,89.54,201405208,1023),(6063,73,73,70,70,71.52,201405209,1023),(6064,93,98,99,99,97.06,201405210,1023),(6065,96,99,100,100,98.9,201405211,1023),(6066,63,63,60,60,61.52,201405212,1023),(6067,89,87,80,80,83.98,201405213,1023),(6068,100,100,100,100,100,201405214,1023),(6069,77,86,99,99,90.32,201405215,1023),(6070,93,98,100,100,97.65,201405216,1023),(6071,82,75,60,60,69.36,201405217,1023),(6072,73,73,80,80,76.42,201405218,1023),(6073,82,90,100,100,93.12,201405219,1023),(6074,95,99,100,100,98.35,201405220,1023),(6075,87,82,70,70,77.29,201405221,1023),(6076,77,86,99,99,90.32,201405222,1023),(6077,96,99,100,100,98.75,201405223,1023),(6078,85,76,60,60,70.46,201405224,1023),(6079,67,72,80,80,74.77,201405225,1023),(6080,76,79,80,80,78.9,201405226,1023),(6081,93,98,100,100,97.8,201405228,1023),(6082,96,98,99,99,98.01,201405229,1023),(6083,93,98,100,100,97.8,201405230,1023),(6084,65,61,60,60,61.65,201405231,1023),(6085,82,80,80,80,80.55,201405232,1023),(6086,89,97,100,100,96.7,201406104,1033),(6087,78,75,60,60,68.26,201406105,1033),(6088,74,76,80,80,77.39,201406106,1033),(6089,96,99,100,100,98.75,201406107,1033),(6090,100,100,100,100,100,201406109,1033),(6091,64,66,70,70,67.39,201406110,1033),(6092,83,90,99,99,92.93,201406111,1033),(6093,86,91,100,100,94.22,201406112,1033),(6094,80,75,60,60,68.81,201406113,1033),(6095,84,86,80,80,82.33,201406114,1033),(6096,98,100,100,100,99.45,201406115,1033),(6097,82,85,100,100,91.74,201406116,1033),(6098,71,73,70,70,70.97,201406117,1033),(6099,91,97,99,99,96.51,201406118,1033),(6100,76,84,100,100,90.09,201406119,1033),(6101,71,68,60,60,64.68,201406120,1033),(6102,87,87,80,80,83.58,201406121,1033),(6103,98,100,100,100,99.45,201406122,1033),(6104,77,87,100,100,91.06,201406123,1033),(6105,82,80,70,70,75.5,201406124,1033),(6106,96,99,99,99,98.16,201406125,1033),(6107,75,84,100,100,89.54,201406126,1033),(6108,69,67,60,60,64.13,201406127,1033),(6109,86,86,80,80,83.03,201406128,1033),(6110,96,99,100,100,98.9,201406129,1033),(6111,77,87,100,100,91.06,201406130,1033),(6112,85,81,70,70,76.59,201406131,1033),(6113,100,99,99,99,99.26,201406132,1033),(6114,75,84,100,100,89.54,201406133,1033),(6115,69,67,60,60,64.13,201406134,1033),(6116,86,86,80,80,83.03,201406135,1033),(6117,96,99,100,100,98.9,201406136,1033),(6118,77,87,100,100,91.06,201406137,1033),(6119,85,81,70,70,76.59,201406138,1033),(6120,100,99,99,99,99.26,201406139,1033),(6121,75,84,100,100,89.54,201406141,1033),(6122,73,73,70,70,71.52,201406142,1033),(6123,93,98,99,99,97.06,201406143,1033),(6124,96,99,100,100,98.9,201406144,1033),(6125,63,63,60,60,61.52,201406145,1033),(6126,89,87,80,80,83.98,201406147,1033),(6127,100,100,100,100,100,201406148,1033),(6128,75,84,100,100,89.54,201406149,1033),(6129,73,73,70,70,71.52,201406150,1033),(6130,93,98,99,99,97.06,201406151,1033),(6131,96,99,100,100,98.9,201406152,1033),(6132,63,63,60,60,61.52,201406153,1033),(6133,89,87,80,80,83.98,201406154,1033),(6134,100,100,100,100,100,201406155,1033),(6135,77,87,100,100,91.06,201406156,1033),(6136,82,80,70,70,75.5,201406157,1033),(6137,96,99,99,99,98.16,201406158,1033),(6138,80,85,100,100,91.19,201406160,1033),(6139,67,67,60,60,63.58,201406161,1033),(6140,87,87,80,80,83.58,201406162,1033),(6141,98,100,100,100,99.45,201406163,1033),(6142,77,87,100,100,91.06,201406164,1033),(6143,85,81,70,70,76.59,201406165,1033),(6144,100,99,99,99,99.26,201406166,1033),(6145,86,91,100,100,94.22,201502101,1001),(6146,80,75,60,60,68.81,201502102,1001),(6147,84,86,80,80,82.33,201502103,1001),(6148,98,100,100,100,99.45,201502104,1001),(6149,82,85,100,100,91.74,201502105,1001),(6150,71,73,70,70,70.97,201502106,1001),(6151,91,97,99,99,96.51,201502107,1001),(6152,76,84,100,100,90.09,201502108,1001),(6153,71,68,60,60,64.68,201502110,1001),(6154,87,87,80,80,83.58,201502111,1001),(6155,98,100,100,100,99.45,201502112,1001),(6156,77,87,100,100,91.06,201502113,1001),(6157,82,80,70,70,75.5,201502114,1001),(6158,96,99,99,99,98.16,201502116,1001),(6159,75,84,100,100,89.54,201502117,1001),(6160,69,67,60,60,64.13,201502118,1001),(6161,86,86,80,80,83.03,201502119,1001),(6162,96,99,100,100,98.9,201502121,1001),(6163,77,87,100,100,91.06,201502122,1001),(6164,85,81,70,70,76.59,201502123,1001),(6165,100,99,99,99,99.26,201502125,1001),(6166,75,84,100,100,89.54,201502126,1001),(6167,69,67,60,60,64.13,201502127,1001),(6168,86,86,80,80,83.03,201502129,1001),(6169,96,99,100,100,98.9,201502130,1001),(6170,77,87,100,100,91.06,201502131,1001),(6171,85,81,70,70,76.59,201502132,1001),(6172,100,99,99,99,99.26,201502133,1001),(6173,75,84,100,100,89.54,201502134,1001),(6174,73,73,70,70,71.52,201502135,1001),(6175,93,98,99,99,97.06,201502136,1001),(6176,96,99,100,100,98.9,201502137,1001),(6177,63,63,60,60,61.52,201502138,1001),(6178,89,87,80,80,83.98,201502139,1001),(6179,100,100,100,100,100,201502140,1001),(6180,75,84,100,100,89.54,201502141,1001),(6181,73,73,70,70,71.52,201502142,1001),(6182,93,98,99,99,97.06,201502143,1001),(6183,96,99,100,100,98.9,201502144,1001),(6184,63,63,60,60,61.52,201502145,1001),(6185,89,87,80,80,83.98,201502146,1001),(6186,100,100,100,100,100,201502147,1001),(6187,77,87,100,100,91.06,201502148,1001),(6188,82,80,70,70,75.5,201502149,1001),(6189,96,99,99,99,98.16,201502150,1001),(6190,80,85,100,100,91.19,201502151,1001),(6191,67,67,60,60,63.58,201502152,1001),(6192,87,87,80,80,83.58,201502153,1001),(6193,98,100,100,100,99.45,201502154,1001),(6194,77,87,100,100,91.06,201502155,1001),(6195,85,81,70,70,76.59,201502156,1001),(6196,100,99,99,99,99.26,201502157,1001),(6197,75,84,100,100,89.54,201502158,1001),(6198,69,67,60,60,64.13,201502159,1001),(6199,86,86,80,80,83.03,201502160,1001),(6200,96,99,100,100,98.9,201502161,1001),(6201,77,87,100,100,91.06,201502162,1001),(6202,85,81,70,70,76.59,201502163,1001),(6203,100,99,99,99,99.26,201502164,1001),(6204,75,84,100,100,89.54,201502165,1001),(6205,73,73,70,70,71.52,201502166,1001),(6206,93,98,99,99,97.06,201503101,1011),(6207,96,99,100,100,98.9,201503102,1011),(6208,63,63,60,60,61.52,201503103,1011),(6209,89,87,80,80,83.98,201503105,1011),(6210,100,100,100,100,100,201503106,1011),(6211,75,84,100,100,89.54,201503107,1011),(6212,73,73,70,70,71.52,201503108,1011),(6213,93,98,99,99,97.06,201503110,1011),(6214,96,99,100,100,98.9,201503111,1011),(6215,63,63,60,60,61.52,201503112,1011),(6216,89,87,80,80,83.98,201503113,1011),(6217,100,100,100,100,100,201503114,1011),(6218,77,86,99,99,90.32,201503115,1011),(6219,93,98,100,100,97.65,201503116,1011),(6220,82,75,60,60,69.36,201503117,1011),(6221,73,73,80,80,76.42,201503118,1011),(6222,82,90,100,100,93.12,201503120,1011),(6223,95,99,100,100,98.35,201503121,1011),(6224,87,82,70,70,77.29,201503122,1011),(6225,77,86,99,99,90.32,201503123,1011),(6226,96,99,100,100,98.75,201503124,1011),(6227,85,76,60,60,70.46,201503125,1011),(6228,67,72,80,80,74.77,201503126,1011),(6229,76,79,80,80,78.9,201503127,1011),(6230,93,98,100,100,97.8,201503128,1011),(6231,96,98,99,99,98.01,201503129,1011),(6232,93,98,100,100,97.8,201503130,1011),(6233,65,61,60,60,61.65,201503131,1011),(6234,82,80,80,80,80.55,201503132,1011),(6235,89,97,100,100,96.7,201503133,1011),(6236,78,75,60,60,68.26,201503134,1011),(6237,74,76,80,80,77.39,201503135,1011),(6238,96,99,100,100,98.75,201503136,1011),(6239,100,100,100,100,100,201503137,1011),(6240,64,66,70,70,67.39,201503138,1011),(6241,83,90,99,99,92.93,201503139,1011),(6242,86,91,100,100,94.22,201503140,1011),(6243,80,75,60,60,68.81,201503141,1011),(6244,84,86,80,80,82.33,201503142,1011),(6245,98,100,100,100,99.45,201503143,1011),(6246,82,85,100,100,91.74,201503144,1011),(6247,71,73,70,70,70.97,201503145,1011),(6248,91,97,99,99,96.51,201503146,1011),(6249,76,84,100,100,90.09,201503147,1011),(6250,71,68,60,60,64.68,201503148,1011),(6251,87,87,80,80,83.58,201503149,1011),(6252,98,100,100,100,99.45,201503150,1011),(6253,77,87,100,100,91.06,201503151,1011),(6254,82,80,70,70,75.5,201503152,1011),(6255,96,99,99,99,98.16,201503153,1011),(6256,75,84,100,100,89.54,201503154,1011),(6257,69,67,60,60,64.13,201503155,1011),(6258,86,86,80,80,83.03,201503156,1011),(6259,96,99,100,100,98.9,201503157,1011),(6260,77,87,100,100,91.06,201503158,1011),(6261,85,81,70,70,76.59,201503159,1011),(6262,100,99,99,99,99.26,201503160,1011),(6263,75,84,100,100,89.54,201503161,1011),(6264,69,67,60,60,64.13,201503162,1011),(6265,86,86,80,80,83.03,201503163,1011),(6266,96,99,100,100,98.9,201503164,1011),(6267,77,87,100,100,91.06,201503165,1011),(6268,85,81,70,70,76.59,201503166,1011),(6269,100,99,99,99,99.26,201504101,1021),(6270,75,84,100,100,89.54,201504102,1021),(6271,73,73,70,70,71.52,201504103,1021),(6272,93,98,99,99,97.06,201504104,1021),(6273,96,99,100,100,98.9,201504105,1021),(6274,63,63,60,60,61.52,201504107,1021),(6275,89,87,80,80,83.98,201504108,1021),(6276,100,100,100,100,100,201504109,1021),(6277,75,84,100,100,89.54,201504110,1021),(6278,73,73,70,70,71.52,201504112,1021),(6279,93,98,99,99,97.06,201504113,1021),(6280,96,99,100,100,98.9,201504114,1021),(6281,63,63,60,60,61.52,201504115,1021),(6282,89,87,80,80,83.98,201504116,1021),(6283,100,100,100,100,100,201504117,1021),(6284,77,87,100,100,91.06,201504118,1021),(6285,82,80,70,70,75.5,201504119,1021),(6286,96,99,99,99,98.16,201504120,1021),(6287,80,85,100,100,91.19,201504121,1021),(6288,67,67,60,60,63.58,201504122,1021),(6289,87,87,80,80,83.58,201504123,1021),(6290,98,100,100,100,99.45,201504124,1021),(6291,77,87,100,100,91.06,201504125,1021),(6292,85,81,70,70,76.59,201504126,1021),(6293,100,99,99,99,99.26,201504127,1021),(6294,75,84,100,100,89.54,201504128,1021),(6295,69,67,60,60,64.13,201504129,1021),(6296,86,86,80,80,83.03,201504130,1021),(6297,96,99,100,100,98.9,201504131,1021),(6298,77,87,100,100,91.06,201504132,1021),(6299,85,81,70,70,76.59,201504133,1021),(6300,100,99,99,99,99.26,201504134,1021),(6301,75,84,100,100,89.54,201504135,1021),(6302,73,73,70,70,71.52,201504136,1021),(6303,93,98,99,99,97.06,201504137,1021),(6304,96,99,100,100,98.9,201504139,1021),(6305,63,63,60,60,61.52,201504140,1021),(6306,89,87,80,80,83.98,201504141,1021),(6307,100,100,100,100,100,201504142,1021),(6308,75,84,100,100,89.54,201504143,1021),(6309,73,73,70,70,71.52,201504144,1021),(6310,93,98,99,99,97.06,201504145,1021),(6311,96,99,100,100,98.9,201504146,1021),(6312,63,63,60,60,61.52,201504147,1021),(6313,89,87,80,80,83.98,201504148,1021),(6314,100,100,100,100,100,201504149,1021),(6315,77,86,99,99,90.32,201504150,1021),(6316,93,98,100,100,97.65,201504151,1021),(6317,82,75,60,60,69.36,201504152,1021),(6318,73,73,80,80,76.42,201504153,1021),(6319,82,90,100,100,93.12,201504154,1021),(6320,95,99,100,100,98.35,201504157,1021),(6321,87,82,70,70,77.29,201504158,1021),(6322,77,86,99,99,90.32,201504159,1021),(6323,96,99,100,100,98.75,201504160,1021),(6324,85,76,60,60,70.46,201504161,1021),(6325,67,72,80,80,74.77,201504162,1021),(6326,76,79,80,80,78.9,201504163,1021),(6327,93,98,100,100,97.8,201504164,1021),(6328,96,98,99,99,98.01,201504165,1021),(6329,93,98,100,100,97.8,201504166,1021),(6330,65,61,60,60,61.65,201504167,1021),(6331,82,80,80,80,80.55,201505168,1031),(6332,89,97,100,100,96.7,201505169,1031),(6333,78,75,60,60,68.26,201505170,1031),(6334,74,76,80,80,77.39,201505171,1031),(6335,96,99,100,100,98.75,201505172,1031),(6336,100,100,100,100,100,201505173,1031),(6337,64,66,70,70,67.39,201505174,1031),(6338,83,90,99,99,92.93,201505176,1031),(6339,86,91,100,100,94.22,201505177,1031),(6340,80,75,60,60,68.81,201505178,1031),(6341,84,86,80,80,82.33,201505179,1031),(6342,98,100,100,100,99.45,201505180,1031),(6343,82,85,100,100,91.74,201505181,1031),(6344,71,73,70,70,70.97,201505182,1031),(6345,91,97,99,99,96.51,201505183,1031),(6346,76,84,100,100,90.09,201505184,1031),(6347,71,68,60,60,64.68,201505185,1031),(6348,87,87,80,80,83.58,201505187,1031),(6349,98,100,100,100,99.45,201505188,1031),(6350,77,87,100,100,91.06,201505189,1031),(6351,82,80,70,70,75.5,201505190,1031),(6352,96,99,99,99,98.16,201505191,1031),(6353,75,84,100,100,89.54,201505192,1031),(6354,69,67,60,60,64.13,201505193,1031),(6355,86,86,80,80,83.03,201505194,1031),(6356,96,99,100,100,98.9,201505195,1031),(6357,77,87,100,100,91.06,201505196,1031),(6358,85,81,70,70,76.59,201505197,1031),(6359,100,99,99,99,99.26,201505198,1031),(6360,75,84,100,100,89.54,201505199,1031),(6361,69,67,60,60,64.13,201505200,1031),(6362,86,86,80,80,83.03,201505201,1031),(6363,96,99,100,100,98.9,201505202,1031),(6364,77,87,100,100,91.06,201505203,1031),(6365,85,81,70,70,76.59,201505204,1031),(6366,100,99,99,99,99.26,201505205,1031),(6367,75,84,100,100,89.54,201505206,1031),(6368,73,73,70,70,71.52,201505207,1031),(6369,93,98,99,99,97.06,201505208,1031),(6370,96,99,100,100,98.9,201505209,1031),(6371,63,63,60,60,61.52,201505210,1031),(6372,89,87,80,80,83.98,201505211,1031),(6373,100,100,100,100,100,201505212,1031),(6374,75,84,100,100,89.54,201505213,1031),(6375,73,73,70,70,71.52,201505214,1031),(6376,93,98,99,99,97.06,201505215,1031),(6377,96,99,100,100,98.9,201505216,1031),(6378,63,63,60,60,61.52,201505217,1031),(6379,89,87,80,80,83.98,201505218,1031),(6380,100,100,100,100,100,201505219,1031),(6381,77,87,100,100,91.06,201505220,1031),(6382,82,80,70,70,75.5,201505221,1031),(6383,96,99,99,99,98.16,201505222,1031),(6384,80,85,100,100,91.19,201505223,1031),(6385,67,67,60,60,63.58,201505224,1031),(6386,87,87,80,80,83.58,201505225,1031),(6387,98,100,100,100,99.45,201505226,1031),(6388,77,87,100,100,91.06,201505228,1031),(6389,85,81,70,70,76.59,201505229,1031),(6390,100,99,99,99,99.26,201505230,1031),(6391,86,91,100,100,94.22,201505231,1031),(6392,80,75,60,60,68.81,201505232,1031),(6393,84,86,80,80,82.33,201506104,1041),(6394,98,100,100,100,99.45,201506105,1041),(6395,82,85,100,100,91.74,201506106,1041),(6396,71,73,70,70,70.97,201506107,1041),(6397,91,97,99,99,96.51,201506109,1041),(6398,76,84,100,100,90.09,201506110,1041),(6399,71,68,60,60,64.68,201506111,1041),(6400,87,87,80,80,83.58,201506112,1041),(6401,98,100,100,100,99.45,201506113,1041),(6402,77,87,100,100,91.06,201506114,1041),(6403,82,80,70,70,75.5,201506115,1041),(6404,96,99,99,99,98.16,201506116,1041),(6405,75,84,100,100,89.54,201506117,1041),(6406,69,67,60,60,64.13,201506118,1041),(6407,86,86,80,80,83.03,201506119,1041),(6408,96,99,100,100,98.9,201506120,1041),(6409,77,87,100,100,91.06,201506121,1041),(6410,85,81,70,70,76.59,201506122,1041),(6411,100,99,99,99,99.26,201506123,1041),(6412,75,84,100,100,89.54,201506124,1041),(6413,69,67,60,60,64.13,201506125,1041),(6414,86,86,80,80,83.03,201506126,1041),(6415,96,99,100,100,98.9,201506127,1041),(6416,77,87,100,100,91.06,201506128,1041),(6417,85,81,70,70,76.59,201506129,1041),(6418,100,99,99,99,99.26,201506130,1041),(6419,75,84,100,100,89.54,201506131,1041),(6420,73,73,70,70,71.52,201506132,1041),(6421,93,98,99,99,97.06,201506133,1041),(6422,96,99,100,100,98.9,201506134,1041),(6423,63,63,60,60,61.52,201506135,1041),(6424,89,87,80,80,83.98,201506136,1041),(6425,100,100,100,100,100,201506137,1041),(6426,75,84,100,100,89.54,201506138,1041),(6427,73,73,70,70,71.52,201506139,1041),(6428,93,98,99,99,97.06,201506141,1041),(6429,96,99,100,100,98.9,201506142,1041),(6430,63,63,60,60,61.52,201506143,1041),(6431,89,87,80,80,83.98,201506144,1041),(6432,100,100,100,100,100,201506145,1041),(6433,77,87,100,100,91.06,201506147,1041),(6434,82,80,70,70,75.5,201506148,1041),(6435,96,99,99,99,98.16,201506149,1041),(6436,80,85,100,100,91.19,201506150,1041),(6437,67,67,60,60,63.58,201506151,1041),(6438,87,87,80,80,83.58,201506152,1041),(6439,98,100,100,100,99.45,201506153,1041),(6440,77,87,100,100,91.06,201506154,1041),(6441,85,81,70,70,76.59,201506155,1041),(6442,100,99,99,99,99.26,201506156,1041),(6443,75,84,100,100,89.54,201506157,1041),(6444,69,67,60,60,64.13,201506158,1041),(6445,86,86,80,80,83.03,201506160,1041),(6446,96,99,100,100,98.9,201506161,1041),(6447,77,87,100,100,91.06,201506162,1041),(6448,85,81,70,70,76.59,201506163,1041),(6449,100,99,99,99,99.26,201506164,1041),(6450,75,84,100,100,89.54,201506165,1041),(6451,73,73,70,70,71.52,201506166,1041),(6452,93,98,99,99,97.06,201502101,1002),(6453,96,99,100,100,98.9,201502102,1002),(6454,63,63,60,60,61.52,201502103,1002),(6455,89,87,80,80,83.98,201502104,1002),(6456,100,100,100,100,100,201502105,1002),(6457,75,84,100,100,89.54,201502106,1002),(6458,73,73,70,70,71.52,201502107,1002),(6459,93,98,99,99,97.06,201502108,1002),(6460,96,99,100,100,98.9,201502110,1002),(6461,63,63,60,60,61.52,201502111,1002),(6462,89,87,80,80,83.98,201502112,1002),(6463,100,100,100,100,100,201502113,1002),(6464,77,86,99,99,90.32,201502114,1002),(6465,93,98,100,100,97.65,201502116,1002),(6466,82,75,60,60,69.36,201502117,1002),(6467,73,73,80,80,76.42,201502118,1002),(6468,82,90,100,100,93.12,201502119,1002),(6469,95,99,100,100,98.35,201502121,1002),(6470,87,82,70,70,77.29,201502122,1002),(6471,77,86,99,99,90.32,201502123,1002),(6472,96,99,100,100,98.75,201502125,1002),(6473,85,76,60,60,70.46,201502126,1002),(6474,67,72,80,80,74.77,201502127,1002),(6475,76,79,80,80,78.9,201502129,1002),(6476,93,98,100,100,97.8,201502130,1002),(6477,96,98,99,99,98.01,201502131,1002),(6478,93,98,100,100,97.8,201502132,1002),(6479,65,61,60,60,61.65,201502133,1002),(6480,82,80,80,80,80.55,201502134,1002),(6481,89,97,100,100,96.7,201502135,1002),(6482,78,75,60,60,68.26,201502136,1002),(6483,74,76,80,80,77.39,201502137,1002),(6484,96,99,100,100,98.75,201502138,1002),(6485,100,100,100,100,100,201502139,1002),(6486,64,66,70,70,67.39,201502140,1002),(6487,83,90,99,99,92.93,201502141,1002),(6488,86,91,100,100,94.22,201502142,1002),(6489,80,75,60,60,68.81,201502143,1002),(6490,84,86,80,80,82.33,201502144,1002),(6491,98,100,100,100,99.45,201502145,1002),(6492,82,85,100,100,91.74,201502146,1002),(6493,71,73,70,70,70.97,201502147,1002),(6494,91,97,99,99,96.51,201502148,1002),(6495,76,84,100,100,90.09,201502149,1002),(6496,71,68,60,60,64.68,201502150,1002),(6497,87,87,80,80,83.58,201502151,1002),(6498,98,100,100,100,99.45,201502152,1002),(6499,77,87,100,100,91.06,201502153,1002),(6500,82,80,70,70,75.5,201502154,1002),(6501,96,99,99,99,98.16,201502155,1002),(6502,75,84,100,100,89.54,201502156,1002),(6503,69,67,60,60,64.13,201502157,1002),(6504,86,86,80,80,83.03,201502158,1002),(6505,96,99,100,100,98.9,201502159,1002),(6506,77,87,100,100,91.06,201502160,1002),(6507,85,81,70,70,76.59,201502161,1002),(6508,100,99,99,99,99.26,201502162,1002),(6509,75,84,100,100,89.54,201502163,1002),(6510,69,67,60,60,64.13,201502164,1002),(6511,86,86,80,80,83.03,201502165,1002),(6512,96,99,100,100,98.9,201502166,1002),(6513,77,87,100,100,91.06,201503101,1012),(6514,85,81,70,70,76.59,201503102,1012),(6515,100,99,99,99,99.26,201503103,1012),(6516,75,84,100,100,89.54,201503105,1012),(6517,73,73,70,70,71.52,201503106,1012),(6518,93,98,99,99,97.06,201503107,1012),(6519,96,99,100,100,98.9,201503108,1012),(6520,63,63,60,60,61.52,201503110,1012),(6521,89,87,80,80,83.98,201503111,1012),(6522,100,100,100,100,100,201503112,1012),(6523,75,84,100,100,89.54,201503113,1012),(6524,73,73,70,70,71.52,201503114,1012),(6525,93,98,99,99,97.06,201503115,1012),(6526,96,99,100,100,98.9,201503116,1012),(6527,63,63,60,60,61.52,201503117,1012),(6528,89,87,80,80,83.98,201503118,1012),(6529,100,100,100,100,100,201503120,1012),(6530,77,87,100,100,91.06,201503121,1012),(6531,82,80,70,70,75.5,201503122,1012),(6532,96,99,99,99,98.16,201503123,1012),(6533,80,85,100,100,91.19,201503124,1012),(6534,67,67,60,60,63.58,201503125,1012),(6535,87,87,80,80,83.58,201503126,1012),(6536,98,100,100,100,99.45,201503127,1012),(6537,77,87,100,100,91.06,201503128,1012),(6538,85,81,70,70,76.59,201503129,1012),(6539,100,99,99,99,99.26,201503130,1012),(6540,75,84,100,100,89.54,201503131,1012),(6541,69,67,60,60,64.13,201503132,1012),(6542,86,86,80,80,83.03,201503133,1012),(6543,96,99,100,100,98.9,201503134,1012),(6544,77,87,100,100,91.06,201503135,1012),(6545,85,81,70,70,76.59,201503136,1012),(6546,100,99,99,99,99.26,201503137,1012),(6547,75,84,100,100,89.54,201503138,1012),(6548,73,73,70,70,71.52,201503139,1012),(6549,93,98,99,99,97.06,201503140,1012),(6550,96,99,100,100,98.9,201503141,1012),(6551,63,63,60,60,61.52,201503142,1012),(6552,89,87,80,80,83.98,201503143,1012),(6553,100,100,100,100,100,201503144,1012),(6554,75,84,100,100,89.54,201503145,1012),(6555,73,73,70,70,71.52,201503146,1012),(6556,93,98,99,99,97.06,201503147,1012),(6557,96,99,100,100,98.9,201503148,1012),(6558,63,63,60,60,61.52,201503149,1012),(6559,89,87,80,80,83.98,201503150,1012),(6560,100,100,100,100,100,201503151,1012),(6561,77,86,99,99,90.32,201503152,1012),(6562,93,98,100,100,97.65,201503153,1012),(6563,82,75,60,60,69.36,201503154,1012),(6564,73,73,80,80,76.42,201503155,1012),(6565,82,90,100,100,93.12,201503156,1012),(6566,95,99,100,100,98.35,201503157,1012),(6567,87,82,70,70,77.29,201503158,1012),(6568,77,86,99,99,90.32,201503159,1012),(6569,96,99,100,100,98.75,201503160,1012),(6570,85,76,60,60,70.46,201503161,1012),(6571,67,72,80,80,74.77,201503162,1012),(6572,76,79,80,80,78.9,201503163,1012),(6573,93,98,100,100,97.8,201503164,1012),(6574,96,98,99,99,98.01,201503165,1012),(6575,93,98,100,100,97.8,201503166,1012),(6576,65,61,60,60,61.65,201504101,1022),(6577,82,80,80,80,80.55,201504102,1022),(6578,89,97,100,100,96.7,201504103,1022),(6579,78,75,60,60,68.26,201504104,1022),(6580,74,76,80,80,77.39,201504105,1022),(6581,96,99,100,100,98.75,201504107,1022),(6582,100,100,100,100,100,201504108,1022),(6583,64,66,70,70,67.39,201504109,1022),(6584,83,90,99,99,92.93,201504110,1022),(6585,86,91,100,100,94.22,201504112,1022),(6586,80,75,60,60,68.81,201504113,1022),(6587,84,86,80,80,82.33,201504114,1022),(6588,98,100,100,100,99.45,201504115,1022),(6589,82,85,100,100,91.74,201504116,1022),(6590,71,73,70,70,70.97,201504117,1022),(6591,91,97,99,99,96.51,201504118,1022),(6592,76,84,100,100,90.09,201504119,1022),(6593,71,68,60,60,64.68,201504120,1022),(6594,87,87,80,80,83.58,201504121,1022),(6595,98,100,100,100,99.45,201504122,1022),(6596,77,87,100,100,91.06,201504123,1022),(6597,82,80,70,70,75.5,201504124,1022),(6598,96,99,99,99,98.16,201504125,1022),(6599,75,84,100,100,89.54,201504126,1022),(6600,69,67,60,60,64.13,201504127,1022),(6601,86,86,80,80,83.03,201504128,1022),(6602,96,99,100,100,98.9,201504129,1022),(6603,77,87,100,100,91.06,201504130,1022),(6604,85,81,70,70,76.59,201504131,1022),(6605,100,99,99,99,99.26,201504132,1022),(6606,75,84,100,100,89.54,201504133,1022),(6607,69,67,60,60,64.13,201504134,1022),(6608,86,86,80,80,83.03,201504135,1022),(6609,96,99,100,100,98.9,201504136,1022),(6610,77,87,100,100,91.06,201504137,1022),(6611,85,81,70,70,76.59,201504139,1022),(6612,100,99,99,99,99.26,201504140,1022),(6613,75,84,100,100,89.54,201504141,1022),(6614,73,73,70,70,71.52,201504142,1022),(6615,93,98,99,99,97.06,201504143,1022),(6616,96,99,100,100,98.9,201504144,1022),(6617,63,63,60,60,61.52,201504145,1022),(6618,89,87,80,80,83.98,201504146,1022),(6619,100,100,100,100,100,201504147,1022),(6620,75,84,100,100,89.54,201504148,1022),(6621,73,73,70,70,71.52,201504149,1022),(6622,93,98,99,99,97.06,201504150,1022),(6623,96,99,100,100,98.9,201504151,1022),(6624,63,63,60,60,61.52,201504152,1022),(6625,89,87,80,80,83.98,201504153,1022),(6626,100,100,100,100,100,201504154,1022),(6627,77,87,100,100,91.06,201504157,1022),(6628,82,80,70,70,75.5,201504158,1022),(6629,96,99,99,99,98.16,201504159,1022),(6630,80,85,100,100,91.19,201504160,1022),(6631,67,67,60,60,63.58,201504161,1022),(6632,87,87,80,80,83.58,201504162,1022),(6633,98,100,100,100,99.45,201504163,1022),(6634,77,87,100,100,91.06,201504164,1022),(6635,85,81,70,70,76.59,201504165,1022),(6636,100,99,99,99,99.26,201504166,1022),(6637,98,100,100,100,99.45,201504167,1022),(6638,77,87,100,100,91.06,201505168,1032),(6639,85,81,70,70,76.59,201505169,1032),(6640,100,99,99,99,99.26,201505170,1032),(6641,86,91,100,100,94.22,201505171,1032),(6642,80,75,60,60,68.81,201505172,1032),(6643,84,86,80,80,82.33,201505173,1032),(6644,98,100,100,100,99.45,201505174,1032),(6645,82,85,100,100,91.74,201505176,1032),(6646,71,73,70,70,70.97,201505177,1032),(6647,91,97,99,99,96.51,201505178,1032),(6648,76,84,100,100,90.09,201505179,1032),(6649,71,68,60,60,64.68,201505180,1032),(6650,87,87,80,80,83.58,201505181,1032),(6651,98,100,100,100,99.45,201505182,1032),(6652,77,87,100,100,91.06,201505183,1032),(6653,82,80,70,70,75.5,201505184,1032),(6654,96,99,99,99,98.16,201505185,1032),(6655,75,84,100,100,89.54,201505187,1032),(6656,69,67,60,60,64.13,201505188,1032),(6657,86,86,80,80,83.03,201505189,1032),(6658,96,99,100,100,98.9,201505190,1032),(6659,77,87,100,100,91.06,201505191,1032),(6660,85,81,70,70,76.59,201505192,1032),(6661,100,99,99,99,99.26,201505193,1032),(6662,75,84,100,100,89.54,201505194,1032),(6663,69,67,60,60,64.13,201505195,1032),(6664,86,86,80,80,83.03,201505196,1032),(6665,96,99,100,100,98.9,201505197,1032),(6666,77,87,100,100,91.06,201505198,1032),(6667,85,81,70,70,76.59,201505199,1032),(6668,100,99,99,99,99.26,201505200,1032),(6669,75,84,100,100,89.54,201505201,1032),(6670,73,73,70,70,71.52,201505202,1032),(6671,93,98,99,99,97.06,201505203,1032),(6672,96,99,100,100,98.9,201505204,1032),(6673,63,63,60,60,61.52,201505205,1032),(6674,89,87,80,80,83.98,201505206,1032),(6675,100,100,100,100,100,201505207,1032),(6676,75,84,100,100,89.54,201505208,1032),(6677,73,73,70,70,71.52,201505209,1032),(6678,93,98,99,99,97.06,201505210,1032),(6679,96,99,100,100,98.9,201505211,1032),(6680,63,63,60,60,61.52,201505212,1032),(6681,89,87,80,80,83.98,201505213,1032),(6682,100,100,100,100,100,201505214,1032),(6683,77,87,100,100,91.06,201505215,1032),(6684,82,80,70,70,75.5,201505216,1032),(6685,96,99,99,99,98.16,201505217,1032),(6686,80,85,100,100,91.19,201505218,1032),(6687,67,67,60,60,63.58,201505219,1032),(6688,87,87,80,80,83.58,201505220,1032),(6689,98,100,100,100,99.45,201505221,1032),(6690,77,87,100,100,91.06,201505222,1032),(6691,85,81,70,70,76.59,201505223,1032),(6692,100,99,99,99,99.26,201505224,1032),(6693,75,84,100,100,89.54,201505225,1032),(6694,69,67,60,60,64.13,201505226,1032),(6695,86,86,80,80,83.03,201505228,1032),(6696,96,99,100,100,98.9,201505229,1032),(6697,77,87,100,100,91.06,201505230,1032),(6698,85,81,70,70,76.59,201505231,1032),(6699,100,99,99,99,99.26,201505232,1032),(6700,75,84,100,100,89.54,201506104,1042),(6701,73,73,70,70,71.52,201506105,1042),(6702,93,98,99,99,97.06,201506106,1042),(6703,96,99,100,100,98.9,201506107,1042),(6704,63,63,60,60,61.52,201506109,1042),(6705,89,87,80,80,83.98,201506110,1042),(6706,100,100,100,100,100,201506111,1042),(6707,75,84,100,100,89.54,201506112,1042),(6708,73,73,70,70,71.52,201506113,1042),(6709,93,98,99,99,97.06,201506114,1042),(6710,96,99,100,100,98.9,201506115,1042),(6711,63,63,60,60,61.52,201506116,1042),(6712,89,87,80,80,83.98,201506117,1042),(6713,100,100,100,100,100,201506118,1042),(6714,77,86,99,99,90.32,201506119,1042),(6715,93,98,100,100,97.65,201506120,1042),(6716,82,75,60,60,69.36,201506121,1042),(6717,73,73,80,80,76.42,201506122,1042),(6718,82,90,100,100,93.12,201506123,1042),(6719,95,99,100,100,98.35,201506124,1042),(6720,87,82,70,70,77.29,201506125,1042),(6721,77,86,99,99,90.32,201506126,1042),(6722,96,99,100,100,98.75,201506127,1042),(6723,85,76,60,60,70.46,201506128,1042),(6724,67,72,80,80,74.77,201506129,1042),(6725,76,79,80,80,78.9,201506130,1042),(6726,93,98,100,100,97.8,201506131,1042),(6727,96,98,99,99,98.01,201506132,1042),(6728,93,98,100,100,97.8,201506133,1042),(6729,65,61,60,60,61.65,201506134,1042),(6730,82,80,80,80,80.55,201506135,1042),(6731,89,97,100,100,96.7,201506136,1042),(6732,78,75,60,60,68.26,201506137,1042),(6733,74,76,80,80,77.39,201506138,1042),(6734,96,99,100,100,98.75,201506139,1042),(6735,100,100,100,100,100,201506141,1042),(6736,64,66,70,70,67.39,201506142,1042),(6737,83,90,99,99,92.93,201506143,1042),(6738,86,91,100,100,94.22,201506144,1042),(6739,80,75,60,60,68.81,201506145,1042),(6740,84,86,80,80,82.33,201506147,1042),(6741,98,100,100,100,99.45,201506148,1042),(6742,82,85,100,100,91.74,201506149,1042),(6743,71,73,70,70,70.97,201506150,1042),(6744,91,97,99,99,96.51,201506151,1042),(6745,76,84,100,100,90.09,201506152,1042),(6746,71,68,60,60,64.68,201506153,1042),(6747,87,87,80,80,83.58,201506154,1042),(6748,98,100,100,100,99.45,201506155,1042),(6749,77,87,100,100,91.06,201506156,1042),(6750,82,80,70,70,75.5,201506157,1042),(6751,96,99,99,99,98.16,201506158,1042),(6752,75,84,100,100,89.54,201506160,1042),(6753,69,67,60,60,64.13,201506161,1042),(6754,86,86,80,80,83.03,201506162,1042),(6755,96,99,100,100,98.9,201506163,1042),(6756,77,87,100,100,91.06,201506164,1042),(6757,85,81,70,70,76.59,201506165,1042),(6758,100,99,99,99,99.26,201506166,1042),(6759,75,84,100,100,89.54,201502101,1003),(6760,69,67,60,60,64.13,201502102,1003),(6761,86,86,80,80,83.03,201502103,1003),(6762,96,99,100,100,98.9,201502104,1003),(6763,77,87,100,100,91.06,201502105,1003),(6764,85,81,70,70,76.59,201502106,1003),(6765,100,99,99,99,99.26,201502107,1003),(6766,75,84,100,100,89.54,201502108,1003),(6767,73,73,70,70,71.52,201502110,1003),(6768,93,98,99,99,97.06,201502111,1003),(6769,96,99,100,100,98.9,201502112,1003),(6770,63,63,60,60,61.52,201502113,1003),(6771,89,87,80,80,83.98,201502114,1003),(6772,100,100,100,100,100,201502116,1003),(6773,75,84,100,100,89.54,201502117,1003),(6774,73,73,70,70,71.52,201502118,1003),(6775,93,98,99,99,97.06,201502119,1003),(6776,96,99,100,100,98.9,201502121,1003),(6777,63,63,60,60,61.52,201502122,1003),(6778,89,87,80,80,83.98,201502123,1003),(6779,100,100,100,100,100,201502125,1003),(6780,77,87,100,100,91.06,201502126,1003),(6781,82,80,70,70,75.5,201502127,1003),(6782,96,99,99,99,98.16,201502129,1003),(6783,80,85,100,100,91.19,201502130,1003),(6784,67,67,60,60,63.58,201502131,1003),(6785,87,87,80,80,83.58,201502132,1003),(6786,98,100,100,100,99.45,201502133,1003),(6787,77,87,100,100,91.06,201502134,1003),(6788,85,81,70,70,76.59,201502135,1003),(6789,100,99,99,99,99.26,201502136,1003),(6790,75,84,100,100,89.54,201502137,1003),(6791,69,67,60,60,64.13,201502138,1003),(6792,86,86,80,80,83.03,201502139,1003),(6793,96,99,100,100,98.9,201502140,1003),(6794,77,87,100,100,91.06,201502141,1003),(6795,85,81,70,70,76.59,201502142,1003),(6796,100,99,99,99,99.26,201502143,1003),(6797,75,84,100,100,89.54,201502144,1003),(6798,73,73,70,70,71.52,201502145,1003),(6799,93,98,99,99,97.06,201502146,1003),(6800,96,99,100,100,98.9,201502147,1003),(6801,63,63,60,60,61.52,201502148,1003),(6802,89,87,80,80,83.98,201502149,1003),(6803,100,100,100,100,100,201502150,1003),(6804,75,84,100,100,89.54,201502151,1003),(6805,73,73,70,70,71.52,201502152,1003),(6806,93,98,99,99,97.06,201502153,1003),(6807,96,99,100,100,98.9,201502154,1003),(6808,63,63,60,60,61.52,201502155,1003),(6809,89,87,80,80,83.98,201502156,1003),(6810,100,100,100,100,100,201502157,1003),(6811,77,86,99,99,90.32,201502158,1003),(6812,93,98,100,100,97.65,201502159,1003),(6813,82,75,60,60,69.36,201502160,1003),(6814,73,73,80,80,76.42,201502161,1003),(6815,82,90,100,100,93.12,201502162,1003),(6816,95,99,100,100,98.35,201502163,1003),(6817,87,82,70,70,77.29,201502164,1003),(6818,77,86,99,99,90.32,201502165,1003),(6819,96,99,100,100,98.75,201502166,1003),(6820,85,76,60,60,70.46,201503101,1013),(6821,67,72,80,80,74.77,201503102,1013),(6822,76,79,80,80,78.9,201503103,1013),(6823,93,98,100,100,97.8,201503105,1013),(6824,96,98,99,99,98.01,201503106,1013),(6825,93,98,100,100,97.8,201503107,1013),(6826,65,61,60,60,61.65,201503108,1013),(6827,82,80,80,80,80.55,201503110,1013),(6828,89,97,100,100,96.7,201503111,1013),(6829,78,75,60,60,68.26,201503112,1013),(6830,74,76,80,80,77.39,201503113,1013),(6831,96,99,100,100,98.75,201503114,1013),(6832,100,100,100,100,100,201503115,1013),(6833,64,66,70,70,67.39,201503116,1013),(6834,83,90,99,99,92.93,201503117,1013),(6835,86,91,100,100,94.22,201503118,1013),(6836,80,75,60,60,68.81,201503120,1013),(6837,84,86,80,80,82.33,201503121,1013),(6838,98,100,100,100,99.45,201503122,1013),(6839,82,85,100,100,91.74,201503123,1013),(6840,71,73,70,70,70.97,201503124,1013),(6841,91,97,99,99,96.51,201503125,1013),(6842,76,84,100,100,90.09,201503126,1013),(6843,71,68,60,60,64.68,201503127,1013),(6844,87,87,80,80,83.58,201503128,1013),(6845,98,100,100,100,99.45,201503129,1013),(6846,77,87,100,100,91.06,201503130,1013),(6847,82,80,70,70,75.5,201503131,1013),(6848,96,99,99,99,98.16,201503132,1013),(6849,75,84,100,100,89.54,201503133,1013),(6850,69,67,60,60,64.13,201503134,1013),(6851,86,86,80,80,83.03,201503135,1013),(6852,96,99,100,100,98.9,201503136,1013),(6853,77,87,100,100,91.06,201503137,1013),(6854,85,81,70,70,76.59,201503138,1013),(6855,100,99,99,99,99.26,201503139,1013),(6856,75,84,100,100,89.54,201503140,1013),(6857,69,67,60,60,64.13,201503141,1013),(6858,86,86,80,80,83.03,201503142,1013),(6859,96,99,100,100,98.9,201503143,1013),(6860,77,87,100,100,91.06,201503144,1013),(6861,85,81,70,70,76.59,201503145,1013),(6862,100,99,99,99,99.26,201503146,1013),(6863,75,84,100,100,89.54,201503147,1013),(6864,73,73,70,70,71.52,201503148,1013),(6865,93,98,99,99,97.06,201503149,1013),(6866,96,99,100,100,98.9,201503150,1013),(6867,63,63,60,60,61.52,201503151,1013),(6868,89,87,80,80,83.98,201503152,1013),(6869,100,100,100,100,100,201503153,1013),(6870,75,84,100,100,89.54,201503154,1013),(6871,73,73,70,70,71.52,201503155,1013),(6872,93,98,99,99,97.06,201503156,1013),(6873,96,99,100,100,98.9,201503157,1013),(6874,63,63,60,60,61.52,201503158,1013),(6875,89,87,80,80,83.98,201503159,1013),(6876,100,100,100,100,100,201503160,1013),(6877,77,87,100,100,91.06,201503161,1013),(6878,82,80,70,70,75.5,201503162,1013),(6879,96,99,99,99,98.16,201503163,1013),(6880,80,85,100,100,91.19,201503164,1013),(6881,67,67,60,60,63.58,201503165,1013),(6882,87,87,80,80,83.58,201503166,1013),(6883,98,100,100,100,99.45,201504101,1023),(6884,77,87,100,100,91.06,201504102,1023),(6885,85,81,70,70,76.59,201504103,1023),(6886,100,99,99,99,99.26,201504104,1023),(6887,86,91,100,100,94.22,201504105,1023),(6888,80,75,60,60,68.81,201504107,1023),(6889,84,86,80,80,82.33,201504108,1023),(6890,98,100,100,100,99.45,201504109,1023),(6891,82,85,100,100,91.74,201504110,1023),(6892,71,73,70,70,70.97,201504112,1023),(6893,91,97,99,99,96.51,201504113,1023),(6894,76,84,100,100,90.09,201504114,1023),(6895,71,68,60,60,64.68,201504115,1023),(6896,87,87,80,80,83.58,201504116,1023),(6897,98,100,100,100,99.45,201504117,1023),(6898,77,87,100,100,91.06,201504118,1023),(6899,82,80,70,70,75.5,201504119,1023),(6900,96,99,99,99,98.16,201504120,1023),(6901,75,84,100,100,89.54,201504121,1023),(6902,69,67,60,60,64.13,201504122,1023),(6903,86,86,80,80,83.03,201504123,1023),(6904,96,99,100,100,98.9,201504124,1023),(6905,77,87,100,100,91.06,201504125,1023),(6906,85,81,70,70,76.59,201504126,1023),(6907,100,99,99,99,99.26,201504127,1023),(6908,75,84,100,100,89.54,201504128,1023),(6909,69,67,60,60,64.13,201504129,1023),(6910,86,86,80,80,83.03,201504130,1023),(6911,96,99,100,100,98.9,201504131,1023),(6912,77,87,100,100,91.06,201504132,1023),(6913,85,81,70,70,76.59,201504133,1023),(6914,100,99,99,99,99.26,201504134,1023),(6915,75,84,100,100,89.54,201504135,1023),(6916,73,73,70,70,71.52,201504136,1023),(6917,93,98,99,99,97.06,201504137,1023),(6918,96,99,100,100,98.9,201504139,1023),(6919,63,63,60,60,61.52,201504140,1023),(6920,89,87,80,80,83.98,201504141,1023),(6921,100,100,100,100,100,201504142,1023),(6922,75,84,100,100,89.54,201504143,1023),(6923,73,73,70,70,71.52,201504144,1023),(6924,93,98,99,99,97.06,201504145,1023),(6925,96,99,100,100,98.9,201504146,1023),(6926,63,63,60,60,61.52,201504147,1023),(6927,89,87,80,80,83.98,201504148,1023),(6928,100,100,100,100,100,201504149,1023),(6929,77,87,100,100,91.06,201504150,1023),(6930,82,80,70,70,75.5,201504151,1023),(6931,96,99,99,99,98.16,201504152,1023),(6932,80,85,100,100,91.19,201504153,1023),(6933,67,67,60,60,63.58,201504154,1023),(6934,87,87,80,80,83.58,201504157,1023),(6935,98,100,100,100,99.45,201504158,1023),(6936,77,87,100,100,91.06,201504159,1023),(6937,85,81,70,70,76.59,201504160,1023),(6938,100,99,99,99,99.26,201504161,1023),(6939,75,84,100,100,89.54,201504162,1023),(6940,69,67,60,60,64.13,201504163,1023),(6941,86,86,80,80,83.03,201504164,1023),(6942,96,99,100,100,98.9,201504165,1023),(6943,77,87,100,100,91.06,201504166,1023),(6944,85,81,70,70,76.59,201504167,1023),(6945,100,99,99,99,99.26,201505168,1033),(6946,75,84,100,100,89.54,201505169,1033),(6947,73,73,70,70,71.52,201505170,1033),(6948,93,98,99,99,97.06,201505171,1033),(6949,96,99,100,100,98.9,201505172,1033),(6950,63,63,60,60,61.52,201505173,1033),(6951,89,87,80,80,83.98,201505174,1033),(6952,100,100,100,100,100,201505176,1033),(6953,75,84,100,100,89.54,201505177,1033),(6954,73,73,70,70,71.52,201505178,1033),(6955,93,98,99,99,97.06,201505179,1033),(6956,96,99,100,100,98.9,201505180,1033),(6957,63,63,60,60,61.52,201505181,1033),(6958,89,87,80,80,83.98,201505182,1033),(6959,100,100,100,100,100,201505183,1033),(6960,77,86,99,99,90.32,201505184,1033),(6961,93,98,100,100,97.65,201505185,1033),(6962,82,75,60,60,69.36,201505187,1033),(6963,73,73,80,80,76.42,201505188,1033),(6964,82,90,100,100,93.12,201505189,1033),(6965,95,99,100,100,98.35,201505190,1033),(6966,87,82,70,70,77.29,201505191,1033),(6967,77,86,99,99,90.32,201505192,1033),(6968,96,99,100,100,98.75,201505193,1033),(6969,85,76,60,60,70.46,201505194,1033),(6970,67,72,80,80,74.77,201505195,1033),(6971,76,79,80,80,78.9,201505196,1033),(6972,93,98,100,100,97.8,201505197,1033),(6973,96,98,99,99,98.01,201505198,1033),(6974,93,98,100,100,97.8,201505199,1033),(6975,65,61,60,60,61.65,201505200,1033),(6976,82,80,80,80,80.55,201505201,1033),(6977,89,97,100,100,96.7,201505202,1033),(6978,78,75,60,60,68.26,201505203,1033),(6979,74,76,80,80,77.39,201505204,1033),(6980,96,99,100,100,98.75,201505205,1033),(6981,100,100,100,100,100,201505206,1033),(6982,64,66,70,70,67.39,201505207,1033),(6983,83,90,99,99,92.93,201505208,1033),(6984,86,91,100,100,94.22,201505209,1033),(6985,80,75,60,60,68.81,201505210,1033),(6986,84,86,80,80,82.33,201505211,1033),(6987,98,100,100,100,99.45,201505212,1033),(6988,82,85,100,100,91.74,201505213,1033),(6989,71,73,70,70,70.97,201505214,1033),(6990,91,97,99,99,96.51,201505215,1033),(6991,76,84,100,100,90.09,201505216,1033),(6992,71,68,60,60,64.68,201505217,1033),(6993,87,87,80,80,83.58,201505218,1033),(6994,98,100,100,100,99.45,201505219,1033),(6995,77,87,100,100,91.06,201505220,1033),(6996,82,80,70,70,75.5,201505221,1033),(6997,96,99,99,99,98.16,201505222,1033),(6998,75,84,100,100,89.54,201505223,1033),(6999,69,67,60,60,64.13,201505224,1033),(7000,86,86,80,80,83.03,201505225,1033),(7001,96,99,100,100,98.9,201505226,1033),(7002,77,87,100,100,91.06,201505228,1033),(7003,85,81,70,70,76.59,201505229,1033),(7004,100,99,99,99,99.26,201505230,1033),(7005,75,84,100,100,89.54,201505231,1033),(7006,69,67,60,60,64.13,201505232,1033),(7007,86,86,80,80,83.03,201506104,1043),(7008,96,99,100,100,98.9,201506105,1043),(7009,77,87,100,100,91.06,201506106,1043),(7010,85,81,70,70,76.59,201506107,1043),(7011,100,99,99,99,99.26,201506109,1043),(7012,75,84,100,100,89.54,201506110,1043),(7013,73,73,70,70,71.52,201506111,1043),(7014,93,98,99,99,97.06,201506112,1043),(7015,96,99,100,100,98.9,201506113,1043),(7016,63,63,60,60,61.52,201506114,1043),(7017,89,87,80,80,83.98,201506115,1043),(7018,100,100,100,100,100,201506116,1043),(7019,75,84,100,100,89.54,201506117,1043),(7020,73,73,70,70,71.52,201506118,1043),(7021,93,98,99,99,97.06,201506119,1043),(7022,96,99,100,100,98.9,201506120,1043),(7023,63,63,60,60,61.52,201506121,1043),(7024,89,87,80,80,83.98,201506122,1043),(7025,100,100,100,100,100,201506123,1043),(7026,77,87,100,100,91.06,201506124,1043),(7027,82,80,70,70,75.5,201506125,1043),(7028,96,99,99,99,98.16,201506126,1043),(7029,80,85,100,100,91.19,201506127,1043),(7030,67,67,60,60,63.58,201506128,1043),(7031,87,87,80,80,83.58,201506129,1043),(7032,98,100,100,100,99.45,201506130,1043),(7033,77,87,100,100,91.06,201506131,1043),(7034,85,81,70,70,76.59,201506132,1043),(7035,100,99,99,99,99.26,201506133,1043),(7036,75,84,100,100,89.54,201506134,1043),(7037,69,67,60,60,64.13,201506135,1043),(7038,86,86,80,80,83.03,201506136,1043),(7039,96,99,100,100,98.9,201506137,1043),(7040,77,87,100,100,91.06,201506138,1043),(7041,85,81,70,70,76.59,201506139,1043),(7042,100,99,99,99,99.26,201506141,1043),(7043,75,84,100,100,89.54,201506142,1043),(7044,73,73,70,70,71.52,201506143,1043),(7045,93,98,99,99,97.06,201506144,1043),(7046,96,99,100,100,98.9,201506145,1043),(7047,63,63,60,60,61.52,201506147,1043),(7048,89,87,80,80,83.98,201506148,1043),(7049,100,100,100,100,100,201506149,1043),(7050,75,84,100,100,89.54,201506150,1043),(7051,73,73,70,70,71.52,201506151,1043),(7052,93,98,99,99,97.06,201506152,1043),(7053,96,99,100,100,98.9,201506153,1043),(7054,63,63,60,60,61.52,201506154,1043),(7055,89,87,80,80,83.98,201506155,1043),(7056,100,100,100,100,100,201506156,1043),(7057,77,86,99,99,90.32,201506157,1043),(7058,93,98,100,100,97.65,201506158,1043),(7059,82,75,60,60,69.36,201506160,1043),(7060,73,73,80,80,76.42,201506161,1043),(7061,82,90,100,100,93.12,201506162,1043),(7062,95,99,100,100,98.35,201506163,1043),(7063,87,82,70,70,77.29,201506164,1043),(7064,77,86,99,99,90.32,201506165,1043),(7065,96,99,100,100,98.75,201506166,1043),(7066,85,76,60,60,70.46,201502101,1004),(7067,67,72,80,80,74.77,201502102,1004),(7068,76,79,80,80,78.9,201502103,1004),(7069,93,98,100,100,97.8,201502104,1004),(7070,96,98,99,99,98.01,201502105,1004),(7071,93,98,100,100,97.8,201502106,1004),(7072,65,61,60,60,61.65,201502107,1004),(7073,82,80,80,80,80.55,201502108,1004),(7074,89,97,100,100,96.7,201502110,1004),(7075,78,75,60,60,68.26,201502111,1004),(7076,74,76,80,80,77.39,201502112,1004),(7077,96,99,100,100,98.75,201502113,1004),(7078,100,100,100,100,100,201502114,1004),(7079,64,66,70,70,67.39,201502116,1004),(7080,83,90,99,99,92.93,201502117,1004),(7081,86,91,100,100,94.22,201502118,1004),(7082,80,75,60,60,68.81,201502119,1004),(7083,84,86,80,80,82.33,201502121,1004),(7084,98,100,100,100,99.45,201502122,1004),(7085,82,85,100,100,91.74,201502123,1004),(7086,71,73,70,70,70.97,201502125,1004),(7087,91,97,99,99,96.51,201502126,1004),(7088,76,84,100,100,90.09,201502127,1004),(7089,71,68,60,60,64.68,201502129,1004),(7090,87,87,80,80,83.58,201502130,1004),(7091,98,100,100,100,99.45,201502131,1004),(7092,77,87,100,100,91.06,201502132,1004),(7093,82,80,70,70,75.5,201502133,1004),(7094,96,99,99,99,98.16,201502134,1004),(7095,75,84,100,100,89.54,201502135,1004),(7096,69,67,60,60,64.13,201502136,1004),(7097,86,86,80,80,83.03,201502137,1004),(7098,96,99,100,100,98.9,201502138,1004),(7099,77,87,100,100,91.06,201502139,1004),(7100,85,81,70,70,76.59,201502140,1004),(7101,100,99,99,99,99.26,201502141,1004),(7102,75,84,100,100,89.54,201502142,1004),(7103,69,67,60,60,64.13,201502143,1004),(7104,86,86,80,80,83.03,201502144,1004),(7105,96,99,100,100,98.9,201502145,1004),(7106,77,87,100,100,91.06,201502146,1004),(7107,85,81,70,70,76.59,201502147,1004),(7108,100,99,99,99,99.26,201502148,1004),(7109,75,84,100,100,89.54,201502149,1004),(7110,73,73,70,70,71.52,201502150,1004),(7111,93,98,99,99,97.06,201502151,1004),(7112,96,99,100,100,98.9,201502152,1004),(7113,63,63,60,60,61.52,201502153,1004),(7114,89,87,80,80,83.98,201502154,1004),(7115,100,100,100,100,100,201502155,1004),(7116,75,84,100,100,89.54,201502156,1004),(7117,73,73,70,70,71.52,201502157,1004),(7118,93,98,99,99,97.06,201502158,1004),(7119,96,99,100,100,98.9,201502159,1004),(7120,63,63,60,60,61.52,201502160,1004),(7121,89,87,80,80,83.98,201502161,1004),(7122,100,100,100,100,100,201502162,1004),(7123,77,87,100,100,91.06,201502163,1004),(7124,82,80,70,70,75.5,201502164,1004),(7125,96,99,99,99,98.16,201502165,1004),(7126,80,85,100,100,91.19,201502166,1004),(7127,67,67,60,60,63.58,201503101,1014),(7128,87,87,80,80,83.58,201503102,1014),(7129,98,100,100,100,99.45,201503103,1014),(7130,77,87,100,100,91.06,201503105,1014),(7131,85,81,70,70,76.59,201503106,1014),(7132,100,99,99,99,99.26,201503107,1014),(7133,86,91,100,100,94.22,201503108,1014),(7134,80,75,60,60,68.81,201503110,1014),(7135,84,86,80,80,82.33,201503111,1014),(7136,98,100,100,100,99.45,201503112,1014),(7137,82,85,100,100,91.74,201503113,1014),(7138,71,73,70,70,70.97,201503114,1014),(7139,91,97,99,99,96.51,201503115,1014),(7140,76,84,100,100,90.09,201503116,1014),(7141,71,68,60,60,64.68,201503117,1014),(7142,87,87,80,80,83.58,201503118,1014),(7143,98,100,100,100,99.45,201503120,1014),(7144,77,87,100,100,91.06,201503121,1014),(7145,82,80,70,70,75.5,201503122,1014),(7146,96,99,99,99,98.16,201503123,1014),(7147,75,84,100,100,89.54,201503124,1014),(7148,69,67,60,60,64.13,201503125,1014),(7149,86,86,80,80,83.03,201503126,1014),(7150,96,99,100,100,98.9,201503127,1014),(7151,77,87,100,100,91.06,201503128,1014),(7152,85,81,70,70,76.59,201503129,1014),(7153,100,99,99,99,99.26,201503130,1014),(7154,75,84,100,100,89.54,201503131,1014),(7155,69,67,60,60,64.13,201503132,1014),(7156,86,86,80,80,83.03,201503133,1014),(7157,96,99,100,100,98.9,201503134,1014),(7158,77,87,100,100,91.06,201503135,1014),(7159,85,81,70,70,76.59,201503136,1014),(7160,100,99,99,99,99.26,201503137,1014),(7161,75,84,100,100,89.54,201503138,1014),(7162,73,73,70,70,71.52,201503139,1014),(7163,93,98,99,99,97.06,201503140,1014),(7164,96,99,100,100,98.9,201503141,1014),(7165,63,63,60,60,61.52,201503142,1014),(7166,89,87,80,80,83.98,201503143,1014),(7167,100,100,100,100,100,201503144,1014),(7168,75,84,100,100,89.54,201503145,1014),(7169,73,73,70,70,71.52,201503146,1014),(7170,93,98,99,99,97.06,201503147,1014),(7171,96,99,100,100,98.9,201503148,1014),(7172,63,63,60,60,61.52,201503149,1014),(7173,89,87,80,80,83.98,201503150,1014),(7174,100,100,100,100,100,201503151,1014),(7175,77,87,100,100,91.06,201503152,1014),(7176,82,80,70,70,75.5,201503153,1014),(7177,96,99,99,99,98.16,201503154,1014),(7178,80,85,100,100,91.19,201503155,1014),(7179,67,67,60,60,63.58,201503156,1014),(7180,87,87,80,80,83.58,201503157,1014),(7181,98,100,100,100,99.45,201503158,1014),(7182,77,87,100,100,91.06,201503159,1014),(7183,85,81,70,70,76.59,201503160,1014),(7184,100,99,99,99,99.26,201503161,1014),(7185,75,84,100,100,89.54,201503162,1014),(7186,69,67,60,60,64.13,201503163,1014),(7187,86,86,80,80,83.03,201503164,1014),(7188,96,99,100,100,98.9,201503165,1014),(7189,77,87,100,100,91.06,201503166,1014),(7190,85,81,70,70,76.59,201504101,1024),(7191,100,99,99,99,99.26,201504102,1024),(7192,75,84,100,100,89.54,201504103,1024),(7193,73,73,70,70,71.52,201504104,1024),(7194,93,98,99,99,97.06,201504105,1024),(7195,96,99,100,100,98.9,201504107,1024),(7196,63,63,60,60,61.52,201504108,1024),(7197,89,87,80,80,83.98,201504109,1024),(7198,100,100,100,100,100,201504110,1024),(7199,75,84,100,100,89.54,201504112,1024),(7200,73,73,70,70,71.52,201504113,1024),(7201,93,98,99,99,97.06,201504114,1024),(7202,96,99,100,100,98.9,201504115,1024),(7203,63,63,60,60,61.52,201504116,1024),(7204,89,87,80,80,83.98,201504117,1024),(7205,100,100,100,100,100,201504118,1024),(7206,77,86,99,99,90.32,201504119,1024),(7207,93,98,100,100,97.65,201504120,1024),(7208,82,75,60,60,69.36,201504121,1024),(7209,73,73,80,80,76.42,201504122,1024),(7210,82,90,100,100,93.12,201504123,1024),(7211,95,99,100,100,98.35,201504124,1024),(7212,87,82,70,70,77.29,201504125,1024),(7213,77,86,99,99,90.32,201504126,1024),(7214,96,99,100,100,98.75,201504127,1024),(7215,85,76,60,60,70.46,201504128,1024),(7216,67,72,80,80,74.77,201504129,1024),(7217,76,79,80,80,78.9,201504130,1024),(7218,93,98,100,100,97.8,201504131,1024),(7219,96,98,99,99,98.01,201504132,1024),(7220,93,98,100,100,97.8,201504133,1024),(7221,65,61,60,60,61.65,201504134,1024),(7222,82,80,80,80,80.55,201504135,1024),(7223,89,97,100,100,96.7,201504136,1024),(7224,78,75,60,60,68.26,201504137,1024),(7225,74,76,80,80,77.39,201504139,1024),(7226,96,99,100,100,98.75,201504140,1024),(7227,100,100,100,100,100,201504141,1024),(7228,64,66,70,70,67.39,201504142,1024),(7229,83,90,99,99,92.93,201504143,1024),(7230,86,91,100,100,94.22,201504144,1024),(7231,80,75,60,60,68.81,201504145,1024),(7232,84,86,80,80,82.33,201504146,1024),(7233,98,100,100,100,99.45,201504147,1024),(7234,82,85,100,100,91.74,201504148,1024),(7235,71,73,70,70,70.97,201504149,1024),(7236,91,97,99,99,96.51,201504150,1024),(7237,76,84,100,100,90.09,201504151,1024),(7238,71,68,60,60,64.68,201504152,1024),(7239,87,87,80,80,83.58,201504153,1024),(7240,98,100,100,100,99.45,201504154,1024),(7241,77,87,100,100,91.06,201504157,1024),(7242,82,80,70,70,75.5,201504158,1024),(7243,96,99,99,99,98.16,201504159,1024),(7244,75,84,100,100,89.54,201504160,1024),(7245,69,67,60,60,64.13,201504161,1024),(7246,86,86,80,80,83.03,201504162,1024),(7247,96,99,100,100,98.9,201504163,1024),(7248,77,87,100,100,91.06,201504164,1024),(7249,85,81,70,70,76.59,201504165,1024),(7250,100,99,99,99,99.26,201504166,1024),(7251,75,84,100,100,89.54,201504167,1024),(7252,69,67,60,60,64.13,201505168,1034),(7253,86,86,80,80,83.03,201505169,1034),(7254,96,99,100,100,98.9,201505170,1034),(7255,77,87,100,100,91.06,201505171,1034),(7256,85,81,70,70,76.59,201505172,1034),(7257,100,99,99,99,99.26,201505173,1034),(7258,75,84,100,100,89.54,201505174,1034),(7259,73,73,70,70,71.52,201505176,1034),(7260,93,98,99,99,97.06,201505177,1034),(7261,96,99,100,100,98.9,201505178,1034),(7262,63,63,60,60,61.52,201505179,1034),(7263,89,87,80,80,83.98,201505180,1034),(7264,100,100,100,100,100,201505181,1034),(7265,75,84,100,100,89.54,201505182,1034),(7266,73,73,70,70,71.52,201505183,1034),(7267,93,98,99,99,97.06,201505184,1034),(7268,96,99,100,100,98.9,201505185,1034),(7269,63,63,60,60,61.52,201505187,1034),(7270,89,87,80,80,83.98,201505188,1034),(7271,100,100,100,100,100,201505189,1034),(7272,77,87,100,100,91.06,201505190,1034),(7273,82,80,70,70,75.5,201505191,1034),(7274,96,99,99,99,98.16,201505192,1034),(7275,80,85,100,100,91.19,201505193,1034),(7276,67,67,60,60,63.58,201505194,1034),(7277,87,87,80,80,83.58,201505195,1034),(7278,98,100,100,100,99.45,201505196,1034),(7279,77,87,100,100,91.06,201505197,1034),(7280,85,81,70,70,76.59,201505198,1034),(7281,100,99,99,99,99.26,201505199,1034),(7282,75,84,100,100,89.54,201505200,1034),(7283,69,67,60,60,64.13,201505201,1034),(7284,86,86,80,80,83.03,201505202,1034),(7285,96,99,100,100,98.9,201505203,1034),(7286,77,87,100,100,91.06,201505204,1034),(7287,85,81,70,70,76.59,201505205,1034),(7288,100,99,99,99,99.26,201505206,1034),(7289,75,84,100,100,89.54,201505207,1034),(7290,73,73,70,70,71.52,201505208,1034),(7291,93,98,99,99,97.06,201505209,1034),(7292,96,99,100,100,98.9,201505210,1034),(7293,63,63,60,60,61.52,201505211,1034),(7294,89,87,80,80,83.98,201505212,1034),(7295,100,100,100,100,100,201505213,1034),(7296,75,84,100,100,89.54,201505214,1034),(7297,73,73,70,70,71.52,201505215,1034),(7298,93,98,99,99,97.06,201505216,1034),(7299,96,99,100,100,98.9,201505217,1034),(7300,63,63,60,60,61.52,201505218,1034),(7301,89,87,80,80,83.98,201505219,1034),(7302,100,100,100,100,100,201505220,1034),(7303,77,86,99,99,90.32,201505221,1034),(7304,93,98,100,100,97.65,201505222,1034),(7305,82,75,60,60,69.36,201505223,1034),(7306,73,73,80,80,76.42,201505224,1034),(7307,82,90,100,100,93.12,201505225,1034),(7308,95,99,100,100,98.35,201505226,1034),(7309,87,82,70,70,77.29,201505228,1034),(7310,77,86,99,99,90.32,201505229,1034),(7311,96,99,100,100,98.75,201505230,1034),(7312,85,76,60,60,70.46,201505231,1034),(7313,67,72,80,80,74.77,201505232,1034),(7314,76,79,80,80,78.9,201506104,1044),(7315,93,98,100,100,97.8,201506105,1044),(7316,96,98,99,99,98.01,201506106,1044),(7317,93,98,100,100,97.8,201506107,1044),(7318,65,61,60,60,61.65,201506109,1044),(7319,82,80,80,80,80.55,201506110,1044),(7320,89,97,100,100,96.7,201506111,1044),(7321,78,75,60,60,68.26,201506112,1044),(7322,74,76,80,80,77.39,201506113,1044),(7323,96,99,100,100,98.75,201506114,1044),(7324,100,100,100,100,100,201506115,1044),(7325,64,66,70,70,67.39,201506116,1044),(7326,83,90,99,99,92.93,201506117,1044),(7327,86,91,100,100,94.22,201506118,1044),(7328,80,75,60,60,68.81,201506119,1044),(7329,84,86,80,80,82.33,201506120,1044),(7330,98,100,100,100,99.45,201506121,1044),(7331,82,85,100,100,91.74,201506122,1044),(7332,71,73,70,70,70.97,201506123,1044),(7333,91,97,99,99,96.51,201506124,1044),(7334,76,84,100,100,90.09,201506125,1044),(7335,71,68,60,60,64.68,201506126,1044),(7336,87,87,80,80,83.58,201506127,1044),(7337,98,100,100,100,99.45,201506128,1044),(7338,77,87,100,100,91.06,201506129,1044),(7339,82,80,70,70,75.5,201506130,1044),(7340,96,99,99,99,98.16,201506131,1044),(7341,75,84,100,100,89.54,201506132,1044),(7342,69,67,60,60,64.13,201506133,1044),(7343,86,86,80,80,83.03,201506134,1044),(7344,96,99,100,100,98.9,201506135,1044),(7345,77,87,100,100,91.06,201506136,1044),(7346,85,81,70,70,76.59,201506137,1044),(7347,100,99,99,99,99.26,201506138,1044),(7348,75,84,100,100,89.54,201506139,1044),(7349,69,67,60,60,64.13,201506141,1044),(7350,86,86,80,80,83.03,201506142,1044),(7351,96,99,100,100,98.9,201506143,1044),(7352,77,87,100,100,91.06,201506144,1044),(7353,85,81,70,70,76.59,201506145,1044),(7354,100,99,99,99,99.26,201506147,1044),(7355,75,84,100,100,89.54,201506148,1044),(7356,73,73,70,70,71.52,201506149,1044),(7357,93,98,99,99,97.06,201506150,1044),(7358,96,99,100,100,98.9,201506151,1044),(7359,63,63,60,60,61.52,201506152,1044),(7360,89,87,80,80,83.98,201506153,1044),(7361,100,100,100,100,100,201506154,1044),(7362,75,84,100,100,89.54,201506155,1044),(7363,73,73,70,70,71.52,201506156,1044),(7364,93,98,99,99,97.06,201506157,1044),(7365,96,99,100,100,98.9,201506158,1044),(7366,63,63,60,60,61.52,201506160,1044),(7367,89,87,80,80,83.98,201506161,1044),(7368,100,100,100,100,100,201506162,1044),(7369,77,87,100,100,91.06,201506163,1044),(7370,82,80,70,70,75.5,201506164,1044),(7371,96,99,99,99,98.16,201506165,1044),(7372,80,85,100,100,91.19,201506166,1044),(7373,67,67,60,60,63.58,201502101,1005),(7374,87,87,80,80,83.58,201502102,1005),(7375,98,100,100,100,99.45,201502103,1005),(7376,77,87,100,100,91.06,201502104,1005),(7377,85,81,70,70,76.59,201502105,1005),(7378,100,99,99,99,99.26,201502106,1005),(7379,86,91,100,100,94.22,201502107,1005),(7380,80,75,60,60,68.81,201502108,1005),(7381,84,86,80,80,82.33,201502110,1005),(7382,98,100,100,100,99.45,201502111,1005),(7383,82,85,100,100,91.74,201502112,1005),(7384,71,73,70,70,70.97,201502113,1005),(7385,91,97,99,99,96.51,201502114,1005),(7386,76,84,100,100,90.09,201502116,1005),(7387,71,68,60,60,64.68,201502117,1005),(7388,87,87,80,80,83.58,201502118,1005),(7389,98,100,100,100,99.45,201502119,1005),(7390,77,87,100,100,91.06,201502121,1005),(7391,82,80,70,70,75.5,201502122,1005),(7392,96,99,99,99,98.16,201502123,1005),(7393,75,84,100,100,89.54,201502125,1005),(7394,69,67,60,60,64.13,201502126,1005),(7395,86,86,80,80,83.03,201502127,1005),(7396,96,99,100,100,98.9,201502129,1005),(7397,77,87,100,100,91.06,201502130,1005),(7398,85,81,70,70,76.59,201502131,1005),(7399,100,99,99,99,99.26,201502132,1005),(7400,75,84,100,100,89.54,201502133,1005),(7401,69,67,60,60,64.13,201502134,1005),(7402,86,86,80,80,83.03,201502135,1005),(7403,96,99,100,100,98.9,201502136,1005),(7404,77,87,100,100,91.06,201502137,1005),(7405,85,81,70,70,76.59,201502138,1005),(7406,100,99,99,99,99.26,201502139,1005),(7407,75,84,100,100,89.54,201502140,1005),(7408,73,73,70,70,71.52,201502141,1005),(7409,93,98,99,99,97.06,201502142,1005),(7410,96,99,100,100,98.9,201502143,1005),(7411,63,63,60,60,61.52,201502144,1005),(7412,89,87,80,80,83.98,201502145,1005),(7413,100,100,100,100,100,201502146,1005),(7414,75,84,100,100,89.54,201502147,1005),(7415,73,73,70,70,71.52,201502148,1005),(7416,93,98,99,99,97.06,201502149,1005),(7417,96,99,100,100,98.9,201502150,1005),(7418,63,63,60,60,61.52,201502151,1005),(7419,89,87,80,80,83.98,201502152,1005),(7420,100,100,100,100,100,201502153,1005),(7421,77,87,100,100,91.06,201502154,1005),(7422,82,80,70,70,75.5,201502155,1005),(7423,96,99,99,99,98.16,201502156,1005),(7424,80,85,100,100,91.19,201502157,1005),(7425,67,67,60,60,63.58,201502158,1005),(7426,87,87,80,80,83.58,201502159,1005),(7427,98,100,100,100,99.45,201502160,1005),(7428,77,87,100,100,91.06,201502161,1005),(7429,85,81,70,70,76.59,201502162,1005),(7430,100,99,99,99,99.26,201502163,1005),(7431,75,84,100,100,89.54,201502164,1005),(7432,69,67,60,60,64.13,201502165,1005),(7433,86,86,80,80,83.03,201502166,1005),(7434,96,99,100,100,98.9,201503101,1015),(7435,77,87,100,100,91.06,201503102,1015),(7436,85,81,70,70,76.59,201503103,1015),(7437,100,99,99,99,99.26,201503105,1015),(7438,75,84,100,100,89.54,201503106,1015),(7439,73,73,70,70,71.52,201503107,1015),(7440,93,98,99,99,97.06,201503108,1015),(7441,96,99,100,100,98.9,201503110,1015),(7442,63,63,60,60,61.52,201503111,1015),(7443,89,87,80,80,83.98,201503112,1015),(7444,100,100,100,100,100,201503113,1015),(7445,75,84,100,100,89.54,201503114,1015),(7446,73,73,70,70,71.52,201503115,1015),(7447,93,98,99,99,97.06,201503116,1015),(7448,96,99,100,100,98.9,201503117,1015),(7449,63,63,60,60,61.52,201503118,1015),(7450,89,87,80,80,83.98,201503120,1015),(7451,100,100,100,100,100,201503121,1015),(7452,77,86,99,99,90.32,201503122,1015),(7453,93,98,100,100,97.65,201503123,1015),(7454,82,75,60,60,69.36,201503124,1015),(7455,73,73,80,80,76.42,201503125,1015),(7456,82,90,100,100,93.12,201503126,1015),(7457,95,99,100,100,98.35,201503127,1015),(7458,87,82,70,70,77.29,201503128,1015),(7459,77,86,99,99,90.32,201503129,1015),(7460,96,99,100,100,98.75,201503130,1015),(7461,85,76,60,60,70.46,201503131,1015),(7462,67,72,80,80,74.77,201503132,1015),(7463,76,79,80,80,78.9,201503133,1015),(7464,93,98,100,100,97.8,201503134,1015),(7465,96,98,99,99,98.01,201503135,1015),(7466,93,98,100,100,97.8,201503136,1015),(7467,65,61,60,60,61.65,201503137,1015),(7468,82,80,80,80,80.55,201503138,1015),(7469,89,97,100,100,96.7,201503139,1015),(7470,78,75,60,60,68.26,201503140,1015),(7471,74,76,80,80,77.39,201503141,1015),(7472,96,99,100,100,98.75,201503142,1015),(7473,100,100,100,100,100,201503143,1015),(7474,64,66,70,70,67.39,201503144,1015),(7475,83,90,99,99,92.93,201503145,1015),(7476,86,91,100,100,94.22,201503146,1015),(7477,80,75,60,60,68.81,201503147,1015),(7478,84,86,80,80,82.33,201503148,1015),(7479,98,100,100,100,99.45,201503149,1015),(7480,82,85,100,100,91.74,201503150,1015),(7481,71,73,70,70,70.97,201503151,1015),(7482,91,97,99,99,96.51,201503152,1015),(7483,76,84,100,100,90.09,201503153,1015),(7484,71,68,60,60,64.68,201503154,1015),(7485,87,87,80,80,83.58,201503155,1015),(7486,98,100,100,100,99.45,201503156,1015),(7487,77,87,100,100,91.06,201503157,1015),(7488,82,80,70,70,75.5,201503158,1015),(7489,96,99,99,99,98.16,201503159,1015),(7490,75,84,100,100,89.54,201503160,1015),(7491,69,67,60,60,64.13,201503161,1015),(7492,86,86,80,80,83.03,201503162,1015),(7493,96,99,100,100,98.9,201503163,1015),(7494,77,87,100,100,91.06,201503164,1015),(7495,85,81,70,70,76.59,201503165,1015),(7496,100,99,99,99,99.26,201503166,1015),(7497,75,84,100,100,89.54,201504101,1025),(7498,69,67,60,60,64.13,201504102,1025),(7499,86,86,80,80,83.03,201504103,1025),(7500,96,99,100,100,98.9,201504104,1025),(7501,77,87,100,100,91.06,201504105,1025),(7502,85,81,70,70,76.59,201504107,1025),(7503,100,99,99,99,99.26,201504108,1025),(7504,75,84,100,100,89.54,201504109,1025),(7505,73,73,70,70,71.52,201504110,1025),(7506,93,98,99,99,97.06,201504112,1025),(7507,96,99,100,100,98.9,201504113,1025),(7508,63,63,60,60,61.52,201504114,1025),(7509,89,87,80,80,83.98,201504115,1025),(7510,100,100,100,100,100,201504116,1025),(7511,75,84,100,100,89.54,201504117,1025),(7512,73,73,70,70,71.52,201504118,1025),(7513,93,98,99,99,97.06,201504119,1025),(7514,96,99,100,100,98.9,201504120,1025),(7515,63,63,60,60,61.52,201504121,1025),(7516,89,87,80,80,83.98,201504122,1025),(7517,100,100,100,100,100,201504123,1025),(7518,77,87,100,100,91.06,201504124,1025),(7519,82,80,70,70,75.5,201504125,1025),(7520,96,99,99,99,98.16,201504126,1025),(7521,80,85,100,100,91.19,201504127,1025),(7522,67,67,60,60,63.58,201504128,1025),(7523,87,87,80,80,83.58,201504129,1025),(7524,98,100,100,100,99.45,201504130,1025),(7525,77,87,100,100,91.06,201504131,1025),(7526,85,81,70,70,76.59,201504132,1025),(7527,100,99,99,99,99.26,201504133,1025),(7528,75,84,100,100,89.54,201504134,1025),(7529,69,67,60,60,64.13,201504135,1025),(7530,86,86,80,80,83.03,201504136,1025),(7531,96,99,100,100,98.9,201504137,1025),(7532,77,87,100,100,91.06,201504139,1025),(7533,85,81,70,70,76.59,201504140,1025),(7534,100,99,99,99,99.26,201504141,1025),(7535,75,84,100,100,89.54,201504142,1025),(7536,73,73,70,70,71.52,201504143,1025),(7537,93,98,99,99,97.06,201504144,1025),(7538,96,99,100,100,98.9,201504145,1025),(7539,63,63,60,60,61.52,201504146,1025),(7540,89,87,80,80,83.98,201504147,1025),(7541,100,100,100,100,100,201504148,1025),(7542,75,84,100,100,89.54,201504149,1025),(7543,73,73,70,70,71.52,201504150,1025),(7544,93,98,99,99,97.06,201504151,1025),(7545,96,99,100,100,98.9,201504152,1025),(7546,63,63,60,60,61.52,201504153,1025),(7547,89,87,80,80,83.98,201504154,1025),(7548,100,100,100,100,100,201504157,1025),(7549,77,86,99,99,90.32,201504158,1025),(7550,93,98,100,100,97.65,201504159,1025),(7551,82,75,60,60,69.36,201504160,1025),(7552,73,73,80,80,76.42,201504161,1025),(7553,82,90,100,100,93.12,201504162,1025),(7554,95,99,100,100,98.35,201504163,1025),(7555,87,82,70,70,77.29,201504164,1025),(7556,77,86,99,99,90.32,201504165,1025),(7557,96,99,100,100,98.75,201504166,1025),(7558,85,76,60,60,70.46,201504167,1025),(7559,67,72,80,80,74.77,201505168,1035),(7560,76,79,80,80,78.9,201505169,1035),(7561,93,98,100,100,97.8,201505170,1035),(7562,96,98,99,99,98.01,201505171,1035),(7563,93,98,100,100,97.8,201505172,1035),(7564,65,61,60,60,61.65,201505173,1035),(7565,82,80,80,80,80.55,201505174,1035),(7566,89,97,100,100,96.7,201505176,1035),(7567,78,75,60,60,68.26,201505177,1035),(7568,74,76,80,80,77.39,201505178,1035),(7569,96,99,100,100,98.75,201505179,1035),(7570,100,100,100,100,100,201505180,1035),(7571,64,66,70,70,67.39,201505181,1035),(7572,83,90,99,99,92.93,201505182,1035),(7573,86,91,100,100,94.22,201505183,1035),(7574,80,75,60,60,68.81,201505184,1035),(7575,84,86,80,80,82.33,201505185,1035),(7576,98,100,100,100,99.45,201505187,1035),(7577,82,85,100,100,91.74,201505188,1035),(7578,71,73,70,70,70.97,201505189,1035),(7579,91,97,99,99,96.51,201505190,1035),(7580,76,84,100,100,90.09,201505191,1035),(7581,71,68,60,60,64.68,201505192,1035),(7582,87,87,80,80,83.58,201505193,1035),(7583,98,100,100,100,99.45,201505194,1035),(7584,77,87,100,100,91.06,201505195,1035),(7585,82,80,70,70,75.5,201505196,1035),(7586,96,99,99,99,98.16,201505197,1035),(7587,75,84,100,100,89.54,201505198,1035),(7588,69,67,60,60,64.13,201505199,1035),(7589,86,86,80,80,83.03,201505200,1035),(7590,96,99,100,100,98.9,201505201,1035),(7591,77,87,100,100,91.06,201505202,1035),(7592,85,81,70,70,76.59,201505203,1035),(7593,100,99,99,99,99.26,201505204,1035),(7594,75,84,100,100,89.54,201505205,1035),(7595,69,67,60,60,64.13,201505206,1035),(7596,86,86,80,80,83.03,201505207,1035),(7597,96,99,100,100,98.9,201505208,1035),(7598,77,87,100,100,91.06,201505209,1035),(7599,85,81,70,70,76.59,201505210,1035),(7600,100,99,99,99,99.26,201505211,1035),(7601,75,84,100,100,89.54,201505212,1035),(7602,73,73,70,70,71.52,201505213,1035),(7603,93,98,99,99,97.06,201505214,1035),(7604,96,99,100,100,98.9,201505215,1035),(7605,63,63,60,60,61.52,201505216,1035),(7606,89,87,80,80,83.98,201505217,1035),(7607,100,100,100,100,100,201505218,1035),(7608,75,84,100,100,89.54,201505219,1035),(7609,73,73,70,70,71.52,201505220,1035),(7610,93,98,99,99,97.06,201505221,1035),(7611,96,99,100,100,98.9,201505222,1035),(7612,63,63,60,60,61.52,201505223,1035),(7613,89,87,80,80,83.98,201505224,1035),(7614,100,100,100,100,100,201505225,1035),(7615,77,87,100,100,91.06,201505226,1035),(7616,82,80,70,70,75.5,201505228,1035),(7617,96,99,99,99,98.16,201505229,1035),(7618,80,85,100,100,91.19,201505230,1035),(7619,67,67,60,60,63.58,201505231,1035),(7620,87,87,80,80,83.58,201505232,1035),(7621,98,100,100,100,99.45,201506104,1045),(7622,77,87,100,100,91.06,201506105,1045),(7623,85,81,70,70,76.59,201506106,1045),(7624,100,99,99,99,99.26,201506107,1045),(7625,86,91,100,100,94.22,201506109,1045),(7626,80,75,60,60,68.81,201506110,1045),(7627,84,86,80,80,82.33,201506111,1045),(7628,98,100,100,100,99.45,201506112,1045),(7629,82,85,100,100,91.74,201506113,1045),(7630,71,73,70,70,70.97,201506114,1045),(7631,91,97,99,99,96.51,201506115,1045),(7632,76,84,100,100,90.09,201506116,1045),(7633,71,68,60,60,64.68,201506117,1045),(7634,87,87,80,80,83.58,201506118,1045),(7635,98,100,100,100,99.45,201506119,1045),(7636,77,87,100,100,91.06,201506120,1045),(7637,82,80,70,70,75.5,201506121,1045),(7638,96,99,99,99,98.16,201506122,1045),(7639,75,84,100,100,89.54,201506123,1045),(7640,69,67,60,60,64.13,201506124,1045),(7641,86,86,80,80,83.03,201506125,1045),(7642,96,99,100,100,98.9,201506126,1045),(7643,77,87,100,100,91.06,201506127,1045),(7644,85,81,70,70,76.59,201506128,1045),(7645,100,99,99,99,99.26,201506129,1045),(7646,75,84,100,100,89.54,201506130,1045),(7647,69,67,60,60,64.13,201506131,1045),(7648,86,86,80,80,83.03,201506132,1045),(7649,96,99,100,100,98.9,201506133,1045),(7650,77,87,100,100,91.06,201506134,1045),(7651,85,81,70,70,76.59,201506135,1045),(7652,100,99,99,99,99.26,201506136,1045),(7653,75,84,100,100,89.54,201506137,1045),(7654,73,73,70,70,71.52,201506138,1045),(7655,93,98,99,99,97.06,201506139,1045),(7656,96,99,100,100,98.9,201506141,1045),(7657,63,63,60,60,61.52,201506142,1045),(7658,89,87,80,80,83.98,201506143,1045),(7659,100,100,100,100,100,201506144,1045),(7660,75,84,100,100,89.54,201506145,1045),(7661,73,73,70,70,71.52,201506147,1045),(7662,93,98,99,99,97.06,201506148,1045),(7663,96,99,100,100,98.9,201506149,1045),(7664,63,63,60,60,61.52,201506150,1045),(7665,89,87,80,80,83.98,201506151,1045),(7666,100,100,100,100,100,201506152,1045),(7667,77,87,100,100,91.06,201506153,1045),(7668,82,80,70,70,75.5,201506154,1045),(7669,96,99,99,99,98.16,201506155,1045),(7670,80,85,100,100,91.19,201506156,1045),(7671,67,67,60,60,63.58,201506157,1045),(7672,87,87,80,80,83.58,201506158,1045),(7673,98,100,100,100,99.45,201506160,1045),(7674,77,87,100,100,91.06,201506161,1045),(7675,85,81,70,70,76.59,201506162,1045),(7676,100,99,99,99,99.26,201506163,1045),(7677,75,84,100,100,89.54,201506164,1045),(7678,69,67,60,60,64.13,201506165,1045),(7679,86,86,80,80,83.03,201506166,1045),(7680,96,99,100,100,98.9,201502101,1006),(7681,77,87,100,100,91.06,201502102,1006),(7682,85,81,70,70,76.59,201502103,1006),(7683,100,99,99,99,99.26,201502104,1006),(7684,75,84,100,100,89.54,201502105,1006),(7685,73,73,70,70,71.52,201502106,1006),(7686,93,98,99,99,97.06,201502107,1006),(7687,96,99,100,100,98.9,201502108,1006),(7688,63,63,60,60,61.52,201502110,1006),(7689,89,87,80,80,83.98,201502111,1006),(7690,100,100,100,100,100,201502112,1006),(7691,75,84,100,100,89.54,201502113,1006),(7692,73,73,70,70,71.52,201502114,1006),(7693,93,98,99,99,97.06,201502116,1006),(7694,96,99,100,100,98.9,201502117,1006),(7695,63,63,60,60,61.52,201502118,1006),(7696,89,87,80,80,83.98,201502119,1006),(7697,100,100,100,100,100,201502121,1006),(7698,77,86,99,99,90.32,201502122,1006),(7699,93,98,100,100,97.65,201502123,1006),(7700,82,75,60,60,69.36,201502125,1006),(7701,73,73,80,80,76.42,201502126,1006),(7702,82,90,100,100,93.12,201502127,1006),(7703,95,99,100,100,98.35,201502129,1006),(7704,87,82,70,70,77.29,201502130,1006),(7705,77,86,99,99,90.32,201502131,1006),(7706,96,99,100,100,98.75,201502132,1006),(7707,85,76,60,60,70.46,201502133,1006),(7708,67,72,80,80,74.77,201502134,1006),(7709,76,79,80,80,78.9,201502135,1006),(7710,93,98,100,100,97.8,201502136,1006),(7711,96,98,99,99,98.01,201502137,1006),(7712,93,98,100,100,97.8,201502138,1006),(7713,65,61,60,60,61.65,201502139,1006),(7714,82,80,80,80,80.55,201502140,1006),(7715,89,97,100,100,96.7,201502141,1006),(7716,78,75,60,60,68.26,201502142,1006),(7717,74,76,80,80,77.39,201502143,1006),(7718,96,99,100,100,98.75,201502144,1006),(7719,100,100,100,100,100,201502145,1006),(7720,64,66,70,70,67.39,201502146,1006),(7721,83,90,99,99,92.93,201502147,1006),(7722,86,91,100,100,94.22,201502148,1006),(7723,80,75,60,60,68.81,201502149,1006),(7724,84,86,80,80,82.33,201502150,1006),(7725,98,100,100,100,99.45,201502151,1006),(7726,82,85,100,100,91.74,201502152,1006),(7727,71,73,70,70,70.97,201502153,1006),(7728,91,97,99,99,96.51,201502154,1006),(7729,76,84,100,100,90.09,201502155,1006),(7730,71,68,60,60,64.68,201502156,1006),(7731,87,87,80,80,83.58,201502157,1006),(7732,98,100,100,100,99.45,201502158,1006),(7733,77,87,100,100,91.06,201502159,1006),(7734,82,80,70,70,75.5,201502160,1006),(7735,96,99,99,99,98.16,201502161,1006),(7736,75,84,100,100,89.54,201502162,1006),(7737,69,67,60,60,64.13,201502163,1006),(7738,86,86,80,80,83.03,201502164,1006),(7739,96,99,100,100,98.9,201502165,1006),(7740,77,87,100,100,91.06,201502166,1006),(7741,85,81,70,70,76.59,201503101,1016),(7742,100,99,99,99,99.26,201503102,1016),(7743,75,84,100,100,89.54,201503103,1016),(7744,69,67,60,60,64.13,201503105,1016),(7745,86,86,80,80,83.03,201503106,1016),(7746,96,99,100,100,98.9,201503107,1016),(7747,77,87,100,100,91.06,201503108,1016),(7748,85,81,70,70,76.59,201503110,1016),(7749,100,99,99,99,99.26,201503111,1016),(7750,75,84,100,100,89.54,201503112,1016),(7751,73,73,70,70,71.52,201503113,1016),(7752,93,98,99,99,97.06,201503114,1016),(7753,96,99,100,100,98.9,201503115,1016),(7754,63,63,60,60,61.52,201503116,1016),(7755,89,87,80,80,83.98,201503117,1016),(7756,100,100,100,100,100,201503118,1016),(7757,75,84,100,100,89.54,201503120,1016),(7758,73,73,70,70,71.52,201503121,1016),(7759,93,98,99,99,97.06,201503122,1016),(7760,96,99,100,100,98.9,201503123,1016),(7761,63,63,60,60,61.52,201503124,1016),(7762,89,87,80,80,83.98,201503125,1016),(7763,100,100,100,100,100,201503126,1016),(7764,77,87,100,100,91.06,201503127,1016),(7765,82,80,70,70,75.5,201503128,1016),(7766,96,99,99,99,98.16,201503129,1016),(7767,80,85,100,100,91.19,201503130,1016),(7768,67,67,60,60,63.58,201503131,1016),(7769,87,87,80,80,83.58,201503132,1016),(7770,98,100,100,100,99.45,201503133,1016),(7771,77,87,100,100,91.06,201503134,1016),(7772,85,81,70,70,76.59,201503135,1016),(7773,100,99,99,99,99.26,201503136,1016),(7774,75,84,100,100,89.54,201503137,1016),(7775,69,67,60,60,64.13,201503138,1016),(7776,86,86,80,80,83.03,201503139,1016),(7777,96,99,100,100,98.9,201503140,1016),(7778,77,87,100,100,91.06,201503141,1016),(7779,85,81,70,70,76.59,201503142,1016),(7780,100,99,99,99,99.26,201503143,1016),(7781,75,84,100,100,89.54,201503144,1016),(7782,73,73,70,70,71.52,201503145,1016),(7783,93,98,99,99,97.06,201503146,1016),(7784,96,99,100,100,98.9,201503147,1016),(7785,63,63,60,60,61.52,201503148,1016),(7786,89,87,80,80,83.98,201503149,1016),(7787,100,100,100,100,100,201503150,1016),(7788,75,84,100,100,89.54,201503151,1016),(7789,73,73,70,70,71.52,201503152,1016),(7790,93,98,99,99,97.06,201503153,1016),(7791,96,99,100,100,98.9,201503154,1016),(7792,63,63,60,60,61.52,201503155,1016),(7793,89,87,80,80,83.98,201503156,1016),(7794,100,100,100,100,100,201503157,1016),(7795,77,86,99,99,90.32,201503158,1016),(7796,93,98,100,100,97.65,201503159,1016),(7797,82,75,60,60,69.36,201503160,1016),(7798,73,73,80,80,76.42,201503161,1016),(7799,82,90,100,100,93.12,201503162,1016),(7800,95,99,100,100,98.35,201503163,1016),(7801,87,82,70,70,77.29,201503164,1016),(7802,77,86,99,99,90.32,201503165,1016),(7803,96,99,100,100,98.75,201503166,1016),(7804,85,76,60,60,70.46,201504101,1026),(7805,67,72,80,80,74.77,201504102,1026),(7806,76,79,80,80,78.9,201504103,1026),(7807,93,98,100,100,97.8,201504104,1026),(7808,96,98,99,99,98.01,201504105,1026),(7809,93,98,100,100,97.8,201504107,1026),(7810,65,61,60,60,61.65,201504108,1026),(7811,82,80,80,80,80.55,201504109,1026),(7812,89,97,100,100,96.7,201504110,1026),(7813,78,75,60,60,68.26,201504112,1026),(7814,74,76,80,80,77.39,201504113,1026),(7815,96,99,100,100,98.75,201504114,1026),(7816,100,100,100,100,100,201504115,1026),(7817,64,66,70,70,67.39,201504116,1026),(7818,83,90,99,99,92.93,201504117,1026),(7819,86,91,100,100,94.22,201504118,1026),(7820,80,75,60,60,68.81,201504119,1026),(7821,84,86,80,80,82.33,201504120,1026),(7822,98,100,100,100,99.45,201504121,1026),(7823,82,85,100,100,91.74,201504122,1026),(7824,71,73,70,70,70.97,201504123,1026),(7825,91,97,99,99,96.51,201504124,1026),(7826,76,84,100,100,90.09,201504125,1026),(7827,71,68,60,60,64.68,201504126,1026),(7828,87,87,80,80,83.58,201504127,1026),(7829,98,100,100,100,99.45,201504128,1026),(7830,77,87,100,100,91.06,201504129,1026),(7831,82,80,70,70,75.5,201504130,1026),(7832,96,99,99,99,98.16,201504131,1026),(7833,75,84,100,100,89.54,201504132,1026),(7834,69,67,60,60,64.13,201504133,1026),(7835,86,86,80,80,83.03,201504134,1026),(7836,96,99,100,100,98.9,201504135,1026),(7837,77,87,100,100,91.06,201504136,1026),(7838,85,81,70,70,76.59,201504137,1026),(7839,100,99,99,99,99.26,201504139,1026),(7840,75,84,100,100,89.54,201504140,1026),(7841,69,67,60,60,64.13,201504141,1026),(7842,86,86,80,80,83.03,201504142,1026),(7843,96,99,100,100,98.9,201504143,1026),(7844,77,87,100,100,91.06,201504144,1026),(7845,85,81,70,70,76.59,201504145,1026),(7846,100,99,99,99,99.26,201504146,1026),(7847,75,84,100,100,89.54,201504147,1026),(7848,73,73,70,70,71.52,201504148,1026),(7849,93,98,99,99,97.06,201504149,1026),(7850,96,99,100,100,98.9,201504150,1026),(7851,63,63,60,60,61.52,201504151,1026),(7852,89,87,80,80,83.98,201504152,1026),(7853,100,100,100,100,100,201504153,1026),(7854,75,84,100,100,89.54,201504154,1026),(7855,73,73,70,70,71.52,201504157,1026),(7856,93,98,99,99,97.06,201504158,1026),(7857,96,99,100,100,98.9,201504159,1026),(7858,63,63,60,60,61.52,201504160,1026),(7859,89,87,80,80,83.98,201504161,1026),(7860,100,100,100,100,100,201504162,1026),(7861,77,87,100,100,91.06,201504163,1026),(7862,82,80,70,70,75.5,201504164,1026),(7863,96,99,99,99,98.16,201504165,1026),(7864,80,85,100,100,91.19,201504166,1026),(7865,67,67,60,60,63.58,201504167,1026),(7866,87,87,80,80,83.58,201505168,1036),(7867,98,100,100,100,99.45,201505169,1036),(7868,77,87,100,100,91.06,201505170,1036),(7869,85,81,70,70,76.59,201505171,1036),(7870,100,99,99,99,99.26,201505172,1036),(7871,86,91,100,100,94.22,201505173,1036),(7872,80,75,60,60,68.81,201505174,1036),(7873,84,86,80,80,82.33,201505176,1036),(7874,98,100,100,100,99.45,201505177,1036),(7875,82,85,100,100,91.74,201505178,1036),(7876,71,73,70,70,70.97,201505179,1036),(7877,91,97,99,99,96.51,201505180,1036),(7878,76,84,100,100,90.09,201505181,1036),(7879,71,68,60,60,64.68,201505182,1036),(7880,87,87,80,80,83.58,201505183,1036),(7881,98,100,100,100,99.45,201505184,1036),(7882,77,87,100,100,91.06,201505185,1036),(7883,82,80,70,70,75.5,201505187,1036),(7884,96,99,99,99,98.16,201505188,1036),(7885,75,84,100,100,89.54,201505189,1036),(7886,69,67,60,60,64.13,201505190,1036),(7887,86,86,80,80,83.03,201505191,1036),(7888,96,99,100,100,98.9,201505192,1036),(7889,77,87,100,100,91.06,201505193,1036),(7890,85,81,70,70,76.59,201505194,1036),(7891,100,99,99,99,99.26,201505195,1036),(7892,75,84,100,100,89.54,201505196,1036),(7893,69,67,60,60,64.13,201505197,1036),(7894,86,86,80,80,83.03,201505198,1036),(7895,96,99,100,100,98.9,201505199,1036),(7896,77,87,100,100,91.06,201505200,1036),(7897,85,81,70,70,76.59,201505201,1036),(7898,100,99,99,99,99.26,201505202,1036),(7899,75,84,100,100,89.54,201505203,1036),(7900,73,73,70,70,71.52,201505204,1036),(7901,93,98,99,99,97.06,201505205,1036),(7902,96,99,100,100,98.9,201505206,1036),(7903,63,63,60,60,61.52,201505207,1036),(7904,89,87,80,80,83.98,201505208,1036),(7905,100,100,100,100,100,201505209,1036),(7906,75,84,100,100,89.54,201505210,1036),(7907,73,73,70,70,71.52,201505211,1036),(7908,93,98,99,99,97.06,201505212,1036),(7909,96,99,100,100,98.9,201505213,1036),(7910,63,63,60,60,61.52,201505214,1036),(7911,89,87,80,80,83.98,201505215,1036),(7912,100,100,100,100,100,201505216,1036),(7913,77,87,100,100,91.06,201505217,1036),(7914,82,80,70,70,75.5,201505218,1036),(7915,96,99,99,99,98.16,201505219,1036),(7916,80,85,100,100,91.19,201505220,1036),(7917,67,67,60,60,63.58,201505221,1036),(7918,87,87,80,80,83.58,201505222,1036),(7919,98,100,100,100,99.45,201505223,1036),(7920,77,87,100,100,91.06,201505224,1036),(7921,85,81,70,70,76.59,201505225,1036),(7922,100,99,99,99,99.26,201505226,1036),(7923,75,84,100,100,89.54,201505228,1036),(7924,69,67,60,60,64.13,201505229,1036),(7925,86,86,80,80,83.03,201505230,1036),(7926,96,99,100,100,98.9,201505231,1036),(7927,77,87,100,100,91.06,201505232,1036),(7928,85,81,70,70,76.59,201506104,1046),(7929,100,99,99,99,99.26,201506105,1046),(7930,75,84,100,100,89.54,201506106,1046),(7931,73,73,70,70,71.52,201506107,1046),(7932,93,98,99,99,97.06,201506109,1046),(7933,96,99,100,100,98.9,201506110,1046),(7934,63,63,60,60,61.52,201506111,1046),(7935,89,87,80,80,83.98,201506112,1046),(7936,100,100,100,100,100,201506113,1046),(7937,75,84,100,100,89.54,201506114,1046),(7938,73,73,70,70,71.52,201506115,1046),(7939,93,98,99,99,97.06,201506116,1046),(7940,96,99,100,100,98.9,201506117,1046),(7941,63,63,60,60,61.52,201506118,1046),(7942,89,87,80,80,83.98,201506119,1046),(7943,100,100,100,100,100,201506120,1046),(7944,77,86,99,99,90.32,201506121,1046),(7945,93,98,100,100,97.65,201506122,1046),(7946,82,75,60,60,69.36,201506123,1046),(7947,73,73,80,80,76.42,201506124,1046),(7948,82,90,100,100,93.12,201506125,1046),(7949,95,99,100,100,98.35,201506126,1046),(7950,87,82,70,70,77.29,201506127,1046),(7951,77,86,99,99,90.32,201506128,1046),(7952,96,99,100,100,98.75,201506129,1046),(7953,85,76,60,60,70.46,201506130,1046),(7954,67,72,80,80,74.77,201506131,1046),(7955,76,79,80,80,78.9,201506132,1046),(7956,93,98,100,100,97.8,201506133,1046),(7957,96,98,99,99,98.01,201506134,1046),(7958,93,98,100,100,97.8,201506135,1046),(7959,65,61,60,60,61.65,201506136,1046),(7960,82,80,80,80,80.55,201506137,1046),(7961,89,97,100,100,96.7,201506138,1046),(7962,78,75,60,60,68.26,201506139,1046),(7963,74,76,80,80,77.39,201506141,1046),(7964,96,99,100,100,98.75,201506142,1046),(7965,100,100,100,100,100,201506143,1046),(7966,64,66,70,70,67.39,201506144,1046),(7967,83,90,99,99,92.93,201506145,1046),(7968,86,91,100,100,94.22,201506147,1046),(7969,80,75,60,60,68.81,201506148,1046),(7970,84,86,80,80,82.33,201506149,1046),(7971,98,100,100,100,99.45,201506150,1046),(7972,82,85,100,100,91.74,201506151,1046),(7973,71,73,70,70,70.97,201506152,1046),(7974,91,97,99,99,96.51,201506153,1046),(7975,76,84,100,100,90.09,201506154,1046),(7976,71,68,60,60,64.68,201506155,1046),(7977,87,87,80,80,83.58,201506156,1046),(7978,98,100,100,100,99.45,201506157,1046),(7979,77,87,100,100,91.06,201506158,1046),(7980,82,80,70,70,75.5,201506160,1046),(7981,96,99,99,99,98.16,201506161,1046),(7982,75,84,100,100,89.54,201506162,1046),(7983,69,67,60,60,64.13,201506163,1046),(7984,86,86,80,80,83.03,201506164,1046),(7985,96,99,100,100,98.9,201506165,1046),(7986,77,87,100,100,91.06,201506166,1046),(7987,85,81,70,70,76.59,201502101,1007),(7988,100,99,99,99,99.26,201502102,1007),(7989,75,84,100,100,89.54,201502103,1007),(7990,69,67,60,60,64.13,201502104,1007),(7991,86,86,80,80,83.03,201502105,1007),(7992,96,99,100,100,98.9,201502106,1007),(7993,77,87,100,100,91.06,201502107,1007),(7994,85,81,70,70,76.59,201502108,1007),(7995,100,99,99,99,99.26,201502110,1007),(7996,75,84,100,100,89.54,201502111,1007),(7997,73,73,70,70,71.52,201502112,1007),(7998,93,98,99,99,97.06,201502113,1007),(7999,96,99,100,100,98.9,201502114,1007),(8000,63,63,60,60,61.52,201502116,1007),(8001,89,87,80,80,83.98,201502117,1007),(8002,100,100,100,100,100,201502118,1007),(8003,75,84,100,100,89.54,201502119,1007),(8004,73,73,70,70,71.52,201502121,1007),(8005,93,98,99,99,97.06,201502122,1007),(8006,96,99,100,100,98.9,201502123,1007),(8007,63,63,60,60,61.52,201502125,1007),(8008,89,87,80,80,83.98,201502126,1007),(8009,100,100,100,100,100,201502127,1007),(8010,77,87,100,100,91.06,201502129,1007),(8011,82,80,70,70,75.5,201502130,1007),(8012,96,99,99,99,98.16,201502131,1007),(8013,80,85,100,100,91.19,201502132,1007),(8014,67,67,60,60,63.58,201502133,1007),(8015,87,87,80,80,83.58,201502134,1007),(8016,98,100,100,100,99.45,201502135,1007),(8017,77,87,100,100,91.06,201502136,1007),(8018,85,81,70,70,76.59,201502137,1007),(8019,100,99,99,99,99.26,201502138,1007),(8020,75,84,100,100,89.54,201502139,1007),(8021,69,67,60,60,64.13,201502140,1007),(8022,86,86,80,80,83.03,201502141,1007),(8023,96,99,100,100,98.9,201502142,1007),(8024,77,87,100,100,91.06,201502143,1007),(8025,85,81,70,70,76.59,201502144,1007),(8026,100,99,99,99,99.26,201502145,1007),(8027,75,84,100,100,89.54,201502146,1007),(8028,73,73,70,70,71.52,201502147,1007),(8029,93,98,99,99,97.06,201502148,1007),(8030,96,99,100,100,98.9,201502149,1007),(8031,63,63,60,60,61.52,201502150,1007),(8032,89,87,80,80,83.98,201502151,1007),(8033,100,100,100,100,100,201502152,1007),(8034,75,84,100,100,89.54,201502153,1007),(8035,73,73,70,70,71.52,201502154,1007),(8036,93,98,99,99,97.06,201502155,1007),(8037,96,99,100,100,98.9,201502156,1007),(8038,63,63,60,60,61.52,201502157,1007),(8039,89,87,80,80,83.98,201502158,1007),(8040,100,100,100,100,100,201502159,1007),(8041,77,86,99,99,90.32,201502160,1007),(8042,93,98,100,100,97.65,201502161,1007),(8043,82,75,60,60,69.36,201502162,1007),(8044,73,73,80,80,76.42,201502163,1007),(8045,82,90,100,100,93.12,201502164,1007),(8046,95,99,100,100,98.35,201502165,1007),(8047,87,82,70,70,77.29,201502166,1007),(8048,77,86,99,99,90.32,201503101,1017),(8049,96,99,100,100,98.75,201503102,1017),(8050,85,76,60,60,70.46,201503103,1017),(8051,67,72,80,80,74.77,201503105,1017),(8052,76,79,80,80,78.9,201503106,1017),(8053,93,98,100,100,97.8,201503107,1017),(8054,96,98,99,99,98.01,201503108,1017),(8055,93,98,100,100,97.8,201503110,1017),(8056,65,61,60,60,61.65,201503111,1017),(8057,82,80,80,80,80.55,201503112,1017),(8058,89,97,100,100,96.7,201503113,1017),(8059,78,75,60,60,68.26,201503114,1017),(8060,74,76,80,80,77.39,201503115,1017),(8061,96,99,100,100,98.75,201503116,1017),(8062,100,100,100,100,100,201503117,1017),(8063,64,66,70,70,67.39,201503118,1017),(8064,83,90,99,99,92.93,201503120,1017),(8065,86,91,100,100,94.22,201503121,1017),(8066,80,75,60,60,68.81,201503122,1017),(8067,84,86,80,80,82.33,201503123,1017),(8068,98,100,100,100,99.45,201503124,1017),(8069,82,85,100,100,91.74,201503125,1017),(8070,71,73,70,70,70.97,201503126,1017),(8071,91,97,99,99,96.51,201503127,1017),(8072,76,84,100,100,90.09,201503128,1017),(8073,71,68,60,60,64.68,201503129,1017),(8074,87,87,80,80,83.58,201503130,1017),(8075,98,100,100,100,99.45,201503131,1017),(8076,77,87,100,100,91.06,201503132,1017),(8077,82,80,70,70,75.5,201503133,1017),(8078,96,99,99,99,98.16,201503134,1017),(8079,75,84,100,100,89.54,201503135,1017),(8080,69,67,60,60,64.13,201503136,1017),(8081,86,86,80,80,83.03,201503137,1017),(8082,96,99,100,100,98.9,201503138,1017),(8083,77,87,100,100,91.06,201503139,1017),(8084,85,81,70,70,76.59,201503140,1017),(8085,100,99,99,99,99.26,201503141,1017),(8086,75,84,100,100,89.54,201503142,1017),(8087,69,67,60,60,64.13,201503143,1017),(8088,86,86,80,80,83.03,201503144,1017),(8089,96,99,100,100,98.9,201503145,1017),(8090,77,87,100,100,91.06,201503146,1017),(8091,85,81,70,70,76.59,201503147,1017),(8092,100,99,99,99,99.26,201503148,1017),(8093,75,84,100,100,89.54,201503149,1017),(8094,73,73,70,70,71.52,201503150,1017),(8095,93,98,99,99,97.06,201503151,1017),(8096,96,99,100,100,98.9,201503152,1017),(8097,63,63,60,60,61.52,201503153,1017),(8098,89,87,80,80,83.98,201503154,1017),(8099,100,100,100,100,100,201503155,1017),(8100,75,84,100,100,89.54,201503156,1017),(8101,73,73,70,70,71.52,201503157,1017),(8102,93,98,99,99,97.06,201503158,1017),(8103,96,99,100,100,98.9,201503159,1017),(8104,63,63,60,60,61.52,201503160,1017),(8105,89,87,80,80,83.98,201503161,1017),(8106,100,100,100,100,100,201503162,1017),(8107,77,87,100,100,91.06,201503163,1017),(8108,82,80,70,70,75.5,201503164,1017),(8109,96,99,99,99,98.16,201503165,1017),(8110,80,85,100,100,91.19,201503166,1017),(8111,67,67,60,60,63.58,201504101,1027),(8112,87,87,80,80,83.58,201504102,1027),(8113,98,100,100,100,99.45,201504103,1027),(8114,77,87,100,100,91.06,201504104,1027),(8115,85,81,70,70,76.59,201504105,1027),(8116,100,99,99,99,99.26,201504107,1027),(8117,86,91,100,100,94.22,201504108,1027),(8118,80,75,60,60,68.81,201504109,1027),(8119,84,86,80,80,82.33,201504110,1027),(8120,98,100,100,100,99.45,201504112,1027),(8121,82,85,100,100,91.74,201504113,1027),(8122,71,73,70,70,70.97,201504114,1027),(8123,91,97,99,99,96.51,201504115,1027),(8124,76,84,100,100,90.09,201504116,1027),(8125,71,68,60,60,64.68,201504117,1027),(8126,87,87,80,80,83.58,201504118,1027),(8127,98,100,100,100,99.45,201504119,1027),(8128,77,87,100,100,91.06,201504120,1027),(8129,82,80,70,70,75.5,201504121,1027),(8130,96,99,99,99,98.16,201504122,1027),(8131,75,84,100,100,89.54,201504123,1027),(8132,69,67,60,60,64.13,201504124,1027),(8133,86,86,80,80,83.03,201504125,1027),(8134,96,99,100,100,98.9,201504126,1027),(8135,77,87,100,100,91.06,201504127,1027),(8136,85,81,70,70,76.59,201504128,1027),(8137,100,99,99,99,99.26,201504129,1027),(8138,75,84,100,100,89.54,201504130,1027),(8139,69,67,60,60,64.13,201504131,1027),(8140,86,86,80,80,83.03,201504132,1027),(8141,96,99,100,100,98.9,201504133,1027),(8142,77,87,100,100,91.06,201504134,1027),(8143,85,81,70,70,76.59,201504135,1027),(8144,100,99,99,99,99.26,201504136,1027),(8145,75,84,100,100,89.54,201504137,1027),(8146,73,73,70,70,71.52,201504139,1027),(8147,93,98,99,99,97.06,201504140,1027),(8148,96,99,100,100,98.9,201504141,1027),(8149,63,63,60,60,61.52,201504142,1027),(8150,89,87,80,80,83.98,201504143,1027),(8151,100,100,100,100,100,201504144,1027),(8152,75,84,100,100,89.54,201504145,1027),(8153,73,73,70,70,71.52,201504146,1027),(8154,93,98,99,99,97.06,201504147,1027),(8155,96,99,100,100,98.9,201504148,1027),(8156,63,63,60,60,61.52,201504149,1027),(8157,89,87,80,80,83.98,201504150,1027),(8158,100,100,100,100,100,201504151,1027),(8159,77,87,100,100,91.06,201504152,1027),(8160,82,80,70,70,75.5,201504153,1027),(8161,96,99,99,99,98.16,201504154,1027),(8162,80,85,100,100,91.19,201504157,1027),(8163,67,67,60,60,63.58,201504158,1027),(8164,87,87,80,80,83.58,201504159,1027),(8165,98,100,100,100,99.45,201504160,1027),(8166,77,87,100,100,91.06,201504161,1027),(8167,85,81,70,70,76.59,201504162,1027),(8168,100,99,99,99,99.26,201504163,1027),(8169,75,84,100,100,89.54,201504164,1027),(8170,69,67,60,60,64.13,201504165,1027),(8171,86,86,80,80,83.03,201504166,1027),(8172,96,99,100,100,98.9,201504167,1027),(8173,77,87,100,100,91.06,201505168,1037),(8174,85,81,70,70,76.59,201505169,1037),(8175,100,99,99,99,99.26,201505170,1037),(8176,75,84,100,100,89.54,201505171,1037),(8177,73,73,70,70,71.52,201505172,1037),(8178,93,98,99,99,97.06,201505173,1037),(8179,96,99,100,100,98.9,201505174,1037),(8180,63,63,60,60,61.52,201505176,1037),(8181,89,87,80,80,83.98,201505177,1037),(8182,100,100,100,100,100,201505178,1037),(8183,75,84,100,100,89.54,201505179,1037),(8184,73,73,70,70,71.52,201505180,1037),(8185,93,98,99,99,97.06,201505181,1037),(8186,96,99,100,100,98.9,201505182,1037),(8187,63,63,60,60,61.52,201505183,1037),(8188,89,87,80,80,83.98,201505184,1037),(8189,100,100,100,100,100,201505185,1037),(8190,77,86,99,99,90.32,201505187,1037),(8191,93,98,100,100,97.65,201505188,1037),(8192,82,75,60,60,69.36,201505189,1037),(8193,73,73,80,80,76.42,201505190,1037),(8194,82,90,100,100,93.12,201505191,1037),(8195,95,99,100,100,98.35,201505192,1037),(8196,87,82,70,70,77.29,201505193,1037),(8197,77,86,99,99,90.32,201505194,1037),(8198,96,99,100,100,98.75,201505195,1037),(8199,85,76,60,60,70.46,201505196,1037),(8200,67,72,80,80,74.77,201505197,1037),(8201,76,79,80,80,78.9,201505198,1037),(8202,93,98,100,100,97.8,201505199,1037),(8203,96,98,99,99,98.01,201505200,1037),(8204,93,98,100,100,97.8,201505201,1037),(8205,65,61,60,60,61.65,201505202,1037),(8206,82,80,80,80,80.55,201505203,1037),(8207,89,97,100,100,96.7,201505204,1037),(8208,78,75,60,60,68.26,201505205,1037),(8209,74,76,80,80,77.39,201505206,1037),(8210,96,99,100,100,98.75,201505207,1037),(8211,100,100,100,100,100,201505208,1037),(8212,64,66,70,70,67.39,201505209,1037),(8213,83,90,99,99,92.93,201505210,1037),(8214,86,91,100,100,94.22,201505211,1037),(8215,80,75,60,60,68.81,201505212,1037),(8216,84,86,80,80,82.33,201505213,1037),(8217,98,100,100,100,99.45,201505214,1037),(8218,82,85,100,100,91.74,201505215,1037),(8219,71,73,70,70,70.97,201505216,1037),(8220,91,97,99,99,96.51,201505217,1037),(8221,76,84,100,100,90.09,201505218,1037),(8222,71,68,60,60,64.68,201505219,1037),(8223,87,87,80,80,83.58,201505220,1037),(8224,98,100,100,100,99.45,201505221,1037),(8225,77,87,100,100,91.06,201505222,1037),(8226,82,80,70,70,75.5,201505223,1037),(8227,96,99,99,99,98.16,201505224,1037),(8228,75,84,100,100,89.54,201505225,1037),(8229,69,67,60,60,64.13,201505226,1037),(8230,86,86,80,80,83.03,201505228,1037),(8231,96,99,100,100,98.9,201505229,1037),(8232,77,87,100,100,91.06,201505230,1037),(8233,85,81,70,70,76.59,201505231,1037),(8234,100,99,99,99,99.26,201505232,1037),(8235,75,84,100,100,89.54,201506104,1047),(8236,69,67,60,60,64.13,201506105,1047),(8237,86,86,80,80,83.03,201506106,1047),(8238,96,99,100,100,98.9,201506107,1047),(8239,77,87,100,100,91.06,201506109,1047),(8240,85,81,70,70,76.59,201506110,1047),(8241,100,99,99,99,99.26,201506111,1047),(8242,75,84,100,100,89.54,201506112,1047),(8243,73,73,70,70,71.52,201506113,1047),(8244,93,98,99,99,97.06,201506114,1047),(8245,96,99,100,100,98.9,201506115,1047),(8246,63,63,60,60,61.52,201506116,1047),(8247,89,87,80,80,83.98,201506117,1047),(8248,100,100,100,100,100,201506118,1047),(8249,75,84,100,100,89.54,201506119,1047),(8250,73,73,70,70,71.52,201506120,1047),(8251,93,98,99,99,97.06,201506121,1047),(8252,96,99,100,100,98.9,201506122,1047),(8253,63,63,60,60,61.52,201506123,1047),(8254,89,87,80,80,83.98,201506124,1047),(8255,100,100,100,100,100,201506125,1047),(8256,77,87,100,100,91.06,201506126,1047),(8257,82,80,70,70,75.5,201506127,1047),(8258,96,99,99,99,98.16,201506128,1047),(8259,80,85,100,100,91.19,201506129,1047),(8260,67,67,60,60,63.58,201506130,1047),(8261,87,87,80,80,83.58,201506131,1047),(8262,98,100,100,100,99.45,201506132,1047),(8263,77,87,100,100,91.06,201506133,1047),(8264,85,81,70,70,76.59,201506134,1047),(8265,100,99,99,99,99.26,201506135,1047),(8266,75,84,100,100,89.54,201506136,1047),(8267,69,67,60,60,64.13,201506137,1047),(8268,86,86,80,80,83.03,201506138,1047),(8269,96,99,100,100,98.9,201506139,1047),(8270,77,87,100,100,91.06,201506141,1047),(8271,85,81,70,70,76.59,201506142,1047),(8272,100,99,99,99,99.26,201506143,1047),(8273,75,84,100,100,89.54,201506144,1047),(8274,73,73,70,70,71.52,201506145,1047),(8275,93,98,99,99,97.06,201506147,1047),(8276,96,99,100,100,98.9,201506148,1047),(8277,63,63,60,60,61.52,201506149,1047),(8278,89,87,80,80,83.98,201506150,1047),(8279,100,100,100,100,100,201506151,1047),(8280,75,84,100,100,89.54,201506152,1047),(8281,73,73,70,70,71.52,201506153,1047),(8282,93,98,99,99,97.06,201506154,1047),(8283,96,99,100,100,98.9,201506155,1047),(8284,63,63,60,60,61.52,201506156,1047),(8285,89,87,80,80,83.98,201506157,1047),(8286,100,100,100,100,100,201506158,1047),(8287,77,86,99,99,90.32,201506160,1047),(8288,93,98,100,100,97.65,201506161,1047),(8289,82,75,60,60,69.36,201506162,1047),(8290,73,73,80,80,76.42,201506163,1047),(8291,82,90,100,100,93.12,201506164,1047),(8292,95,99,100,100,98.35,201506165,1047),(8293,87,82,70,70,77.29,201506166,1047),(8294,77,86,99,99,90.32,201502101,1008),(8295,96,99,100,100,98.75,201502102,1008),(8296,85,76,60,60,70.46,201502103,1008),(8297,67,72,80,80,74.77,201502104,1008),(8298,76,79,80,80,78.9,201502105,1008),(8299,93,98,100,100,97.8,201502106,1008),(8300,96,98,99,99,98.01,201502107,1008),(8301,93,98,100,100,97.8,201502108,1008),(8302,65,61,60,60,61.65,201502110,1008),(8303,82,80,80,80,80.55,201502111,1008),(8304,89,97,100,100,96.7,201502112,1008),(8305,78,75,60,60,68.26,201502113,1008),(8306,74,76,80,80,77.39,201502114,1008),(8307,96,99,100,100,98.75,201502116,1008),(8308,100,100,100,100,100,201502117,1008),(8309,64,66,70,70,67.39,201502118,1008),(8310,83,90,99,99,92.93,201502119,1008),(8311,86,91,100,100,94.22,201502121,1008),(8312,80,75,60,60,68.81,201502122,1008),(8313,84,86,80,80,82.33,201502123,1008),(8314,98,100,100,100,99.45,201502125,1008),(8315,82,85,100,100,91.74,201502126,1008),(8316,71,73,70,70,70.97,201502127,1008),(8317,91,97,99,99,96.51,201502129,1008),(8318,76,84,100,100,90.09,201502130,1008),(8319,71,68,60,60,64.68,201502131,1008),(8320,87,87,80,80,83.58,201502132,1008),(8321,98,100,100,100,99.45,201502133,1008),(8322,77,87,100,100,91.06,201502134,1008),(8323,82,80,70,70,75.5,201502135,1008),(8324,96,99,99,99,98.16,201502136,1008),(8325,75,84,100,100,89.54,201502137,1008),(8326,69,67,60,60,64.13,201502138,1008),(8327,86,86,80,80,83.03,201502139,1008),(8328,96,99,100,100,98.9,201502140,1008),(8329,77,87,100,100,91.06,201502141,1008),(8330,85,81,70,70,76.59,201502142,1008),(8331,100,99,99,99,99.26,201502143,1008),(8332,75,84,100,100,89.54,201502144,1008),(8333,69,67,60,60,64.13,201502145,1008),(8334,86,86,80,80,83.03,201502146,1008),(8335,96,99,100,100,98.9,201502147,1008),(8336,77,87,100,100,91.06,201502148,1008),(8337,85,81,70,70,76.59,201502149,1008),(8338,100,99,99,99,99.26,201502150,1008),(8339,75,84,100,100,89.54,201502151,1008),(8340,73,73,70,70,71.52,201502152,1008),(8341,93,98,99,99,97.06,201502153,1008),(8342,96,99,100,100,98.9,201502154,1008),(8343,63,63,60,60,61.52,201502155,1008),(8344,89,87,80,80,83.98,201502156,1008),(8345,100,100,100,100,100,201502157,1008),(8346,75,84,100,100,89.54,201502158,1008),(8347,73,73,70,70,71.52,201502159,1008),(8348,93,98,99,99,97.06,201502160,1008),(8349,96,99,100,100,98.9,201502161,1008),(8350,63,63,60,60,61.52,201502162,1008),(8351,89,87,80,80,83.98,201502163,1008),(8352,100,100,100,100,100,201502164,1008),(8353,77,87,100,100,91.06,201502165,1008),(8354,82,80,70,70,75.5,201502166,1008),(8355,96,99,99,99,98.16,201503101,1018),(8356,80,85,100,100,91.19,201503102,1018),(8357,67,67,60,60,63.58,201503103,1018),(8358,87,87,80,80,83.58,201503105,1018),(8359,98,100,100,100,99.45,201503106,1018),(8360,77,87,100,100,91.06,201503107,1018),(8361,85,81,70,70,76.59,201503108,1018),(8362,100,99,99,99,99.26,201503110,1018),(8363,86,91,100,100,94.22,201503111,1018),(8364,80,75,60,60,68.81,201503112,1018),(8365,84,86,80,80,82.33,201503113,1018),(8366,98,100,100,100,99.45,201503114,1018),(8367,82,85,100,100,91.74,201503115,1018),(8368,71,73,70,70,70.97,201503116,1018),(8369,91,97,99,99,96.51,201503117,1018),(8370,76,84,100,100,90.09,201503118,1018),(8371,71,68,60,60,64.68,201503120,1018),(8372,87,87,80,80,83.58,201503121,1018),(8373,98,100,100,100,99.45,201503122,1018),(8374,77,87,100,100,91.06,201503123,1018),(8375,82,80,70,70,75.5,201503124,1018),(8376,96,99,99,99,98.16,201503125,1018),(8377,75,84,100,100,89.54,201503126,1018),(8378,69,67,60,60,64.13,201503127,1018),(8379,86,86,80,80,83.03,201503128,1018),(8380,96,99,100,100,98.9,201503129,1018),(8381,77,87,100,100,91.06,201503130,1018),(8382,85,81,70,70,76.59,201503131,1018),(8383,100,99,99,99,99.26,201503132,1018),(8384,75,84,100,100,89.54,201503133,1018),(8385,69,67,60,60,64.13,201503134,1018),(8386,86,86,80,80,83.03,201503135,1018),(8387,96,99,100,100,98.9,201503136,1018),(8388,77,87,100,100,91.06,201503137,1018),(8389,85,81,70,70,76.59,201503138,1018),(8390,100,99,99,99,99.26,201503139,1018),(8391,75,84,100,100,89.54,201503140,1018),(8392,73,73,70,70,71.52,201503141,1018),(8393,93,98,99,99,97.06,201503142,1018),(8394,96,99,100,100,98.9,201503143,1018),(8395,63,63,60,60,61.52,201503144,1018),(8396,89,87,80,80,83.98,201503145,1018),(8397,100,100,100,100,100,201503146,1018),(8398,75,84,100,100,89.54,201503147,1018),(8399,73,73,70,70,71.52,201503148,1018),(8400,93,98,99,99,97.06,201503149,1018),(8401,96,99,100,100,98.9,201503150,1018),(8402,63,63,60,60,61.52,201503151,1018),(8403,89,87,80,80,83.98,201503152,1018),(8404,100,100,100,100,100,201503153,1018),(8405,77,87,100,100,91.06,201503154,1018),(8406,82,80,70,70,75.5,201503155,1018),(8407,96,99,99,99,98.16,201503156,1018),(8408,80,85,100,100,91.19,201503157,1018),(8409,67,67,60,60,63.58,201503158,1018),(8410,87,87,80,80,83.58,201503159,1018),(8411,98,100,100,100,99.45,201503160,1018),(8412,77,87,100,100,91.06,201503161,1018),(8413,85,81,70,70,76.59,201503162,1018),(8414,100,99,99,99,99.26,201503163,1018),(8415,75,84,100,100,89.54,201503164,1018),(8416,69,67,60,60,64.13,201503165,1018),(8417,86,86,80,80,83.03,201503166,1018),(8418,96,99,100,100,98.9,201504101,1028),(8419,77,87,100,100,91.06,201504102,1028),(8420,85,81,70,70,76.59,201504103,1028),(8421,100,99,99,99,99.26,201504104,1028),(8422,75,84,100,100,89.54,201504105,1028),(8423,73,73,70,70,71.52,201504107,1028),(8424,93,98,99,99,97.06,201504108,1028),(8425,96,99,100,100,98.9,201504109,1028),(8426,63,63,60,60,61.52,201504110,1028),(8427,89,87,80,80,83.98,201504112,1028),(8428,100,100,100,100,100,201504113,1028),(8429,75,84,100,100,89.54,201504114,1028),(8430,73,73,70,70,71.52,201504115,1028),(8431,93,98,99,99,97.06,201504116,1028),(8432,96,99,100,100,98.9,201504117,1028),(8433,63,63,60,60,61.52,201504118,1028),(8434,89,87,80,80,83.98,201504119,1028),(8435,100,100,100,100,100,201504120,1028),(8436,77,86,99,99,90.32,201504121,1028),(8437,93,98,100,100,97.65,201504122,1028),(8438,82,75,60,60,69.36,201504123,1028),(8439,73,73,80,80,76.42,201504124,1028),(8440,82,90,100,100,93.12,201504125,1028),(8441,95,99,100,100,98.35,201504126,1028),(8442,87,82,70,70,77.29,201504127,1028),(8443,77,86,99,99,90.32,201504128,1028),(8444,96,99,100,100,98.75,201504129,1028),(8445,85,76,60,60,70.46,201504130,1028),(8446,67,72,80,80,74.77,201504131,1028),(8447,76,79,80,80,78.9,201504132,1028),(8448,93,98,100,100,97.8,201504133,1028),(8449,96,98,99,99,98.01,201504134,1028),(8450,93,98,100,100,97.8,201504135,1028),(8451,65,61,60,60,61.65,201504136,1028),(8452,82,80,80,80,80.55,201504137,1028),(8453,89,97,100,100,96.7,201504139,1028),(8454,78,75,60,60,68.26,201504140,1028),(8455,74,76,80,80,77.39,201504141,1028),(8456,96,99,100,100,98.75,201504142,1028),(8457,100,100,100,100,100,201504143,1028),(8458,64,66,70,70,67.39,201504144,1028),(8459,83,90,99,99,92.93,201504145,1028),(8460,86,91,100,100,94.22,201504146,1028),(8461,80,75,60,60,68.81,201504147,1028),(8462,84,86,80,80,82.33,201504148,1028),(8463,98,100,100,100,99.45,201504149,1028),(8464,82,85,100,100,91.74,201504150,1028),(8465,71,73,70,70,70.97,201504151,1028),(8466,91,97,99,99,96.51,201504152,1028),(8467,76,84,100,100,90.09,201504153,1028),(8468,71,68,60,60,64.68,201504154,1028),(8469,87,87,80,80,83.58,201504157,1028),(8470,98,100,100,100,99.45,201504158,1028),(8471,77,87,100,100,91.06,201504159,1028),(8472,82,80,70,70,75.5,201504160,1028),(8473,96,99,99,99,98.16,201504161,1028),(8474,75,84,100,100,89.54,201504162,1028),(8475,69,67,60,60,64.13,201504163,1028),(8476,86,86,80,80,83.03,201504164,1028),(8477,96,99,100,100,98.9,201504165,1028),(8478,77,87,100,100,91.06,201504166,1028),(8479,85,81,70,70,76.59,201504167,1028),(8480,100,99,99,99,99.26,201505168,1038),(8481,75,84,100,100,89.54,201505169,1038),(8482,69,67,60,60,64.13,201505170,1038),(8483,86,86,80,80,83.03,201505171,1038),(8484,96,99,100,100,98.9,201505172,1038),(8485,77,87,100,100,91.06,201505173,1038),(8486,85,81,70,70,76.59,201505174,1038),(8487,100,99,99,99,99.26,201505176,1038),(8488,75,84,100,100,89.54,201505177,1038),(8489,73,73,70,70,71.52,201505178,1038),(8490,93,98,99,99,97.06,201505179,1038),(8491,96,99,100,100,98.9,201505180,1038),(8492,63,63,60,60,61.52,201505181,1038),(8493,89,87,80,80,83.98,201505182,1038),(8494,100,100,100,100,100,201505183,1038),(8495,75,84,100,100,89.54,201505184,1038),(8496,73,73,70,70,71.52,201505185,1038),(8497,93,98,99,99,97.06,201505187,1038),(8498,96,99,100,100,98.9,201505188,1038),(8499,63,63,60,60,61.52,201505189,1038),(8500,89,87,80,80,83.98,201505190,1038),(8501,100,100,100,100,100,201505191,1038),(8502,77,87,100,100,91.06,201505192,1038),(8503,82,80,70,70,75.5,201505193,1038),(8504,96,99,99,99,98.16,201505194,1038),(8505,80,85,100,100,91.19,201505195,1038),(8506,67,67,60,60,63.58,201505196,1038),(8507,87,87,80,80,83.58,201505197,1038),(8508,98,100,100,100,99.45,201505198,1038),(8509,77,87,100,100,91.06,201505199,1038),(8510,85,81,70,70,76.59,201505200,1038),(8511,100,99,99,99,99.26,201505201,1038),(8512,75,84,100,100,89.54,201505202,1038),(8513,69,67,60,60,64.13,201505203,1038),(8514,86,86,80,80,83.03,201505204,1038),(8515,96,99,100,100,98.9,201505205,1038),(8516,77,87,100,100,91.06,201505206,1038),(8517,85,81,70,70,76.59,201505207,1038),(8518,100,99,99,99,99.26,201505208,1038),(8519,75,84,100,100,89.54,201505209,1038),(8520,73,73,70,70,71.52,201505210,1038),(8521,93,98,99,99,97.06,201505211,1038),(8522,96,99,100,100,98.9,201505212,1038),(8523,63,63,60,60,61.52,201505213,1038),(8524,89,87,80,80,83.98,201505214,1038),(8525,100,100,100,100,100,201505215,1038),(8526,75,84,100,100,89.54,201505216,1038),(8527,73,73,70,70,71.52,201505217,1038),(8528,93,98,99,99,97.06,201505218,1038),(8529,96,99,100,100,98.9,201505219,1038),(8530,63,63,60,60,61.52,201505220,1038),(8531,89,87,80,80,83.98,201505221,1038),(8532,100,100,100,100,100,201505222,1038),(8533,77,86,99,99,90.32,201505223,1038),(8534,93,98,100,100,97.65,201505224,1038),(8535,82,75,60,60,69.36,201505225,1038),(8536,73,73,80,80,76.42,201505226,1038),(8537,82,90,100,100,93.12,201505228,1038),(8538,95,99,100,100,98.35,201505229,1038),(8539,87,82,70,70,77.29,201505230,1038),(8540,77,86,99,99,90.32,201505231,1038),(8541,96,99,100,100,98.75,201505232,1038),(8542,85,76,60,60,70.46,201506104,1048),(8543,67,72,80,80,74.77,201506105,1048),(8544,76,79,80,80,78.9,201506106,1048),(8545,93,98,100,100,97.8,201506107,1048),(8546,96,98,99,99,98.01,201506109,1048),(8547,93,98,100,100,97.8,201506110,1048),(8548,65,61,60,60,61.65,201506111,1048),(8549,82,80,80,80,80.55,201506112,1048),(8550,89,97,100,100,96.7,201506113,1048),(8551,78,75,60,60,68.26,201506114,1048),(8552,74,76,80,80,77.39,201506115,1048),(8553,96,99,100,100,98.75,201506116,1048),(8554,100,100,100,100,100,201506117,1048),(8555,64,66,70,70,67.39,201506118,1048),(8556,83,90,99,99,92.93,201506119,1048),(8557,86,91,100,100,94.22,201506120,1048),(8558,80,75,60,60,68.81,201506121,1048),(8559,84,86,80,80,82.33,201506122,1048),(8560,98,100,100,100,99.45,201506123,1048),(8561,82,85,100,100,91.74,201506124,1048),(8562,71,73,70,70,70.97,201506125,1048),(8563,91,97,99,99,96.51,201506126,1048),(8564,76,84,100,100,90.09,201506127,1048),(8565,71,68,60,60,64.68,201506128,1048),(8566,87,87,80,80,83.58,201506129,1048),(8567,98,100,100,100,99.45,201506130,1048),(8568,77,87,100,100,91.06,201506131,1048),(8569,82,80,70,70,75.5,201506132,1048),(8570,96,99,99,99,98.16,201506133,1048),(8571,75,84,100,100,89.54,201506134,1048),(8572,69,67,60,60,64.13,201506135,1048),(8573,86,86,80,80,83.03,201506136,1048),(8574,96,99,100,100,98.9,201506137,1048),(8575,77,87,100,100,91.06,201506138,1048),(8576,85,81,70,70,76.59,201506139,1048),(8577,100,99,99,99,99.26,201506141,1048),(8578,75,84,100,100,89.54,201506142,1048),(8579,69,67,60,60,64.13,201506143,1048),(8580,86,86,80,80,83.03,201506144,1048),(8581,96,99,100,100,98.9,201506145,1048),(8582,77,87,100,100,91.06,201506147,1048),(8583,85,81,70,70,76.59,201506148,1048),(8584,100,99,99,99,99.26,201506149,1048),(8585,75,84,100,100,89.54,201506150,1048),(8586,73,73,70,70,71.52,201506151,1048),(8587,93,98,99,99,97.06,201506152,1048),(8588,96,99,100,100,98.9,201506153,1048),(8589,63,63,60,60,61.52,201506154,1048),(8590,89,87,80,80,83.98,201506155,1048),(8591,100,100,100,100,100,201506156,1048),(8592,75,84,100,100,89.54,201506157,1048),(8593,73,73,70,70,71.52,201506158,1048),(8594,93,98,99,99,97.06,201506160,1048),(8595,96,99,100,100,98.9,201506161,1048),(8596,63,63,60,60,61.52,201506162,1048),(8597,89,87,80,80,83.98,201506163,1048),(8598,100,100,100,100,100,201506164,1048),(8599,77,87,100,100,91.06,201506165,1048),(8600,82,80,70,70,75.5,201506166,1048),(8601,96,99,99,99,98.16,201502101,1009),(8602,80,85,100,100,91.19,201502102,1009),(8603,67,67,60,60,63.58,201502103,1009),(8604,87,87,80,80,83.58,201502104,1009),(8605,98,100,100,100,99.45,201502105,1009),(8606,77,87,100,100,91.06,201502106,1009),(8607,85,81,70,70,76.59,201502107,1009),(8608,100,99,99,99,99.26,201502108,1009),(8609,86,91,100,100,94.22,201502110,1009),(8610,80,75,60,60,68.81,201502111,1009),(8611,84,86,80,80,82.33,201502112,1009),(8612,98,100,100,100,99.45,201502113,1009),(8613,82,85,100,100,91.74,201502114,1009),(8614,71,73,70,70,70.97,201502116,1009),(8615,91,97,99,99,96.51,201502117,1009),(8616,76,84,100,100,90.09,201502118,1009),(8617,71,68,60,60,64.68,201502119,1009),(8618,87,87,80,80,83.58,201502121,1009),(8619,98,100,100,100,99.45,201502122,1009),(8620,77,87,100,100,91.06,201502123,1009),(8621,82,80,70,70,75.5,201502125,1009),(8622,96,99,99,99,98.16,201502126,1009),(8623,75,84,100,100,89.54,201502127,1009),(8624,69,67,60,60,64.13,201502129,1009),(8625,86,86,80,80,83.03,201502130,1009),(8626,96,99,100,100,98.9,201502131,1009),(8627,77,87,100,100,91.06,201502132,1009),(8628,85,81,70,70,76.59,201502133,1009),(8629,100,99,99,99,99.26,201502134,1009),(8630,75,84,100,100,89.54,201502135,1009),(8631,69,67,60,60,64.13,201502136,1009),(8632,86,86,80,80,83.03,201502137,1009),(8633,96,99,100,100,98.9,201502138,1009),(8634,77,87,100,100,91.06,201502139,1009),(8635,85,81,70,70,76.59,201502140,1009),(8636,100,99,99,99,99.26,201502141,1009),(8637,75,84,100,100,89.54,201502142,1009),(8638,73,73,70,70,71.52,201502143,1009),(8639,93,98,99,99,97.06,201502144,1009),(8640,96,99,100,100,98.9,201502145,1009),(8641,63,63,60,60,61.52,201502146,1009),(8642,89,87,80,80,83.98,201502147,1009),(8643,100,100,100,100,100,201502148,1009),(8644,75,84,100,100,89.54,201502149,1009),(8645,73,73,70,70,71.52,201502150,1009),(8646,93,98,99,99,97.06,201502151,1009),(8647,96,99,100,100,98.9,201502152,1009),(8648,63,63,60,60,61.52,201502153,1009),(8649,89,87,80,80,83.98,201502154,1009),(8650,100,100,100,100,100,201502155,1009),(8651,77,87,100,100,91.06,201502156,1009),(8652,82,80,70,70,75.5,201502157,1009),(8653,96,99,99,99,98.16,201502158,1009),(8654,80,85,100,100,91.19,201502159,1009),(8655,67,67,60,60,63.58,201502160,1009),(8656,87,87,80,80,83.58,201502161,1009),(8657,98,100,100,100,99.45,201502162,1009),(8658,77,87,100,100,91.06,201502163,1009),(8659,85,81,70,70,76.59,201502164,1009),(8660,100,99,99,99,99.26,201502165,1009),(8661,75,84,100,100,89.54,201502166,1009),(8662,69,67,60,60,64.13,201503101,1019),(8663,86,86,80,80,83.03,201503102,1019),(8664,96,99,100,100,98.9,201503103,1019),(8665,77,87,100,100,91.06,201503105,1019),(8666,85,81,70,70,76.59,201503106,1019),(8667,100,99,99,99,99.26,201503107,1019),(8668,75,84,100,100,89.54,201503108,1019),(8669,73,73,70,70,71.52,201503110,1019),(8670,93,98,99,99,97.06,201503111,1019),(8671,96,99,100,100,98.9,201503112,1019),(8672,63,63,60,60,61.52,201503113,1019),(8673,89,87,80,80,83.98,201503114,1019),(8674,100,100,100,100,100,201503115,1019),(8675,75,84,100,100,89.54,201503116,1019),(8676,73,73,70,70,71.52,201503117,1019),(8677,93,98,99,99,97.06,201503118,1019),(8678,96,99,100,100,98.9,201503120,1019),(8679,63,63,60,60,61.52,201503121,1019),(8680,89,87,80,80,83.98,201503122,1019),(8681,100,100,100,100,100,201503123,1019),(8682,77,86,99,99,90.32,201503124,1019),(8683,93,98,100,100,97.65,201503125,1019),(8684,82,75,60,60,69.36,201503126,1019),(8685,73,73,80,80,76.42,201503127,1019),(8686,82,90,100,100,93.12,201503128,1019),(8687,95,99,100,100,98.35,201503129,1019),(8688,87,82,70,70,77.29,201503130,1019),(8689,77,86,99,99,90.32,201503131,1019),(8690,96,99,100,100,98.75,201503132,1019),(8691,85,76,60,60,70.46,201503133,1019),(8692,67,72,80,80,74.77,201503134,1019),(8693,76,79,80,80,78.9,201503135,1019),(8694,93,98,100,100,97.8,201503136,1019),(8695,96,98,99,99,98.01,201503137,1019),(8696,93,98,100,100,97.8,201503138,1019),(8697,65,61,60,60,61.65,201503139,1019),(8698,82,80,80,80,80.55,201503140,1019),(8699,89,97,100,100,96.7,201503141,1019),(8700,78,75,60,60,68.26,201503142,1019),(8701,74,76,80,80,77.39,201503143,1019),(8702,96,99,100,100,98.75,201503144,1019),(8703,100,100,100,100,100,201503145,1019),(8704,64,66,70,70,67.39,201503146,1019),(8705,83,90,99,99,92.93,201503147,1019),(8706,86,91,100,100,94.22,201503148,1019),(8707,80,75,60,60,68.81,201503149,1019),(8708,84,86,80,80,82.33,201503150,1019),(8709,98,100,100,100,99.45,201503151,1019),(8710,82,85,100,100,91.74,201503152,1019),(8711,71,73,70,70,70.97,201503153,1019),(8712,91,97,99,99,96.51,201503154,1019),(8713,76,84,100,100,90.09,201503155,1019),(8714,71,68,60,60,64.68,201503156,1019),(8715,87,87,80,80,83.58,201503157,1019),(8716,98,100,100,100,99.45,201503158,1019),(8717,77,87,100,100,91.06,201503159,1019),(8718,82,80,70,70,75.5,201503160,1019),(8719,96,99,99,99,98.16,201503161,1019),(8720,75,84,100,100,89.54,201503162,1019),(8721,69,67,60,60,64.13,201503163,1019),(8722,86,86,80,80,83.03,201503164,1019),(8723,96,99,100,100,98.9,201503165,1019),(8724,77,87,100,100,91.06,201503166,1019),(8725,85,81,70,70,76.59,201504101,1029),(8726,100,99,99,99,99.26,201504102,1029),(8727,75,84,100,100,89.54,201504103,1029),(8728,69,67,60,60,64.13,201504104,1029),(8729,86,86,80,80,83.03,201504105,1029),(8730,96,99,100,100,98.9,201504107,1029),(8731,77,87,100,100,91.06,201504108,1029),(8732,85,81,70,70,76.59,201504109,1029),(8733,100,99,99,99,99.26,201504110,1029),(8734,75,84,100,100,89.54,201504112,1029),(8735,73,73,70,70,71.52,201504113,1029),(8736,93,98,99,99,97.06,201504114,1029),(8737,96,99,100,100,98.9,201504115,1029),(8738,63,63,60,60,61.52,201504116,1029),(8739,89,87,80,80,83.98,201504117,1029),(8740,100,100,100,100,100,201504118,1029),(8741,75,84,100,100,89.54,201504119,1029),(8742,73,73,70,70,71.52,201504120,1029),(8743,93,98,99,99,97.06,201504121,1029),(8744,96,99,100,100,98.9,201504122,1029),(8745,63,63,60,60,61.52,201504123,1029),(8746,89,87,80,80,83.98,201504124,1029),(8747,100,100,100,100,100,201504125,1029),(8748,77,87,100,100,91.06,201504126,1029),(8749,82,80,70,70,75.5,201504127,1029),(8750,96,99,99,99,98.16,201504128,1029),(8751,80,85,100,100,91.19,201504129,1029),(8752,67,67,60,60,63.58,201504130,1029),(8753,87,87,80,80,83.58,201504131,1029),(8754,98,100,100,100,99.45,201504132,1029),(8755,77,87,100,100,91.06,201504133,1029),(8756,85,81,70,70,76.59,201504134,1029),(8757,100,99,99,99,99.26,201504135,1029),(8758,75,84,100,100,89.54,201504136,1029),(8759,69,67,60,60,64.13,201504137,1029),(8760,86,86,80,80,83.03,201504139,1029),(8761,96,99,100,100,98.9,201504140,1029),(8762,77,87,100,100,91.06,201504141,1029),(8763,85,81,70,70,76.59,201504142,1029),(8764,100,99,99,99,99.26,201504143,1029),(8765,75,84,100,100,89.54,201504144,1029),(8766,73,73,70,70,71.52,201504145,1029),(8767,93,98,99,99,97.06,201504146,1029),(8768,96,99,100,100,98.9,201504147,1029),(8769,63,63,60,60,61.52,201504148,1029),(8770,89,87,80,80,83.98,201504149,1029),(8771,100,100,100,100,100,201504150,1029),(8772,75,84,100,100,89.54,201504151,1029),(8773,73,73,70,70,71.52,201504152,1029),(8774,93,98,99,99,97.06,201504153,1029),(8775,96,99,100,100,98.9,201504154,1029),(8776,63,63,60,60,61.52,201504157,1029),(8777,89,87,80,80,83.98,201504158,1029),(8778,100,100,100,100,100,201504159,1029),(8779,77,86,99,99,90.32,201504160,1029),(8780,93,98,100,100,97.65,201504161,1029),(8781,82,75,60,60,69.36,201504162,1029),(8782,73,73,80,80,76.42,201504163,1029),(8783,82,90,100,100,93.12,201504164,1029),(8784,95,99,100,100,98.35,201504165,1029),(8785,87,82,70,70,77.29,201504166,1029),(8786,77,86,99,99,90.32,201504167,1029),(8787,96,99,100,100,98.75,201505168,1039),(8788,85,76,60,60,70.46,201505169,1039),(8789,67,72,80,80,74.77,201505170,1039),(8790,76,79,80,80,78.9,201505171,1039),(8791,93,98,100,100,97.8,201505172,1039),(8792,96,98,99,99,98.01,201505173,1039),(8793,93,98,100,100,97.8,201505174,1039),(8794,65,61,60,60,61.65,201505176,1039),(8795,82,80,80,80,80.55,201505177,1039),(8796,89,97,100,100,96.7,201505178,1039),(8797,78,75,60,60,68.26,201505179,1039),(8798,74,76,80,80,77.39,201505180,1039),(8799,96,99,100,100,98.75,201505181,1039),(8800,100,100,100,100,100,201505182,1039),(8801,64,66,70,70,67.39,201505183,1039),(8802,83,90,99,99,92.93,201505184,1039),(8803,86,91,100,100,94.22,201505185,1039),(8804,80,75,60,60,68.81,201505187,1039),(8805,84,86,80,80,82.33,201505188,1039),(8806,98,100,100,100,99.45,201505189,1039),(8807,82,85,100,100,91.74,201505190,1039),(8808,71,73,70,70,70.97,201505191,1039),(8809,91,97,99,99,96.51,201505192,1039),(8810,76,84,100,100,90.09,201505193,1039),(8811,71,68,60,60,64.68,201505194,1039),(8812,87,87,80,80,83.58,201505195,1039),(8813,98,100,100,100,99.45,201505196,1039),(8814,77,87,100,100,91.06,201505197,1039),(8815,82,80,70,70,75.5,201505198,1039),(8816,96,99,99,99,98.16,201505199,1039),(8817,75,84,100,100,89.54,201505200,1039),(8818,69,67,60,60,64.13,201505201,1039),(8819,86,86,80,80,83.03,201505202,1039),(8820,96,99,100,100,98.9,201505203,1039),(8821,77,87,100,100,91.06,201505204,1039),(8822,85,81,70,70,76.59,201505205,1039),(8823,100,99,99,99,99.26,201505206,1039),(8824,75,84,100,100,89.54,201505207,1039),(8825,69,67,60,60,64.13,201505208,1039),(8826,86,86,80,80,83.03,201505209,1039),(8827,96,99,100,100,98.9,201505210,1039),(8828,77,87,100,100,91.06,201505211,1039),(8829,85,81,70,70,76.59,201505212,1039),(8830,100,99,99,99,99.26,201505213,1039),(8831,75,84,100,100,89.54,201505214,1039),(8832,73,73,70,70,71.52,201505215,1039),(8833,93,98,99,99,97.06,201505216,1039),(8834,96,99,100,100,98.9,201505217,1039),(8835,63,63,60,60,61.52,201505218,1039),(8836,89,87,80,80,83.98,201505219,1039),(8837,100,100,100,100,100,201505220,1039),(8838,75,84,100,100,89.54,201505221,1039),(8839,73,73,70,70,71.52,201505222,1039),(8840,93,98,99,99,97.06,201505223,1039),(8841,96,99,100,100,98.9,201505224,1039),(8842,63,63,60,60,61.52,201505225,1039),(8843,89,87,80,80,83.98,201505226,1039),(8844,100,100,100,100,100,201505228,1039),(8845,77,87,100,100,91.06,201505229,1039),(8846,82,80,70,70,75.5,201505230,1039),(8847,96,99,99,99,98.16,201505231,1039),(8848,80,85,100,100,91.19,201505232,1039),(8849,67,67,60,60,63.58,201506104,1049),(8850,87,87,80,80,83.58,201506105,1049),(8851,98,100,100,100,99.45,201506106,1049),(8852,77,87,100,100,91.06,201506107,1049),(8853,85,81,70,70,76.59,201506109,1049),(8854,100,99,99,99,99.26,201506110,1049),(8855,98,100,100,100,99.45,201506111,1049),(8856,77,87,100,100,91.06,201506112,1049),(8857,85,81,70,70,76.59,201506113,1049),(8858,100,99,99,99,99.26,201506114,1049),(8859,86,91,100,100,94.22,201506115,1049),(8860,80,75,60,60,68.81,201506116,1049),(8861,84,86,80,80,82.33,201506117,1049),(8862,98,100,100,100,99.45,201506118,1049),(8863,82,85,100,100,91.74,201506119,1049),(8864,71,73,70,70,70.97,201506120,1049),(8865,91,97,99,99,96.51,201506121,1049),(8866,76,84,100,100,90.09,201506122,1049),(8867,71,68,60,60,64.68,201506123,1049),(8868,87,87,80,80,83.58,201506124,1049),(8869,98,100,100,100,99.45,201506125,1049),(8870,77,87,100,100,91.06,201506126,1049),(8871,82,80,70,70,75.5,201506127,1049),(8872,96,99,99,99,98.16,201506128,1049),(8873,75,84,100,100,89.54,201506129,1049),(8874,69,67,60,60,64.13,201506130,1049),(8875,86,86,80,80,83.03,201506131,1049),(8876,96,99,100,100,98.9,201506132,1049),(8877,77,87,100,100,91.06,201506133,1049),(8878,85,81,70,70,76.59,201506134,1049),(8879,100,99,99,99,99.26,201506135,1049),(8880,75,84,100,100,89.54,201506136,1049),(8881,69,67,60,60,64.13,201506137,1049),(8882,86,86,80,80,83.03,201506138,1049),(8883,96,99,100,100,98.9,201506139,1049),(8884,77,87,100,100,91.06,201506141,1049),(8885,85,81,70,70,76.59,201506142,1049),(8886,100,99,99,99,99.26,201506143,1049),(8887,75,84,100,100,89.54,201506144,1049),(8888,73,73,70,70,71.52,201506145,1049),(8889,93,98,99,99,97.06,201506147,1049),(8890,96,99,100,100,98.9,201506148,1049),(8891,63,63,60,60,61.52,201506149,1049),(8892,89,87,80,80,83.98,201506150,1049),(8893,100,100,100,100,100,201506151,1049),(8894,75,84,100,100,89.54,201506152,1049),(8895,73,73,70,70,71.52,201506153,1049),(8896,93,98,99,99,97.06,201506154,1049),(8897,96,99,100,100,98.9,201506155,1049),(8898,63,63,60,60,61.52,201506156,1049),(8899,89,87,80,80,83.98,201506157,1049),(8900,100,100,100,100,100,201506158,1049),(8901,77,87,100,100,91.06,201506160,1049),(8902,82,80,70,70,75.5,201506161,1049),(8903,96,99,99,99,98.16,201506162,1049),(8904,80,85,100,100,91.19,201506163,1049),(8905,67,67,60,60,63.58,201506164,1049),(8906,87,87,80,80,83.58,201506165,1049),(8907,98,100,100,100,99.45,201506166,1049);
/*!40000 ALTER TABLE `tbl_nota` ENABLE KEYS */;
UNLOCK TABLES;

--
-- Table structure for table `tbl_usuarios`
--

DROP TABLE IF EXISTS `tbl_usuarios`;
/*!40101 SET @saved_cs_client     = @@character_set_client */;
/*!40101 SET character_set_client = utf8 */;
CREATE TABLE `tbl_usuarios` (
  `id_usuarios` int(11) NOT NULL,
  `usuario` varchar(45) NOT NULL COMMENT '	',
  `pass` varchar(45) NOT NULL,
  `email` varchar(45) DEFAULT NULL,
  `fk_dpidocente` char(13) NOT NULL,
  `tbl_usuarioscol` varchar(45) DEFAULT NULL,
  PRIMARY KEY (`id_usuarios`),
  KEY `fk_tbl_usuarios_tbl_docente1_idx` (`fk_dpidocente`),
  CONSTRAINT `fk_tbl_usuarios_tbl_docente1` FOREIGN KEY (`fk_dpidocente`) REFERENCES `tbl_docente` (`dpidocente_id`) ON DELETE NO ACTION ON UPDATE NO ACTION
) ENGINE=InnoDB DEFAULT CHARSET=utf8;
/*!40101 SET character_set_client = @saved_cs_client */;

--
-- Dumping data for table `tbl_usuarios`
--

LOCK TABLES `tbl_usuarios` WRITE;
/*!40000 ALTER TABLE `tbl_usuarios` DISABLE KEYS */;
/*!40000 ALTER TABLE `tbl_usuarios` ENABLE KEYS */;
UNLOCK TABLES;

--
-- Dumping events for database 'mydb'
--

--
-- Dumping routines for database 'mydb'
--
/*!40103 SET TIME_ZONE=@OLD_TIME_ZONE */;

/*!40101 SET SQL_MODE=@OLD_SQL_MODE */;
/*!40014 SET FOREIGN_KEY_CHECKS=@OLD_FOREIGN_KEY_CHECKS */;
/*!40014 SET UNIQUE_CHECKS=@OLD_UNIQUE_CHECKS */;
/*!40101 SET CHARACTER_SET_CLIENT=@OLD_CHARACTER_SET_CLIENT */;
/*!40101 SET CHARACTER_SET_RESULTS=@OLD_CHARACTER_SET_RESULTS */;
/*!40101 SET COLLATION_CONNECTION=@OLD_COLLATION_CONNECTION */;
/*!40111 SET SQL_NOTES=@OLD_SQL_NOTES */;

-- Dump completed on 2016-11-06 23:19:15
