-- MySQL dump 10.13  Distrib 5.7.9, for Win64 (x86_64)
--
-- Host: localhost    Database: mydb
-- ------------------------------------------------------
-- Server version	5.6.28-log

/*!40101 SET @OLD_CHARACTER_SET_CLIENT=@@CHARACTER_SET_CLIENT */;
/*!40101 SET @OLD_CHARACTER_SET_RESULTS=@@CHARACTER_SET_RESULTS */;
/*!40101 SET @OLD_COLLATION_CONNECTION=@@COLLATION_CONNECTION */;
/*!40101 SET NAMES utf8 */;
/*!40103 SET @OLD_TIME_ZONE=@@TIME_ZONE */;
/*!40103 SET TIME_ZONE='+00:00' */;
/*!40014 SET @OLD_UNIQUE_CHECKS=@@UNIQUE_CHECKS, UNIQUE_CHECKS=0 */;
/*!40014 SET @OLD_FOREIGN_KEY_CHECKS=@@FOREIGN_KEY_CHECKS, FOREIGN_KEY_CHECKS=0 */;
/*!40101 SET @OLD_SQL_MODE=@@SQL_MODE, SQL_MODE='NO_AUTO_VALUE_ON_ZERO' */;
/*!40111 SET @OLD_SQL_NOTES=@@SQL_NOTES, SQL_NOTES=0 */;

--
-- Table structure for table `tbl_dep`
--

DROP TABLE IF EXISTS `tbl_dep`;
/*!40101 SET @saved_cs_client     = @@character_set_client */;
/*!40101 SET character_set_client = utf8 */;
CREATE TABLE `tbl_dep` (
  `id_dep` int(11) NOT NULL,
  `departamento` varchar(45) DEFAULT NULL,
  PRIMARY KEY (`id_dep`)
) ENGINE=InnoDB DEFAULT CHARSET=utf8;
/*!40101 SET character_set_client = @saved_cs_client */;

--
-- Dumping data for table `tbl_dep`
--

LOCK TABLES `tbl_dep` WRITE;
/*!40000 ALTER TABLE `tbl_dep` DISABLE KEYS */;
INSERT INTO `tbl_dep` VALUES (1,'GUATEMALA'),(2,'EL PROGRESO'),(3,'SACATEPEQUEZ'),(4,'CHIMALTENANGO'),(5,'ESCUINTLA'),(6,'SANTA ROSA'),(7,'SOLOLA'),(8,'TOTONICAPAN'),(9,'QUETZALTENANGO'),(10,'SUCHITEPEQUEZ'),(11,'RETALHULEU'),(12,'SAN MARCOS'),(13,'HUEHUETENANGO'),(14,'EL QUICHE'),(15,'BAJA VERAPAZ'),(16,'ALTA VERAPAZ'),(17,'EL PETEN'),(18,'IZABAL'),(19,'ZACAPA'),(20,'CHIQUIMULA'),(21,'JALAPA'),(22,'JUTIAPA');
/*!40000 ALTER TABLE `tbl_dep` ENABLE KEYS */;
UNLOCK TABLES;

--
-- Table structure for table `tbl_docente`
--

DROP TABLE IF EXISTS `tbl_docente`;
/*!40101 SET @saved_cs_client     = @@character_set_client */;
/*!40101 SET character_set_client = utf8 */;
CREATE TABLE `tbl_docente` (
  `dpidocente_id` char(13) NOT NULL,
  `nombres` varchar(45) DEFAULT NULL,
  `sexo` varchar(5) DEFAULT NULL,
  `telefono` int(11) DEFAULT NULL,
  `direccion` varchar(45) DEFAULT NULL,
  `departamento` varchar(45) DEFAULT NULL,
  `especialidad` varchar(45) DEFAULT NULL,
  `sueldo` varchar(45) DEFAULT NULL,
  `fecha` datetime DEFAULT NULL,
  PRIMARY KEY (`dpidocente_id`)
) ENGINE=InnoDB DEFAULT CHARSET=utf8;
/*!40101 SET character_set_client = @saved_cs_client */;

--
-- Dumping data for table `tbl_docente`
--

LOCK TABLES `tbl_docente` WRITE;
/*!40000 ALTER TABLE `tbl_docente` DISABLE KEYS */;
INSERT INTO `tbl_docente` VALUES ('1602608091227','Mario Emiliano Sandoval Lopez','M',23239232,'Aldea Fraternidad, Esquipulas Palo Gordo','San Marcos',NULL,'4500.00',NULL),('1660968731202','Welfin Rodrigo Fuentes Bautista','M',23239232,'Aldea San Jose Caben, San Pedro Sac.','San Marcos',NULL,'4500.00',NULL),('1687753601203','Cardona Almaraz, Eberto Alexes1687 75360 1203','M',23239232,'San Pablo,','San Marcos',NULL,'4500.00',NULL),('1701502081216','Sandro Omar, Valenzuela','M',23239232,'1ra. Av. 8-34 zona 1 Catarina','San Marcos',NULL,'4500.00',NULL),('1720000842214','Juan Alberto, Alvarez Lopez ','M',53644191,'Santa Cruz Moyuta Jutiapa','Moyuta Jutiapa',NULL,'4500.00',NULL),('1746291251202','Juan Jose Gonzalez','M',23239232,'1era. Calle B 6-47 zona 2, San Pedro Sac.','San Marcos',NULL,'4500.00',NULL),('1746715471201','Liliana Leticia, Muñoz Sanchez','F',23239232,'5ta. Calle 10-64 zona 4, ,','San Marcos',NULL,'4500.00',NULL),('1764403051203','Juan Carlos Cardona Cardona','M',53426156,'Caserio Vista Hermosa, San Antonio Sac.','San Marcos',NULL,'4500.00',NULL),('1764427581203','Maria del Carmen, Gutierrez Cifuentes','F',23239232,'7ma calle 15-301 Zona 4,','San Marcos',NULL,'4500.00',NULL),('1782172121226','Cesar Augusto Ambrocio y Ambrocio','M',30121737,'Aldea Escupijá, Sipacapa','San Marcos',NULL,'4500.00',NULL),('1800459461201','Yurguen Estuardo Lopez Lopez','M',23239232,'4a. Avenida 7-03 zona 2,','San Marcos',NULL,'4500.00',NULL),('1803943471215','Nehemias Joel, Orozco Barrios','M',23239232,'Aldea La Muralla, Catarina,','San Marcos',NULL,'4500.00',NULL),('1805852741901','Elmer RandolfoDe Paz Lopez','M',45371738,'1a avenida El Estor','Izabal',NULL,'4500.00',NULL),('1812226711202','Marcos Victor Fuentes Pojoj','M',23239232,'Aldea San Andrés Chapil, San Pedro Sac.','San Marcos',NULL,'4500.00',NULL),('1834956080203','Lubia Yaceña Toledo Carranza','F',23239232,'Caserio Agua Tibia, San Pedro Sacatepequez,','San Marcos',NULL,'4500.00',NULL),('1853651751202','Luis Felipe Isaac Gomez Godinez','M',23239232,'Aldea San Isidro Chamac, SanPedro Sac.','San Marcos',NULL,'4500.00',NULL),('1870477311202','Elman Uliser Lopez Miranda','M',53233176,'5ta. Calle \"A\" Zona 1 San Pedro Sac.','San Marcos.',NULL,'4500.00',NULL),('1937025761201','Cristian Paolo De Leon Orozco','M',57101661,'1a. Calle A 3-65 zona 3, San Pedro Sac','San Marcos',NULL,'4500.00',NULL),('1965670841203','Maria Eugenia Cardona Estrada','F',77773785,'2da. Calle 2-47 zona 1, San Antonio sac','San Marcos',NULL,'4500.00',NULL),('1969035561203','Elder Matias, Garcia Lopez','M',23239232,'San Antonio Sac.,','San Marcos',NULL,'4500.00',NULL),('1984440871226','Julio Amilcar, Tema López','M',45852873,'Ald. Tres Cruces, Sipacapa','San Marcos',NULL,'4500.00',NULL),('1987228931210','Arely Magalí De León Escobar','F',23239232,'5ta. Calle 14-176 Zona 4,  Cton, S. Fraco.','San Marcos',NULL,'4500.00',NULL),('1989591171202','Erwin Jonatan Navarro Fuentes','M',23239232,'Aldea San Jose Caben, San Pedro Sac','San Marcos',NULL,'4500.00',NULL),('2062797321218','Mario Arturo, Luarca Alvarado','M',23239232,'Caserio Los Faros, Ocos','San Marcos',NULL,'4500.00',NULL),('2116762411201','Andrea Beatriz Arreaga Sandova','F ',57778163,'5a. Calle 15-231 Zona 5, San Marcos ','San Marcos  ',NULL,'4500.00',NULL),('2122720201203','Darwin Matias Carreto Garcia','M',23239232,'Aldea San Isidro Ixcolochil, San Antonio Sac.','San Marcos',NULL,'4500.00',NULL),('2127255641203','Jeovany Franquil  Alvarado Ramirez','M',48855907,'ALDEA SAN RAFAEL SAC.SAN ANTONIO SAC.','San Marcos',NULL,'4500.00',NULL),('2151290161202','Fuentes Godinez, Wilman Rodelbi 2151290161202','M',23239232,'Caseri Llano Grande San Pedro Sac','San Marcos',NULL,'4500.00',NULL),('2164944511226','Briseida Aracely Bamaca Lopez','F',23239232,'Aldea Poj, Sipacapa,','San Marcos',NULL,'4500.00',NULL),('2171330611202','Donnis Aroldo Bilsai, Fuentes Garcia','M',23239232,'Aldea San Jose Caben, San Pedro Sac.','San Marcos',NULL,'4500.00',NULL),('2197750951202','Delgy Patricia Fuentes Fuentes','F',23239232,'Aldea San Andres Chapil, San Pedro Sac.','San Marcos',NULL,'4500.00',NULL),('2272288201202','Rony Urias, Ramirez Juarez','M',23239232,'Aldea San Jose Caben Zona 4 San Pedro Sac.','San Marcos',NULL,'4500.00',NULL),('2301802991202','Enrique Santiago, Tul Ardiano','M',23239232,'Aldea San Andres Chapil, San Pedro Sac','San Marcos',NULL,'4500.00',NULL),('2301934201202','Juventino Fulgencio, Gonzalez Fuentes','M',23239232,'Caserio Llano Grande San Pedro Sac.','San Marcos',NULL,'4500.00',NULL),('2327734911202','Elsa Eugenia  Garcia Miranda','F',23239232,'Aldea San Andres Chapil, San Pedro Sac.','San Marcos',NULL,'4500.00',NULL),('2356049332101','Mauricio Enrique, Ortiz Contreras','M',40280657,'Residenciales Valle del Sol, Zona 7','Jalapa',NULL,'4500.00',NULL),('2357731661218','Emilsen Isabel, Luarca Alvarado','F',23239232,'Caserio Los Faros, Ocos','San Marcos',NULL,'4500.00',NULL),('2362673451202','Douglas Urias, Gonzalez Castañon','M',23239232,'San Jose Caben, San Pedro Sac. S.M.','San Marcos',NULL,'4500.00',NULL),('2394833751203','Mazriegos Xun Dulce Rocio','F',45781143,'Aldea Santa Irene','San Marcos',NULL,'4500.00',NULL),('2431146721202','Benedicto Francisco,  Navarro López','M',23239232,'Aldea San Jose Caben, San Pedro Sac.,','San Marcos',NULL,'4500.00',NULL),('2442191171202','Ejil Vinicio Fuentes Godinez','M',23239232,'Aldea San Jose Caben, San Pedro Sac.','San Marcos',NULL,'4500.00',NULL),('2449994301219','Jose Adolfo, Estrada Licardie','M',55530536,'San Pablo, San Marcos','San Marcos',NULL,'4500.00',NULL),('2549005181202','Walfred Isai Fuentes Miranda','M',23239232,'Aldea San Jose Caben, San Pedro Sacatepequez.','San Marcos',NULL,'4500.00',NULL),('2625729661201','Yesica Walesca Castro','F',23239232,'6ta. Av. 6-55 Zona 2 San  Marcos','San Marcos',NULL,'4500.00',NULL),('2663375701201','Carlos Fernando Minchez Fuentes','M',53259759,'Aldea la Grandeza, San Pedro Sac','San Marcos',NULL,'4500.00',NULL);
/*!40000 ALTER TABLE `tbl_docente` ENABLE KEYS */;
UNLOCK TABLES;

--
-- Table structure for table `tbl_estudiante`
--

DROP TABLE IF EXISTS `tbl_estudiante`;
/*!40101 SET @saved_cs_client     = @@character_set_client */;
/*!40101 SET character_set_client = utf8 */;
CREATE TABLE `tbl_estudiante` (
  `dpi_id` char(13) NOT NULL,
  `nomyape` varchar(45) NOT NULL,
  `sexo` varchar(5) NOT NULL,
  `telefono` int(11) DEFAULT NULL,
  `direccion` varchar(45) DEFAULT NULL,
  `carnet` varchar(45) DEFAULT NULL,
  `becado` tinyint(1) DEFAULT NULL,
  `fecha` datetime DEFAULT NULL,
  `fk_dep` int(11) NOT NULL,
  PRIMARY KEY (`dpi_id`),
  KEY `fk_tbl_datos_tbl_dep1_idx` (`fk_dep`),
  CONSTRAINT `fk_tbl_datos_tbl_dep1` FOREIGN KEY (`fk_dep`) REFERENCES `tbl_dep` (`id_dep`) ON DELETE NO ACTION ON UPDATE NO ACTION
) ENGINE=InnoDB DEFAULT CHARSET=utf8;
/*!40101 SET character_set_client = @saved_cs_client */;

--
-- Dumping data for table `tbl_estudiante`
--

LOCK TABLES `tbl_estudiante` WRITE;
/*!40000 ALTER TABLE `tbl_estudiante` DISABLE KEYS */;
INSERT INTO `tbl_estudiante` VALUES ('1576280861306','Lazaro Domingo Julio Ambrocio','M',50486347,'Caserio Tepan San Pedro Nectá','2016-01-101',0,NULL,13),('1578899041201','Evelyn Liliana Godinez Velasquez','F',31558622,'Aldea Las Lagunas','2016-04-123',0,NULL,12),('1582027751202','Lusvin Estuardo Fuentes Orozco','M',31653711,' San Pedro Sacatepequez','2016-06-108',0,NULL,12),('1585408241211','Christian Estuardo Fuentes Navarro','M',31840287,'Aldea SanJose Caben San Pedro Sac','2016-03-114',1,NULL,12),('1585607520101','Braulio Israel Felix Ramirez','M',31953029,'Aldea Talquicho San Lorenzo','2016-02-160',0,NULL,12),('1587923941214','Fabiola Enelina Castañon Merida','F',32016607,' Esquipulas Palo Gordo','2016-06-146',0,NULL,12),('1588737071204','Hilder Osbely Barrios Alvarez','M',32187383,'Aldea las Manzanas Rio Blanco','2016-04-119',0,NULL,12),('1599104041101','Aguilon Pablo Oscar Enriqu','M',32372020,'Aldea Santa Rosa San Lorenzo','2016-03-108',0,NULL,12),('1599675891202','Pablo Aladino Ardiano Ramirez','M',32244950,'Aldea San Andres Chapil San Pedro Sac.','2016-02-110',0,NULL,12),('1606133530602','Alfredo Isaias Garcia Castro','M',32403115,'Zona 2 Momostenango Totonicapan','2016-05-227',0,NULL,8),('1622306721210','Obdulia Etelvina Miranda Orozco','F',32533771,'zona 4 San pedro Sacatepquez S.M','2016-05-232',0,NULL,12),('1623967911201','Ismael Eliu  Miranda Fuentes','M',32546729,'Aldea San Jose Caben San Pedro Sac','2016-03-145',0,NULL,12),('1630405751201','Bersai Bartolome Gomez Gutierrez','M',32568862,'Caserio 20 de abril Malacatan','2016-06-151',0,NULL,12),('1633547971503','Enai Duvan Garcia','M',32586620,'Canton san Ramon San Antonio Sac','2016-06-162',1,NULL,12),('1639723381202','Esdras Josue Fuentes Perez','M',32614090,'Caserio Oratorio San Pedro Sac','2016-06-110',0,NULL,12),('1641450441229','Dicla Marna De León Váldez','F',32622910,'Aldea San Jose Caben San Pedro Sac.','2016-03-138',0,NULL,12),('1641454271202','Benjamin Cruz de la Cruz','F',32678490,'Caserio la Joyita San Pablo','2016-06-132',1,NULL,12),('1642840280805','Elvin Wilfredo Carrillo Orozco','M',32802050,'Aldea Mavil San Pedro Sacatepequez .','2016-04-110',0,NULL,12),('1644167171202','Gelber Humberto Calmo Velasquez','M',33052544,' La Reforma ','2016-02-106',0,NULL,12),('1644311611202','Vilma Elizabeth Ambrocio Carrillo','F',33069860,'Sector el Jardin Sipacapa .','2016-01-124',0,NULL,12),('1646016031203','Sandoval Coyoy Petronila Guillermina','F',33080810,'Aldea San Juan Melendrez Catarina','2016-03-124',0,NULL,12),('1652913701202','Rony Saul Reyna Tovar','M',33518633,'Canton El Centro Aldea La Federacion','2016-02-121',0,NULL,12),('1654646581216','Astrid Verenice Ramirez Nolasco','F',33540462,'Aldea Nuevo San Antonio Malacatan','2016-04-106',0,NULL,12),('1659725561202','Oscar Humberto  Macario Jimenez','M',36657493,'Caserío Llano Grande Concepción tutuapa.','2016-06-124',0,NULL,12),('1660058781213','Octavio Cruz González Sandoval,','M',40035640,'San Rafael Pie de la Cuesta','2016-05-168',0,NULL,12),('1660481511215','Martinez Bertilio Donai','M',30387835,'Aldea el Porvenir Talquicho San Lorenzo','2016-04-159',0,NULL,12),('1660962961202','Laureano Guzman Temaj','M',5367536,'Aldea Tuisacaja Comitancillo','2016-02-154',1,NULL,12),('1660968651202','Juan Carlos  Gonzalez Rodriguez','M',40108332,'Ald. San Isidro Chamac San Pedro Sac','2016-05-189',0,NULL,12),('1667022931220','Herman Darinel Gonzalez Barrios','M',40121205,'CASERIO GUADALUPE CATARINA','2016-06-142',0,NULL,12),('1667101641207','Udilzar Yerandi Fuentes Miranda','M',40216655,'Aldea San Jose Caben San Pedro Sac.','2016-03-137',0,NULL,12),('1669733431201','Hector Lionel Escobar Ovando','M',40238708,'3ra. Calle 1-26 zona 1 Tecun Uman','2016-05-214',0,NULL,12),('1671465481207','Emanuel Zaqueo Cruz Domingo','M',40263714,'Calle Los Tres Reyes El Tumbador','2016-02-137',0,NULL,12),('1672072531109','Fausto Renato Castañon Lopez','M',40278737,'Aldea San Jose Petacalapa Malacatan','2016-03-127',0,NULL,12),('1672363931204','Cristobal Danilo Barrios Domingo','M',40317740,'ALDEA COLIMA 2 SAN PABLO','2016-04-163',0,NULL,12),('1679225641202','Obdulio Rosendo Merida Sandoval','M',40325040,'2 calle 7-72 zona 4 Coatepeque','2016-05-230',0,NULL,12),('1679229551202','Cristian Brenner Orozco Miranda','M',40391513,'Caserio Oratorio San Pedro Sac','2016-06-109',0,NULL,12),('1681280121202','Heber Francisco Juarez Miranda','M',40428402,'Aldea San Jose Caben San Pedro Sac','2016-03-130',0,NULL,12),('1682264481215','Denis Rodolfo Estrada Bautista','M',40445018,' San Antonio Sacateopequez','2016-05-179',0,NULL,12),('1683894951202','Lirio Heriberto Cinto Hernandez','M',40482277,'San Miguel Ixtaguacan','2016-04-148',0,NULL,12),('1685098731203','wilmer Nehemias Chilel Moreno','M',40613188,'Aldea Nueva Colonia Malacatan','2016-04-107',0,NULL,12),('1685102001203','Jose Luis  Baltazar Perez','M',40724374,'Aldea Tuichilupe Comitancillo','2016-02-156',0,NULL,12),('1685108981202','Mario Alexander Arreaga Perez','M',40737332,'Aldea Las Majadas San Cristobal Cucho','2016-04-121',0,NULL,12),('1685117381201','Wuilson Onelio Alvarez Lopez','M',40772329,'Canton Colima  Belen Malacatan .','2016-02-125',0,NULL,12),('1685710481202','Mariano Chivalan Mateo','M',40825641,'Santa Izabel II Zona 3 Villa Nueva.','2016-05-229',0,NULL,1),('1690554341108','Fray Cristobal Garcia Salazar','M',40862806,'Aldea Las Azucenas Jalapa','2016-04-129',0,NULL,12),('1692647341216','Franlin Romeo Rafael  Gomez','M',40894188,'Aldea La independencia Chilil Sipacapa','2016-04-137',0,NULL,12),('1695746011204','Jose Fernando Ortega Bamba','M',40989322,' El Asintal,11','2016-01-149',0,NULL,12),('1696125111216','Alejandro Manfredo Navarro Orozco','M',41032576,'Aldea San Ignacio Nuevo Progreso','2016-03-156',0,NULL,12),('1698103131201','Miranda Orozco Baldomero Roberto','M',41079988,'Aldea San Jose Caben San Pedro Sac.','2016-03-136',1,NULL,12),('1699113651202','Miranda Miranda Rolando Antonio','M',41539700,'Aldea San Jose Caben San Pedro Sac.','2016-03-135',0,NULL,12),('1702768561202','Miranda Lòpez Ovidio','M',41589916,'Comitancillo','2016-01-147',0,NULL,12),('1704116641202','Neldo Vidal Matias Perez','M',41752589,'Aldea San Jeronimo El Tumbador','2016-03-147',0,NULL,12),('1704310371216','Fausto Estuardo Guzman Miranda','M',42286464,'Cantón San Pablo Comitancillo','2016-06-164',0,NULL,12),('1710423281204','Juan Francisco Jose','M',42349679,'comunidad Guadalupe Victoria El Palmar','2016-01-145',0,NULL,9),('1717380711203','Leonardo Gustavo Fuentes Orozco','M',42504167,'Aldea La Grandeza San Pedro Sacatepequez','2016-04-141',0,NULL,12),('1719135311203','Cristian Audulio Fuentes Miranda','M',42724158,'San Andres Chapil San Pedro Sac','2016-01-131',0,NULL,12),('1725262721204','Edmond Hillary Fuentes Fuentes','M',42760905,'zona 1 Catarina','2016-02-139',0,NULL,12),('1726778741224','Jimmy Adimir Estrada Flores','M',43460638,' zona 1 San Antonio Sacatepequez.','2016-05-222',0,NULL,12),('1727610181202','Gabriel Eduardo Domingo Perez','M',43558425,' San Jose El Rodeo','2016-01-146',0,NULL,12),('1729836651218','Eriselda Lineth Dominguez Pérez','F',43627260,'Aldea La Muralla Catarina','2016-04-131',0,NULL,12),('1729860001202','Irian Liseth De Leòn Orozco','F',43631894,'Aldea Agua Caliente','2016-05-185',0,NULL,12),('1729887641202','Alejandro Manuel Cifuentes Gabriel','M',44240689,'Ald. Sann Jose Caben San Pedro Sac.','2016-02-149',0,NULL,12),('1729893101202','Ismer Magiver Castañon Vasquez','M',44827041,'Aldea San Andres Chapil San Pedro Sac','2016-02-101',0,NULL,12),('1732713671229','Veronica Elvira Barrios Lopez','F',45006012,'Caserio El Plan Ixchiguan .','2016-06-144',0,NULL,12),('1732714481229','Carlos Antonio Bravo lopez','M',45021307,'Aldea El Amparo Tumbador','2016-04-160',0,NULL,12),('1733701791204','Kevin Leonel Gonzalez Lopez','M',45054475,' Aldea San Andres Chapil San Pedro Sac.','2016-02-120',0,NULL,12),('1733964021211','Keyner Vinicio Gonzalez Godinez','M',45117099,'ald San Jose Caben San Pedro Sac','2016-01-109',0,NULL,12),('1734194881217','Rafael Rene Giron Gramajo','M',45156278,'Caserio el Naranjal San Pablo','2016-06-148',1,NULL,12),('1735110581201','Erica Noemi Garcia Ramirez','F',45227501,'Aldea Julischin Ixchiguan','2016-04-146',0,NULL,12),('1738601921229','Byron Otoniel Garcia Miranda','M',24774464,'San Antonio Sac.','2016-01-130',0,NULL,12),('1738716311207','Juanito Rinaldi Fuentes Perez','M',45244143,'Canton Filipinas Catarina','2016-02-115',0,NULL,12),('1738782371204','Cristhian Juventino Fuentes Castañon','M',45259554,'Aldea San Andres Chapiul San Pedro Sac','2016-03-158',0,NULL,12),('1739674421202','Jose Felipe de Jesus Feliciano Orozco','M',45380956,'Aldea Chicajalaj Comitancillo','2016-04-167',0,NULL,12),('1739675151202','Maynor Israel Castañon Quic','M',45386419,'Aldea Chual Sipacapa','2016-04-164',0,NULL,12),('1739683331202','Francly Adonias Bravo','M',45395977,'Aldea Chim San Pedro Sac','2016-04-166',0,NULL,12),('1741074471301','Luceli Gabriela Bautista Esteban','F',45503071,'San Pedro Sac','2016-05-196',0,NULL,12),('1741805271202','Rony Andres Barrera Fuentes','M',45504819,'Caserio la Independencia Catarina','2016-06-133',0,NULL,12),('1742033221217','Nelson Amadeo Ardiano Miranda','M',45560827,'Aldea San Andres chapil San Pedro Sac','2016-03-162',0,NULL,12),('1742074471301','Cindy Patricia Bautista Perez','F',45428474,'Pedra Grande San Pedro Sac','2016-05-223',0,NULL,12),('1746709661204','Walter Rolando Ambrocio Villegas','M',45743041,'Aldea San Isidro Saipacapa','2016-03-150',0,NULL,12),('1746713931203','Edwin Eliseo Ambrocio Rafael','M',45803183,'Aldea Setivaj Sipacapa .','2016-03-101',0,NULL,12),('1753564751002','Eliseo Isaias Ambrocio Lopez','M',45870007,'aledea Poj Sipacapa','2016-02-150',0,NULL,12),('1755668281215','Julio Aroldo Aguilar Orozco','M',45875439,'Aldea Las Lagunas','2016-04-122',0,NULL,12),('1757984001204','Oscar Humberto Osorio Cahuec','M',45902900,'4ta. Calle 3-71 Zona 2 Rabinal Baja Verapaz','2016-05-208',0,NULL,15),('1761787671201','Diovan Elisman Barrios Aguilar','M',45961991,'Aldea El Sitio Catarina','2016-04-152',0,NULL,12),('1764361541203','Gonzalo Roman Vasquez Lopez','M',46048977,'Aldea El Tecomate Catarina','2016-04-150',0,NULL,12),('1764363241203','Jose Lazaro Tum Acabal','M',46082551,' Aldea San Jon San Lorenzo Ayutla .','2016-06-106',0,NULL,12),('1764376061203','Dominga Petronila Orozco López','F',46088936,'Caserio El Chipal Catarina','2016-06-149',0,NULL,12),('1764379401203','Antulio Roldan Lopez Castro','M',46100988,'Aldea la Estancia Sipacapa .','2016-04-142',0,NULL,12),('1764424721203','Marvin Eli Gamboa Martin','M',46191987,'Malacatan .','2016-06-105',0,NULL,12),('1764426261203','Maria Lourdes Estrada Fuentes','F',46229410,'zona 1 San Anntonio Sac','2016-05-209',0,NULL,12),('1764704251202','Maria del Carmen Estrada Fuentes','F',46260631,'San Antonio Sac .','2016-01-111',1,NULL,12),('1765314241202','Simon Victoriano Escalante Perez','M',46297295,'Barrio Los Olivos Sibinal .','2016-02-142',0,NULL,12),('1767447031216','Mildred Monica Cifuenes Barrios','F',46363028,'Aldea La Muralla Catarina','2016-04-130',0,NULL,12),('1771076691215','Nelson Abel Chicaj Orozco','M',46367330,'Cantón San Pedro Nuevo Progreso','2016-06-163',0,NULL,12),('1771695240114','Simsai Obed Castillo Rabanales','M',46392302,'Aldea El Sitio Catarina','2016-04-151',0,NULL,12),('1772142521213','Carreto Sanchez Luz Amanda','F',46421035,'Aldea Sibana El Asintal11','2016-02-165',0,NULL,12),('1773139941227','Cardona Barrios Jobito Raul','M',46439402,'Frente Escuela de Parvulos Catarina','2016-01-139',0,NULL,12),('1776143901101','Ovidio Abimael Bonilla Merida','M',46444099,'Aldea El Tecomatillo Catarina','2016-04-149',0,NULL,12),('1776823291204','Erick Luiden Barrios Bail','M',46448825,'El Asintal,11','2016-01-143',0,NULL,12),('1777472851204','Rosmery Roxana Fuentes De León','F',30009496,' San Rafael Pie de la Cuesta','2016-04-147',0,NULL,12),('1781283921219','Ludin Guadalupe Rodriguez Vasquez','M',46481211,'Pajapita','2016-01-134',0,NULL,12),('1804695840911','Gilmer Vladimir Gonzalez Escobar','M',46627496,'Caserio la fraternidad tumbador ','2016-06-134',0,NULL,12),('1805437411229','Ferneli Fidel Fuentes y Fuentes','M',46653842,'Ald. San Jose Caben San Pedro Sac.','2016-05-216',0,NULL,12),('1806667381202','Wilver Andres Fuentes Godinez','M',46658625,'Aldea San jose Caben San Pedro Sac .','2016-03-128',0,NULL,12),('1816678511216',' Rubelsi Nehemias Fuentes Castañon','M',46699216,'Ald San Jose Caben','2016-06-131',0,NULL,12),('1819017651216','Sandy Yanira Escobedo Morales','F',46728478,'5a. Calle 5-12 zona 5 Barrios San Luis,11','2016-05-204',0,NULL,12),('1824830101215','Cesar Miguel Cesar Miguel','M',46867490,'Aldea Santa Rosa Sector la Union San Lorenzo','2016-03-104',0,NULL,12),('1826744520906','Cardona López Byron Margarito ','M',46878985,'Pajapita','2016-01-133',0,NULL,12),('1827660471101','Marlon Gamaliel Agustin Lopez','M',46904231,'Cantón Santo Domingo Belen Malacatan .','2016-06-158',0,NULL,12),('1828359011212','Maximiliano Federico Aguilar Bravo','M',46979879,'Aldea San Pedro Petz San Pedro Sac.','2016-03-121',0,NULL,12),('1828812451202','Byron Danilo Tul Monzon','M',47158698,'Aldea La Grandeza San Pedro Sac.','2016-04-139',0,NULL,12),('1830128521203','Perez Miranda Jose Luis','M',47688550,'Ald Grande San Pedro Sacatepequez','2016-01-112',0,NULL,12),('1830138751203','Paxtor Maldonado Marlon David','M',47688995,' Acceso Candacuchex 8-29 zona 2','2016-01-135',0,NULL,12),('1830345461208','Omar Hernan Rabanalez Juarez','M',47687045,'Aldea Sisiltepeque Catarina','2016-02-163',0,NULL,12),('1831883811229','Lopez Fuentes William Alex','M',30403174,'Aldea San Andres Chapil San Pedro Sac','2016-04-102',0,NULL,12),('1834942101202','Sheny Francisca Estrada Giron','F',47780614,' San Antonio Sacateopequez','2016-05-178',0,NULL,12),('1835162571215','Estrada Coyoy Edelma Cristina','F',47873071,'Aldea San Rafael Sac San Antonio Sac','2016-03-116',0,NULL,12),('1840014551202','Jose Alberto  Castañon Chavez','M',47892576,'Canton 12 de noviembre el rodeo','2016-02-128',0,NULL,12),('1848490981215','Francisco Anibal Baustista Barrios','M',48121318,'5a. Calle 5-25 Callejon Juanita Zona 4','2016-05-203',0,NULL,12),('1852492991102','Eli Daniel Agueda Lopez','M',48137862,'Aldea Villa Linda Las Palmas Coatepeque 09','2016-02-153',0,NULL,12),('1855985871202','Selvin Adan Orozco Ramirez','M',48313715,'Cantón Santo Domingo Belen Malacatan .','2016-06-157',0,NULL,12),('1858983781223','Eduardo Josue Orozco Orozco','M',48437273,'Aldea San Isidro Chamac SanPedro Sac.','2016-02-136',0,NULL,12),('1859030611204','Navarro Gonzalez Roldi Gonzalo','M',48450026,' San Pedro Sac.','2016-01-108',0,NULL,12),('1859438101226','Edwin Roberto Mendez Perez','M',48479755,'Aldea La independencia Chilil Sipacapa','2016-04-136',1,NULL,12),('1860388951204','Mendez Lopez Haroldo Josue','M',48491617,'Catarina','2016-01-158',0,NULL,12),('1860400241201','Antony Josue Gomez Fuentes','M',48609605,' Zona 2 San Pedro Sac','2016-01-141',0,NULL,12),('1861842391213','Wilder Paul Gamboa Ramirez','M',48745035,'Aldea San Jose Zelandia San Pablo','2016-03-126',0,NULL,12),('1866087800904','Cesar Higinio Fuentes Orozco','M',48749726,'Zona 4 San José Caben San Pedro Sac.','2016-05-219',0,NULL,12),('1878689211204','Edvin Edilzar Felix Agustin','M',48778381,'Caserio la Primavera Comitancillo','2016-06-129',0,NULL,12),('1879052661226','Leonardo Alexander Estrada Orozco','M',48811203,'San Antonio Sacatepequez','2016-05-173',0,NULL,12),('1882310801203','Sergio Jonatan Estrada Fuentes','M',48818051,' San Antonio Sacatepequez.','2016-05-170',0,NULL,12),('1887282951203','Edwin Orlando Estrada Cardona','M',48870124,' San Antonio S.','2016-05-177',0,NULL,12),('1890486771221','Godinez López Guillermo Veracruz','M',30555165,'Aldea Sisiltepeque Catarina','2016-02-162',0,NULL,12),('1893199251202','Arturo Enrique Escobar de León','M',48935385,'Aldea La Lima Malacatan','2016-04-132',0,NULL,12),('1894074921201','Ribelina de Jesus Diaz Escalante','F',48938395,'Canton Cuatan Aldea Tojcheche Tacana .','2016-02-123',0,NULL,12),('1895051091203','De León López Urelis Floricelda','F',48988249,'Aldea Las Majadas San Cristobal Cucho','2016-04-120',0,NULL,12),('1900973371214','Iris Cristina  De Leon Cifuentes','F',49120212,'zona 3','2016-01-106',0,NULL,12),('190117951202','Wilmer Bladimir Chun Gomez','M',49135819,'Aldea las Tapias Tejutla','2016-04-118',0,NULL,12),('1901717821229','Mynor Alfonso Charuc Lopez','M',49153325,'Canton el Carmen San Andres Chapil','2016-02-122',0,NULL,12),('1903032041204','Cardona Santos Wendy Maricela','F',49163475,'ALDEA LA  GRANDEZA SAN PEDRO SAC.','2016-02-126',0,NULL,12),('1903717301215','Julio Amarildo Bravo Culebro','M',49320463,'Zona 5 San Isidro Chamac','2016-01-102',1,NULL,12),('1904293641215','Wilder Alexander,Garcia','M',30590245,'Aldea San Isidro Chamac San Pedro Sac.','2016-03-155',0,NULL,12),('1906431451226','Lazaro Irene Barrios Reyes','M',49337460,'Aldea Limones Ocos','2016-04-117',0,NULL,12),('1909211531201','Abimael Alexander Barrios Aguilon','M',49340836,'Esquipulas Palo Gordo','2016-06-145',0,NULL,12),('1912790481301','Oscar Gumercindo Pérez Cabrera','M',49366567,'  San Antonio Sacatepequez','2016-06-153',0,NULL,12),('1913149351207','Walter Ramos Dìaz','M',49373788,'Aldea Ninchim Concepcion Tutuapa','2016-04-108',0,NULL,12),('1919438050101','Melvin Alberto Ramirez Ramirez','M',49385251,'Caserio Pajatz Ixchiguan','2016-06-107',0,NULL,12),('1920816081213','Emilio Benjamin Ramirez Orozco','M',49497322,'6ta. Av. Z-109 zona 1 Comitancillo','2016-05-197',0,NULL,12),('1922122061216','Delma Noemiy Cruz Lopez','F',30653450,'ALDEA PUEBLO VIEJO SIPACAPA .','2016-04-103',0,NULL,12),('1922157791204','Maycol Darwin Escobar Galvez','M',30038730,'Caserío Ixquihuila Aldea Las Lagunas','2016-06-137',0,NULL,12),('1925599581215','Ivone Lourdes Rabanales Morales','F',49522330,'Aldea Santa Marta Melendres Ayutla','2016-03-112',0,NULL,12),('1925655401109','Elfido Ovidio Miranda Matias','M',49527411,'Aldea Tojcheche Comitancillo .','2016-02-157',0,NULL,12),('1929579291203','Kenedy Wanerges Matias de Paz','M',49577136,'Caserio Los Bujes Comitancillo','2016-06-119',0,NULL,12),('1930708551204','Edvin Alcario Matias Aguilon','M',49598005,'Aldea Tuilelen Comitancillo','2016-06-152',0,NULL,12),('1935026901229','Fabio Bernardo Marroquin Felix','M',49670592,'Caserio la Primavera Comitancillo .','2016-06-127',0,NULL,12),('1937781731202','Gilberto Noel Macario Gomez','M',49729308,'Aldea Agua Tibia Tejutla .','2016-05-184',0,NULL,12),('1938038281214','Elvin Abraham Jiguan Berduo','M',49792701,'Canton San Pablo Comitancillo','2016-06-166',0,NULL,12),('1940126461206','Elmar Natan Gabriel Escobar','M',49812921,'Aldea Corinto Zacualpa an Lorenzo .','2016-04-162',0,NULL,12),('1940876541201','Eber Jeudith Gabriel Marroquin','M',49903628,'Aldea Tuichuilupe Comitancillo .','2016-02-155',0,NULL,12),('1942320422121','Hector Edilberto Gabriel Jimenez','M',49947164,'Caserio Los Bujes Comitancillo','2016-06-120',0,NULL,12),('1942546701203','Isaias Rigoberto Coronado Florencio','M',49967411,'aldea el Porvenir  San Lorenzo .','2016-04-158',0,NULL,12),('1942627742101','Yolanda Ambrocio Bautista','F',50068214,'Aldea Llano Grande Sipacapa .','2016-04-113',0,NULL,12),('1947497111229','Gustavo Aguilon Perez','M',50070719,'Aldea Piedra de Fuego Comitancillo','2016-04-105',0,NULL,12),('1947532391215','Matias Perez Yordano Herdildo','M',50178815,'Colonia San Antonio El Tumbador','2016-01-151',0,NULL,12),('1949992971214','Marta Olivia Aguilar Muñoz','F',30658976,'San Rafel Pie de la Cuesta','2016-01-140',0,NULL,12),('1950614701204','Deyni Yojaira Gonzalez Lopez','F',50188126,'Calle Principal Tectitan 13','2016-02-132',1,NULL,12),('1951219880919','Rony Estuardo Alvarado Fuentes','M',30728919,'Cantón Ojo de Agua San Pedro Sac','2016-02-108',0,NULL,12),('1953086111101','Blanca Maricela Gabriel Isidro','F',50198351,'Caserio la Caballería San Lorenzo ','2016-06-135',0,NULL,12),('1958991211216','Jesus Alejandro Fuentes Monzon','M',50297996,'Aldea San Jose Caben San Pedro Sac','2016-03-129',0,NULL,12),('1959126911202','Susana judith Fuentes Castro','F',50343047,'Colonia Buenos Aires Tejutla .','2016-01-152',1,NULL,12),('1961946361203','Elkin Ulises Escobar Carreto','M',50344735,'aldea San Andres Chapil San Pedro Sac','2016-04-101',0,NULL,12),('1963762461202','Diaz Velasquez Yury Yaquely','F',50367903,'Aldea Sujchay Tacana','2016-02-161',0,NULL,12),('1964693411201','Sandra Luisa Cardona Morales','F',50393034,'Aldea Calapte Ixchiguan','2016-05-182',0,NULL,12),('1964806151204','Elfido Ricardo Camel Mendez','M',50393034,'Aldea San Jose Zelandia San Pablo','2016-03-125',0,NULL,12),('1970424811216','Leonidas  Ambrocio Bamaca','M',50410149,'SECTOR EL JARDIN SIPACAPA','2016-01-125',0,NULL,12),('1979572261101','Sarbelio Antonio Aguilon Isidro','M',50486310,'Caserio Las Flores Comitancillo .','2016-06-125',0,NULL,12),('1983922731216','Edelfo Nery Bartolon Ortiz','M',50486347,'Colonia Barrios Tacana','2016-01-153',0,NULL,12),('1983994561223','Transito Martin Rivas','M',50503429,'Aldea Llano Grande 13','2016-04-115',0,NULL,12),('1985007771202','Lesbia Cristina Rabanales Alfonso','F',50516885,'Barrio el Esfuerzo 10-52 ayutla','2016-05-228',0,NULL,12),('1989590601202','Ramirez Mendez Anibal Ramon','M',50520232,'Paraje Biuche Concepcion Tutuapa','2016-01-132',0,NULL,12),('1990915441202','Lázaro Lopez Marroquin','M',50552904,'Canton San Pablo Comitancillo','2016-06-165',0,NULL,12),('1991708431211','Erick Panfilo Cardona Requena','M',30748766,'Aldea San Rafael Sac. San Antonio Sac.','2016-03-118',0,NULL,12),('1995004361202','Sandra Ileana De León Sandoval','F',50581237,'5ta. Calle 3er callejo 5-10 zona 5','2016-05-200',1,NULL,12),('1995150071203','Mynor Marcelo De León Godinez','M',50593719,'Aldea San José Caben San pedro Sac.','2016-05-224',0,NULL,12),('1995874930101','Elizabeth Magdalena  Carreto Cardona','F',50611272,'Caserio Nueva Jersalen San Antonio Sac','2016-06-113',0,NULL,12),('1996844801213','Velásquez Pérez Leonel Aníbal','M',31086582,'Aldea Santa Rosa San Lorenzo','2016-03-109',0,NULL,12),('1998168591410','Niguer Jael Cardona Velasquez','M',50615881,'Aldea las Barrancas San Antonio Sac','2016-04-128',0,NULL,12),('2044688331220','Osmar domingo Cardona Ramirez','M',51001702,'Aldea San Rafael sac','2016-03-117',0,NULL,12),('2051655081202','Dimar Robin Cardona Lopez','M',51315183,'Zona 04 San antonio Sacatepequez','2016-05-226',0,NULL,12),('2052165871202','Vasquez Godinez Enmny Jeronimo','M',31095775,'Cantòn Ojo de Agua San Pedro Sac .','2016-02-107',0,NULL,12),('2054037781202','Rogelio  Ambrocio Bautista','M',51533364,'Aldea San Isidro Sipacapa','2016-03-149',0,NULL,12),('2056346721226','Marco Vinicio Orantes Davila','M',51556413,'Aldea el Quebracho Barberena Santa Rosa','2016-04-157',0,NULL,12),('2056346801226','Velasquez Rubi Griset','F',51561640,'6A. Avenida 1-44 Zona 2 San Pedro Sac.','2016-05-199',0,NULL,12),('2060201391204',' Victor Manuel Rodriguez Fuentes','M',51593066,'Calle Real Pajapita','2016-02-131',0,NULL,12),('2061230861202','Alangumer Obed Ramos Navarro','M',51618894,' Aldea Piedra Grande San Pedro Sac','2016-02-105',0,NULL,12),('2061235071203','Milton Eduardo Orozco Godinez','M',51664097,'Aldea San Isidro Chamac San Pedro Sac.','2016-03-154',1,NULL,12),('2063171581203','Fuentes Orozco Carlos Abel','M',51666379,'Alda San Jose Caben San Pedro sac','2016-05-187',0,NULL,12),('2065184121202','Ronal Gustavo Estrada Vasquez','M',51669487,'Zona 3 San Antonio Sacatepequez','2016-05-221',0,NULL,12),('2071574481212','Dobora Raquel Roblero Godinez','F',31114559,'Aldea las Lagunas','2016-04-124',0,NULL,12),('2074871541202','Almaraz Cardona Fredy','M',51688753,'Aldea San Rafael Sac. San Antonio Sac .','2016-03-119',0,NULL,12),('2076844801202','Dionicio Agustin Agustin','M',51734127,'Aldea San Andres Chapil San Pedro Sac','2016-03-166',1,NULL,12),('2083208220906','Erick Benigno  Velasquez Zunun','M',51823634,'Aldea Tocapote Sibinal','2016-02-158',0,NULL,12),('2085146511203','Ramirez Pojoy Josias Isai','M',51907288,'Aldeea Santa Rosa San Lorezo','2016-02-151',0,NULL,12),('2085244351229','Hilda Maribel Ramírez López','F',51963079,'Caserio Caxlemuj Comitancillo','2016-06-150',0,NULL,12),('2086673851301','Humberto Guillermo Orozco Tul','M',53145059,'Aldea San Jose Caben San Pedro Sac.','2016-03-134',0,NULL,12),('2097009631204','Fuentes Gomez Victor Manuel','M',53190898,'3ra. Calle 01-30 Zona L San Pedro Sac. S.M.','2016-05-215',0,NULL,12),('2097236371217','Idigoras Abidán Castro Velasquez','M',53218537,'Aldea Provincia Chiquita San Pedro Sac','2016-04-104',0,NULL,12),('2103434190916','Ramirez Ramos Osvaldo Manuel','M',31130670,'Canton Cotzic Ixchiguan','2016-02-124',0,NULL,12),('2109076651203','Elder Eduardo Castañon Merida','M',53232495,'Esquipulas Palo Gordo','2016-06-147',0,NULL,12),('2109363041226','Leonel Bautista Cruz','M',53369987,'Caserio La Vega,SiPacapa .','2016-06-126',0,NULL,12),('2112127761210','Maynor Eliberto Lopez Garrido','M',53400884,'Ciudad Pedro de Alvarado Moyuta','2016-01-157',0,NULL,22),('2113369981202','Julio Raquel Velasquez Gonzalez','M',53459471,'Aldea San Isidro Chamac San Pedro Sac.','2016-03-153',0,NULL,12),('2114563811219','Gregorio  Santizo Mejia','M',53483507,'Barrio Los Laureles Zona 5 Tacana','2016-02-143',0,NULL,12),('2115190931149','William Amilcar Santos Fuentes','M',53483507,'Aldea San Andres Chapil San Pedro Sac','2016-03-164',0,NULL,12),('2115547071204','Sánchez Berduo Elias Otoniel','M',53483950,'Barrio El Berjel Ald. Sujchay Tacana','2016-02-145',0,NULL,12),('2116599321202','Dilma Vitalina Ramirez Cardona','F',53498558,'aldea San Andres Chapil San Pedro Sac .','2016-02-104',0,NULL,12),('2122196931206','Juan Clemente  Pablo Gomez','M',53530221,'Aldea Santa Rosa San Lorenzo','2016-03-107',0,NULL,12),('2122224301229','Rodolfo Esteban Orozco Perez','M',53550523,'canton el Reformador San Lorenzo','2016-02-118',0,NULL,12),('2123941181213','Ivan Gabriel Gómez Marroquin','M',53633584,'Aldea Tuichilupe Comitancillo .','2016-06-104',0,NULL,12),('2126442111202','Julio Cesar Fuentes Cardona','M',53701442,'El Rodeo .','2016-01-142',0,NULL,12),('2127352561209','Glenda Beatriz  Coronado Jimenez','F',53705108,'Caserio Los Bujes Sector No.5 Comitancillo','2016-06-118',1,NULL,12),('2132860331215','Enequias Jeremias Chaj Chaj','M',53745436,'Aldea Choanlà San Jose Ojetenam','2016-04-165',0,NULL,12),('2137058261207','Daivin  Ariel Bautista  Zacarias','M',53753483,'Caserio el Plan Ixchiguan','2016-06-143',0,NULL,12),('2142010741202','Sindi Yaneth Baltazar Perez','F',53799399,' San Antonio Sac','2016-01-138',0,NULL,12),('2143038961229','Almaraz Gonzalez Marco Antulio','M',53851515,'Tajumulco','2016-01-114',0,NULL,12),('2143481561203','Rabanales Mazariegos Melvin Olegario','M',53894234,'Aldea Santa Rosa San Lorenzo','2016-03-106',0,NULL,12),('2143605391223','Lopez Velasquez Celso Vinicio','M',53937825,'Tajumulco','2016-01-113',0,NULL,12),('2143976291227','Daymer Lorenzo Fuentes Miranda','M',54485801,'Aldea San Jose Caben San Pedro Sac .','2016-03-140',0,NULL,12),('2146293921109','Edilzar Misael Godinez Fuentes','M',54807227,'Adlea San Andres Chapil San Pedro Sac.','2016-02-103',0,NULL,12),('2153155021229','Mauro Jesus Fuentes Lopez','M',55157274,'San Antonio sacatepequez','2016-01-129',0,NULL,12),('2156046871214','Anibal Edgar Fuentes Aguilar','M',55277079,'Aldea San Jose Caben San Pedro Sac.','2016-03-133',0,NULL,12),('2164026381202','Robelio Ricardo Escobar Rodriguez','M',55277079,'Aldea Caxaque','2016-05-169',0,NULL,12),('2165288601215','Lorenzo David Chavez Escobar','M',55279104,'Caserio los Angeles El rodeo','2016-06-122',0,NULL,12),('2165879801210','Patricio Coronado Lopez','M',55293470,'Caserio los Bujes comitancillo','2016-06-121',0,NULL,12),('2166359341215','Eli Josias Bamaca Lopez','M',55807974,'Caserio Guancache Aldea Poj Sipacapa','2016-06-141',0,NULL,12),('2169066441202','Noe Moises orozco Mendez','M',57151725,'Canton Santo Domingo Belen Malacatan','2016-06-156',0,NULL,12),('2171453881226','Velasquez Gonzalez Edgar Evelio','M',57228984,'San Isidro Chamac San Pedro Sac','2016-01-128',0,NULL,12),('2172177611202','Elias Joaquin Velasquez Chaj','M',57242528,'Aldea San Miguel de Los Altos San Antonio Sac','2016-03-123',0,NULL,12),('2177062071203','Vasquez Mendoza Arnulfo','M',57243185,'l San Antonio Sacatepequez','2016-05-172',0,NULL,12),('2187239891213','Selvin Wenceslao Sandoval Escobar','M',57280261,'Aldea San Jeronimo El Tumbador','2016-03-148',0,NULL,12),('2194454511204','Ramirez Diaz Edwin Raul','M',57318853,'Aldea Calapte Ixchiguan','2016-05-181',0,NULL,12),('2197723391213','Dionel Rafael Ambrocio','M',57379876,'Aldea la Independencia Chilil Sipacapa .','2016-04-135',0,NULL,12),('2197783451223','Wilder Josue Perez Ramirez','M',57382271,'Canton San Ramón San Antonio Sacatepéquez','2016-06-161',0,NULL,12),('2205720381203','Glendy Rosmery Orozco y Orozco','F',57433321,'Aldea San Jose Caben San Pedro Sac','2016-03-144',0,NULL,12),('2208350041228','Sulmy Mildred Miranda Miranda','F',57459455,'Aldea San Andres Chapil San Pedro Sac','2016-03-161',0,NULL,12),('2210392951203','Usvin Amilcar Miranda Godinez','M',57482564,'Aldea San Jose Caben San Pedro Sac.','2016-03-132',0,NULL,12),('2223085241201','Sergio Rene Maldonado Cabrera','M',57502989,'Barrio San Josè Aldea xab El Asintal11','2016-02-140',0,NULL,12),('2229104961202','Nancy Paola López Morales','F',57517627,'Aldea San Miguel de Los Altos San Antonio Sac','2016-03-122',0,NULL,12),('2233230711210','Gelber Ajanel Gonzalez Ramirez','M',57555738,'Aldea Santo Domingo San Antonio Sac','2016-03-102',0,NULL,12),('2244494941225','Selvin Eleazar Garcia Estrada','M',57589740,' San Antonio Sacatepequez','2016-05-171',0,NULL,12),('2249776361219','Jaime Ruben Fuentes Miranda','M',57691169,'Zona 3 San Pedro Sac .','2016-05-198',0,NULL,12),('2256193851109','Josue Vinicio Fuentes Godinez','M',57752611,'Canton Esquipulas San Andres Chapil','2016-02-117',0,NULL,12),('2256791761209','Blanca Jannete Fuentes Gonzalez','F',57800263,'Aldea San Jose Caben San Pedro Sac','2016-03-143',0,NULL,12),('2257095111226','Fuentes Garcia Luis Alberto','M',57866496,' zona 1 San Pedro Sac','2016-05-193',0,NULL,12),('2257611301302','Sherly Elenita Fuentes Coronado','F',57874674,'Aldea San Isidro Chamac San Pedro Sac.','2016-03-152',0,NULL,12),('2267518051202','Sandra Karina Fuentes Bautista','F',57874803,'Aldea San Jose Caben San Pedro Sac','2016-03-142',0,NULL,12),('2270008621320','Milgen Gudiel Felix Aguilon','M',57892834,'Caserio Molino Biejo Comintancillo','2016-06-116',0,NULL,12),('2270938601007','Delfido Estrada Felix Agustin','M',57893372,'Caserio la Primavera Comitancillo','2016-06-128',0,NULL,12),('2273828381202','Eberto Daniel Echverria Robles','M',57980011,'Aldea la Lima Malacatan','2016-04-133',0,NULL,12),('2275540431223','Everilda Adilia Estrada Paz','F',57981475,'Aldea San Rafael Sac San Antonio Sac','2016-03-115',0,NULL,12),('2280065701226','Yennifer Ciriaca Estrada Cardona','F',58022016,' Antonio Sac','2016-05-176',0,NULL,12),('2283477181215','Gerson Alfonso Dominguez lopez','M',58036411,'Canton San Sebastian Malacatan','2016-06-159',0,NULL,12),('2284464221109','Rene David De leon Cardona','M',58043892,'San Andres Chapil San Pedro sacatepequez','2016-02-109',0,NULL,12),('2284488751226','Franklin Rocael Calderon Diaz','M',58045633,' aldea San Isidro Malacatan','2016-01-123',0,NULL,12),('2290545361204','Edvin Adilson Cardona Almaraz','M',58083643,'Aldea San Rafael Sac San Antonio Sac','2016-03-120',0,NULL,12),('2292588591202',' Selvin Ediberto Carreto Garcia','M',58262041,'Ald. San Isidro Ixcolochil San Antonio Sac.','2016-05-188',0,NULL,12),('2293309671202','Jenner Alexis Bautista Mendez','M',30190465,'Caserio Llano Grande San Pedro Sacatepequez','2016-06-123',0,NULL,12),('2295765321202','Velasquez Reyes Sergio Enrique','M',30190465,'Canton Tejeria Catarina ','2016-06-154',0,NULL,12),('2299286091223','Guillermo Magdiel Valladares Lopez','M',30192662,'Aldea El Sitio Catarina','2016-04-153',0,NULL,12),('2304798391203','Vagner Wilfredo Bravo Aguilar','M',58437660,'Aldea San Geronimo el Tumbador','2016-03-157',0,NULL,12),('2305549541214','Levis Jesiel Bautista Orozco','M',58457055,'Aldea Champollap San Pedro Sac','2016-02-113',0,NULL,12),('2306716241202','Amer Emanuel Bautista López','M',58533128,'Aldea Llano Grande Sipacapa','2016-04-114',0,NULL,12),('2309054121202','Santos Victor Bautista de León','M',58533128,'ALDEA XEABAJ SIPACAPA','2016-02-152',0,NULL,12),('2309536621202','Bautista Fuentes Bernabe Roberto','M',58601156,'San Pedro Sac','2016-01-127',0,NULL,12),('2310348491201','Cleyder Lisman Ardiano Lopez','M',58800219,'Aldea San Andres Chapil San Pedro Sac','2016-03-165',0,NULL,12),('2310935781213','Osman Ivan Ardiano Perez','M',58864186,'Aldea San Andres Chapil San Pedro Sac','2016-03-160',0,NULL,12),('2313573890906','Amilcar Isaias Velasquez Fuentes','M',58877376,'Aldea la Grandeza San Pedro Sac','2016-04-140',0,NULL,12),('2316238871207','Edras Alfe Sánchez Miguel,','M',58910289,'Barrio El Vergel Aldea Sujchay Tacanà','2016-02-144',0,NULL,12),('2318209331202','Antonio Zacarias Rojas Ramirez','M',58921513,'Aldea la Cienaga Cabrican 09','2016-04-144',0,NULL,12),('2318708841204','Oliverio Ramos Cabrera','M',58968108,'Caserío Nueva Jerusalen San Antonio Sac .','2016-06-112',0,NULL,12),('2324881181206','Gudiela Emelina','F',58980562,'Cantòn San Ramon San Antonio Sacatepequez','2016-06-160',0,NULL,12),('2326028241202','Celeste Aracely Lopez Lopez','F',59052004,' San Antonio Sac .','2016-02-114',0,NULL,12),('2326761431203','Norma Migadalia Hernandez Barrios','F',59065661,'Aldea San Jose Caben San Pedro Sac','2016-03-141',0,NULL,12),('2327042360316','Ervin David Gomez Perez','M',59078983,'Aldea Santa Rosa Municipio San Lorenzo','2016-03-110',0,NULL,12),('2327473421202','Wilson Aramis Fuentes Orozco','M',59080370,' Zona 1 San Pedro Sac .','2016-05-207',0,NULL,12),('2328388441204','Wilian Waldemar Feliciano Perez','M',59108720,'Canto San Pabo comitancillo','2016-02-129',0,NULL,12),('2329806161101','Hugo Nicolas  Estrada Ramirez','M',59289067,' Zona 3 San Antonio Sac.','2016-05-218',0,NULL,12),('2330682441225','Miguel Angel Cifuentes','M',59396596,'Aldea Santa Rosa San Lorenzo','2016-03-105',0,NULL,12),('2333256541108','Porfirio Geremias Chilel Hernandez','M',59606931,'Caserío Nuevo Paraiso San Pablo','2016-06-111',0,NULL,12),('2333571301203','Heydi Beatriz Cabrera Cabrera','F',59791664,'Aldea santa irene San Antonio San pedro sac','2016-03-113',0,NULL,12),('2335713611202','Joel Faustino Ardiano López','M',59865229,'Aldea San Andres Chapil San Pedro Sac','2016-03-163',0,NULL,12),('2339291261109','Enrique Gonzalez Hernandez','M',59956742,'Canton El Porvenir Canalitos Zona 24','2016-01-137',0,NULL,1),('2340760621215','Velasquez Orozco Abermino Olivar','M',77768327,'Aldea Santa Teresa San Pedro Sac.','2016-03-103',0,NULL,12),('2342242821211','Julia Sugeiri Velasquez Fuentes','F',12312312,' ald San Jose Caben San pedro Sac','2016-01-107',0,NULL,12),('2342572451202','David Ezequiel Vasquez','M',32546729,'Aldea San Jose Caben San Pedro Caben','2016-03-146',0,NULL,12),('2343462211219','Yesenia Marisela Tos de León','F',30421394,'Aldea El Recreo','2016-04-154',0,NULL,12),('2347781481204','Mardoqueo de Jesús Temaj Coronado','M',30421394,' Zona 1 Comitancillo','2016-05-206',0,NULL,12),('2350324841204','Luis Jenner Rubio Bautista','M',30421394,'4a. Calle 6-27 zona 2 San Pedro Sac.','2016-05-213',0,NULL,12),('2360983220101','Reyna Epifania Roldan Alvarado','F',30421394,'5ta. Calle 15-263 Zona 5','2016-05-201',0,NULL,12),('2366094161216','Jaime Manuel Rodas Rodríguez','M',30421394,'9a. Avenida 3-50 zona 2','2016-05-192',0,NULL,12),('2367881831215','Robinson Isaac Ramos Cabrera','M',30421394,'Aldea Las Brisas Malacatan','2016-04-127',0,NULL,12),('2373102360919','Humberto Fernando Ramirez Fuentes','M',30421394,'ASan Antonio Sac','2016-05-175',1,NULL,12),('2387778041216','Navarro Paz Ademar Rene','M',30421394,'Canton El Mosquito Zona 3 San Pedro Sac.','2016-02-119',0,NULL,12),('2393353251203','Milton Ricardo Perez Tomas','M',30332329,'Aldea Tictucabe Concepcion Tutuapa .','2016-02-159',0,NULL,12),('2398366991321','Maydelin Yojaneli Navarro Fuentes','F',30421394,'San Josè Caben San Pedro Sac.','2016-06-138',0,NULL,12),('2406349501202','Daniel Elnathan Minchez Gomez','M',30421394,'5a. Calle 15-181 zona 5','2016-05-205',0,NULL,12),('2409966231202','Heydi Paola Mendez Gonzalez','F',30421394,'Acceso 4.3 3-41 Zona 3 San Pedro Sacatepequez','2016-05-190',0,NULL,12),('2426126791416','Ervin Aroldo Maldonado Alvarez','M',30421394,'Ald San Jose Caben San Pedro Sac','2016-01-103',0,NULL,12),('2430828191201','Noel Edin  Luarca Alvarado','M',30421394,'San Rafael Pie de la Cuesta','2016-01-148',0,NULL,12),('2433560991204','Carmela Marcei Lopez Morales','F',30421394,'Caserio jerusalen Esquipulas Palo Gordo','2016-06-136',0,NULL,12),('2439457521216','Orlan Elizardo Lopez Fuentes','M',30421394,'Caserio Ixca Aldea la Grandeza','2016-06-139',0,NULL,12),('2440331881209','Salvador Alexander Juarez Velasquez','M',30421394,'Aldea Corral Grande San Pedro Sac.','2016-04-161',0,NULL,12),('2441798511216','Jorge Anbimael Hernandez Velasquez','M',30421394,'Caserío Nueva Esperanza Malacatan','2016-06-114',0,NULL,12),('2443420241202','Yusmara Elizabeth Guzman Fuentes','F',30421394,'zona 2 San Pedro Sac.','2016-05-231',1,NULL,12),('2452942361219','Reynaldo Valentin Gomez Navarro','M',30421394,'Calle La Reforma Aldea San Rafael Soche','2016-02-138',0,NULL,12),('2458075351213','Jorge Anibal Godinez Fuentes','M',30421394,'Ald San José Caben San Pedro Sac.','2016-06-130',0,NULL,12),('2458963921204','Leydi Leticia Godinez Bautista','F',30421394,'Aldea santa rita San Antonio Sacatepequez','2016-03-111',0,NULL,12),('2461488961106','Patrick Roberto Fuentes Perez','M',30541206,'Aldea Piedra Grande San Pedro Sac .','2016-02-135',0,NULL,12),('2465452401226','Jenner Faustino Fuentes y Fuentes','M',30551661,' Ald San Jose Caben San Pedro Sac','2016-01-105',0,NULL,12),('2484976770101','Rudgen Antulio Fuentes Lopez','M',30758182,' Ald. San Andres Chapil San Pedro Sac.','2016-02-102',0,NULL,12),('2491935311221','Vinicio Danilo Fuentes Gonzalez','M',31417009,'Ald San Jose Caben San Pedro Sac.','2016-01-110',0,NULL,12),('2495944711219','Deny Aramis Fuentes de Leòn','M',31609702,'Avenida el Reformador zona 3 San Jose Caben','2016-02-147',0,NULL,12),('2498097611201','Disleny Evilia Estrada Cardona','F',32016459,'San Antonio Sac','2016-05-174',0,NULL,12),('2506094360904','Edilson Rodelbi Orozco Monterroso','M',31203936,'Aldea San José Caben San Pedro Sac','2016-02-146',0,NULL,12),('2507517631213','Lester Rene Cartagena Alvarez','M',33216218,'Canton Santo Domingo malacatan','2016-06-155',0,NULL,12),('2509505021202','Victor Augustin Castañon  Magaña','M',40982231,'Alde Sanjon San Lorenzo','2016-05-186',0,NULL,12),('2512457050114','Emilzar David Castañon Gomez','M',42416501,'Aldea San José Caben San Pedro Sac.','2016-03-139',0,NULL,12),('2518339090101','Wesley Tomas Castañon Fuentes','M',44601999,'Ald la Grandeza San Pedro Sac.','2016-01-117',0,NULL,12),('2535408281229','Anibal Alejandro Castañon Fuentes','M',45104460,'Aldea San Isidro Chamac San Pedro Sac. .','2016-03-151',0,NULL,12),('2549002671202','Orozco Juarez Horacio Romeo','M',31207595,'Sector 3 Aldea Talquicho San Lorenzo','2016-01-126',0,NULL,12),('2549240931229','Lauro Marino Cardona Mauricio','M',45135870,'Caserio Molino Viejo Comitancillo','2016-06-115',0,NULL,12),('2549446201108','Wildred Leonel Cardona Estrada','M',46229410,' zona 4 San Antonio Sac .','2016-05-212',0,NULL,12),('2552761251228','Zulmi Janeth Bautista Juarez','F',45336861,'Ald. San Andres Chapil San Pedro Sac','2016-02-116',0,NULL,12),('2567644761226','Maria Isabel Orozco Godinez','F',31319046,'Cantón La Parroquia San Pedro Sac','2016-05-194',0,NULL,12),('2571077701217','Adelso Manuel Ardiano Fuentes','M',45882111,'Aldea San Andres Chapil San Pedro Sac','2016-03-159',0,NULL,12),('2583499481201','Fredy Abraham Aguilon Mauricio','M',46156535,'Aldea Jute Chiquimula','2016-04-145',0,NULL,12),('2590659801202','Omar Bilsai Monzon Godinez','M',46504583,'Aldea San Jose Caben San Pedro Sac.','2016-03-131',0,NULL,12),('2593609290920','Mildred Nohemi Cardona Castañon','F',47081460,'Ald San Jose Caben San Pedro Sac','2016-01-104',0,NULL,12),('2595286330917','Yuvviny Jonatan López Fuentes','M',47542594,'Aldea San José Caben San Pedro Sac.','2016-02-148',0,NULL,12),('2596926541223','Sheily Leticia Vasquez Ardiano','F',47929667,'Aldea La Grandeza San Pedro Sac.','2016-04-138',0,NULL,12),('2599975361204','Ervin Benjamin Gonzalez Cardoza','M',48024080,'Aldea Ajaxa San Martin Zapotitlan','2016-05-183',0,NULL,11),('2600446361201','Frandy Abigail Escobar Siguenza','M',48064230,'Aldea La Libertad Nuevo San Carlos','2016-04-134',0,NULL,11),('2608160861207','Dan Amin Lopez Sanchez','M',48164864,'Sector las Flores Aldea Sibana El Asintal','2016-01-119',0,NULL,11),('2609160861207','Linder Abel Coronado Lopez','M',46783960,'aldea El Quetzali San Pablo .','2016-01-120',0,NULL,12),('2610160861207','Edgar Andres  Chavez Felix','M',30102711,' aldea El Quetzali San Pablo .','2016-01-121',0,NULL,12),('2615777511226','Eloysa Etelvina Cabrera Gomez','F',48646961,'Sector Nuevo Esperanza aldea Xab','2016-01-115',0,NULL,11),('2630370881215','Genner Misrain Gonon Morales','M',48736297,'Camelias Nuevo San Carlos','2016-02-130',0,NULL,11),('2631839981216','Linda Karina Alonzo Martinez','F',48747411,'5ta. Av. Zona 5 Barrios San Luis','2016-05-202',0,NULL,11),('2635281461201','Odilia Rebeca Ajanel Rac','F',49517799,'4ta calle4-77 zona 6 Entrada a Canton Dolores','2016-05-210',0,NULL,11),('2636731381206','Dulce Fernanda Ramirez de Leon','F',49629044,'Cantòn Morazan Nuevo San Carlos ','2016-02-111',1,NULL,11),('2650623221210','Jesus Jorge Arturo Garcia Castillo','M',49917926,'Sector el Muro Nuevo San Carlos','2016-04-109',0,NULL,11),('2654844801202','Oscar Enrique Armas Lopez','M',50063655,'zona 4 Barrio Monte Rey','2016-05-217',0,NULL,11),('2659522981202','Max Monzon Aguilar','M',50083803,'Lotificación Pamelita 0-72 Zona 4','2016-01-136',0,NULL,11),('2662066621108','Ruben Urias Lopez Sanchez','M',50326555,'Sector las Flores Aldea Sibana El Asintal','2016-01-118',0,NULL,11),('2664048201109','Henry Ampareli Flores Lopez','M',50607814,' Nuevo San Carlos','2016-01-144',0,NULL,11),('2667281971201','Melecio Chiyut Cuc','M',51549238,'canton San Jose San Andres Villa Seca','2016-02-134',0,NULL,11),('2668415031202','Hector Alfonzo De Leon Lopez','M',51621297,'Canton Morazan nuevo San Carlos','2016-02-112',0,NULL,11),('2671331031226','Victoria Isabel Chan de Leobn','F',51726844,'Sector El Zapote aldea San Luis San Sebastian','2016-01-122',0,NULL,11),('2674443461201','Lopez Lopez Ancel Rocael','M',51834282,'Sector Nueva Esperanza Aldea Xah. El Asintal','2016-01-116',0,NULL,11),('2675000251226','Idilio Chavez Mazariegos','M',52011467,'Aldea las Cruces','2016-04-125',0,NULL,11),('2686162641202','Caren Liseth Cabrera Lopez','F',53732337,'Aldea Sibana El Asintal','2016-02-166',1,NULL,11),('2697157461202','Jayron Omar Barrios Sanchez','M',54894546,'Aldea Sibana El Asintal','2016-02-164',0,NULL,11),('2697574221202','Elder Natanael Aguilar  Juarez','M',55972631,'Colonia Santa Elena El Asintal','2016-01-150',0,NULL,11),('2701687370101','Richar Alexander Acabal Ixchop','M',56218506,'Barrio Monterey 13-38 4ta Calle Zona 4','2016-02-141',0,NULL,11),('2704731221215','Lilian Elizabeth Acabal Ixchop','F',56318703,'4ta calle 13-38 zona 4 Barrio Monterey','2016-05-211',0,NULL,11),('2707315710920','Jorge Abel Elias Xiloj','M',57116612,'2da. Avenida 4-40 Zona 1 El Palmar','2016-05-225',0,NULL,9),('2713720361203','Engly Eli De Leon Santos','M',57176798,'Caserio Los Positos Civilia','2016-06-117',0,NULL,9),('2721273961202','Macha Guzman Gerber Humberto','M',57273281,'Coatepeque','2016-01-156',0,NULL,9),('2721442871215','Danilo Estuardo De León Alonzo','M',30045110,'Colonia Alejos Malacatan','2016-01-154',0,NULL,12),('2722442871215','Sebastian Escobar Fernandez','M',57295750,'Colonia Agua viva','2016-01-155',0,NULL,9),('2727006141101','Fervi Yoel Cifuentes Perez','M',57330834,'9na. Calle A 9-46 zona 2 Cooatepeque','2016-05-191',0,NULL,9),('2727585311202','Fuentes Lopez Adan Osbaldo','M',57364431,'Aldea Loma Grande Cabrican','2016-04-112',0,NULL,9),('2727892241202','Benjamin Cruz de la Cruz','M',57399647,'aldea la Estancia la Cruz Zunil','2016-04-143',0,NULL,9),('2736980281202','Carlos Alejandro Hernandez Aguilar','M',42497244,'Barrios las Casas Coatepeque','2016-05-195',0,NULL,9),('2740427971202','Felix Santiago Rojas Lopez','M',58085236,'Aldea las Cienagas Cabrican','2016-04-126',0,NULL,9),('2744002351201','Fernando Mendoza Pérez','M',58387353,'Aldea Calel,Municipio De San Carlos Sija.','2016-05-180',0,NULL,9),('2745573391201','Manuel de Jesus  Ramos','M',58436810,'Aldea Loma Grande Cabrican','2016-04-111',0,NULL,9),('2753027251201','Jaime Rocael Cabrera López','M',58776013,'Zona 4 Concepción Chiquirichapa','2016-05-220',0,NULL,9),('2775498901203','Cesar Leonel Tello Cifuentes','M',58908469,'Cantón Calvario Zona 2 Chiantla','2016-02-127',0,NULL,13),('2882292171217','Deyni Yojaira Gonzalez Lopez','F',59078239,'Calle Principal Tectitan','2016-02-133',0,NULL,13),('2884021871223','Transito Martin Rivas','M',59308956,'Aldea Llano Grande','2016-04-116',0,NULL,13);
/*!40000 ALTER TABLE `tbl_estudiante` ENABLE KEYS */;
UNLOCK TABLES;

--
-- Table structure for table `tbl_grado`
--

DROP TABLE IF EXISTS `tbl_grado`;
/*!40101 SET @saved_cs_client     = @@character_set_client */;
/*!40101 SET character_set_client = utf8 */;
CREATE TABLE `tbl_grado` (
  `id_grado` int(11) NOT NULL,
  `grado` varchar(45) NOT NULL,
  `seccion` varchar(1) NOT NULL,
  `jornada` varchar(45) DEFAULT NULL,
  `fk_dpidocente` char(13) NOT NULL,
  `tbl_gradocol` varchar(45) DEFAULT NULL,
  PRIMARY KEY (`id_grado`),
  KEY `fk_tbl_grado_tbl_docente1_idx` (`fk_dpidocente`),
  CONSTRAINT `fk_tbl_grado_tbl_docente1` FOREIGN KEY (`fk_dpidocente`) REFERENCES `tbl_docente` (`dpidocente_id`) ON DELETE NO ACTION ON UPDATE NO ACTION
) ENGINE=InnoDB DEFAULT CHARSET=utf8;
/*!40101 SET character_set_client = @saved_cs_client */;

--
-- Dumping data for table `tbl_grado`
--

LOCK TABLES `tbl_grado` WRITE;
/*!40000 ALTER TABLE `tbl_grado` DISABLE KEYS */;
INSERT INTO `tbl_grado` VALUES (1,'Primero','A','Matutina','1746291251202',NULL),(2,'Segundo','A','Matutina','1812226711202',NULL),(3,'Tercero','A','Matutina','1937025761201',NULL),(4,'Cuarto','A','Matutina','1987228931210',NULL),(5,'Quinto','A','Matutina','2164944511226',NULL),(6,'Sexto','A','Matutina','2431146721202',NULL);
/*!40000 ALTER TABLE `tbl_grado` ENABLE KEYS */;
UNLOCK TABLES;

--
-- Table structure for table `tbl_materia`
--

DROP TABLE IF EXISTS `tbl_materia`;
/*!40101 SET @saved_cs_client     = @@character_set_client */;
/*!40101 SET character_set_client = utf8 */;
CREATE TABLE `tbl_materia` (
  `id_materia` int(11) NOT NULL,
  `materia` varchar(45) NOT NULL,
  `fk_grado` int(11) NOT NULL,
  `fk_dpidocente` char(13) NOT NULL,
  `tbl_materiacol` varchar(45) DEFAULT NULL,
  PRIMARY KEY (`id_materia`),
  KEY `fk_tbl_materia_tbl_grado1_idx` (`fk_grado`),
  KEY `fk_tbl_materia_tbl_docente1_idx` (`fk_dpidocente`),
  CONSTRAINT `fk_tbl_materia_tbl_docente1` FOREIGN KEY (`fk_dpidocente`) REFERENCES `tbl_docente` (`dpidocente_id`) ON DELETE NO ACTION ON UPDATE NO ACTION,
  CONSTRAINT `fk_tbl_materia_tbl_grado1` FOREIGN KEY (`fk_grado`) REFERENCES `tbl_grado` (`id_grado`) ON DELETE NO ACTION ON UPDATE NO ACTION
) ENGINE=InnoDB DEFAULT CHARSET=utf8;
/*!40101 SET character_set_client = @saved_cs_client */;

--
-- Dumping data for table `tbl_materia`
--

LOCK TABLES `tbl_materia` WRITE;
/*!40000 ALTER TABLE `tbl_materia` DISABLE KEYS */;
INSERT INTO `tbl_materia` VALUES (1001,'Comunicación y Lenguaje I',1,'1660968731202',NULL),(1002,'MatemáticasI',1,'1701502081216',NULL),(1003,'Medio Social y NaturalI',1,'1746715471201',NULL),(1004,'Ciencias Naturales y TecnologíaI',1,'1764403051203',NULL),(1005,'Ciencias SocialesI',1,'1782172121226',NULL),(1006,'Expresión ArtísticaI',1,'1965670841203',NULL),(1007,'Educación FísicaI',1,'1987228931210',NULL),(1008,'Formación CiudadanaI',1,'2062797321218',NULL),(1009,'Productividad y DesarrolloI',1,'2127255641203',NULL),(1011,'Comunicación y LenguajeII',2,'2197750951202',NULL),(1012,'MatemáticasII',2,'2301802991202',NULL),(1013,'Medio Social y NaturalII',2,'2327734911202',NULL),(1014,'Ciencias Naturales y TecnologíaII',2,'2362673451202',NULL),(1015,'Ciencias SocialesII',2,'2394833751203',NULL),(1016,'Expresión ArtísticaII',2,'2549005181202',NULL),(1017,'Educación FísicaII',2,'2663375701201',NULL),(1018,'Formación CiudadanaII',2,'1602608091227',NULL),(1019,'Productividad y DesarrolloII',2,'1687753601203',NULL),(1021,'Comunicación y LenguajeIII',3,'1720000842214',NULL),(1022,'MatemáticasIII',3,'1764427581203',NULL),(1023,'Medio Social y NaturalIII',3,'1800459461201',NULL),(1024,'Ciencias Naturales y TecnologíaIII',3,'1803943471215',NULL),(1025,'Ciencias SocialesIII',3,'1805852741901',NULL),(1026,'Expresión ArtísticaIII',3,'1834956080203',NULL),(1027,'Educación FísicaIII',3,'1853651751202',NULL),(1028,'Formación CiudadanaIII',3,'1870477311202',NULL),(1029,'Productividad y DesarrolloIII',3,'1969035561203',NULL),(1031,'Comunicación y LenguajeIV',4,'1984440871226',NULL),(1032,'MatemáticasIV',4,'1989591171202',NULL),(1033,'Medio Social y NaturalIV',4,'2116762411201',NULL),(1034,'Ciencias Naturales y TecnologíaIV',4,'2122720201203',NULL),(1035,'Ciencias SocialesIV',4,'2151290161202',NULL),(1036,'Expresión ArtísticaIV',4,'2171330611202',NULL),(1037,'Educación FísicaIV',4,'2272288201202',NULL),(1038,'Formación CiudadanaIV',4,'2301934201202',NULL),(1039,'Productividad y DesarrolloIV',4,'2356049332101',NULL),(1041,'Comunicación y LenguajeV',5,'1965670841203',NULL),(1042,'MatemáticasV',5,'2197750951202',NULL),(1043,'Medio Social y NaturalV',5,'2362673451202',NULL),(1044,'Ciencias Naturales y TecnologíaV',5,'1687753601203',NULL),(1045,'Ciencias SocialesV',5,'1800459461201',NULL),(1046,'Expresión ArtísticaV',5,'1969035561203',NULL),(1047,'Educación FísicaV',5,'1984440871226',NULL),(1048,'Formación CiudadanaV',5,'1989591171202',NULL),(1049,'Productividad y DesarrolloV',5,'2116762411201',NULL),(1051,'Comunicación y LenguajeVI',6,'2151290161202',NULL),(1052,'MatemáticasVI',6,'2356049332101',NULL),(1053,'Medio Social y NaturalVI',6,'1701502081216',NULL),(1054,'Ciencias Naturales y TecnologíaVI',6,'2062797321218',NULL),(1055,'Ciencias SocialesVI',6,'2327734911202',NULL),(1056,'Expresión ArtísticaVI',6,'2362673451202',NULL),(1057,'Educación FísicaVI',6,'2549005181202',NULL),(1058,'Formación CiudadanaVI',6,'1764427581203',NULL),(1059,'Productividad y DesarrolloVI',6,'1989591171202',NULL);
/*!40000 ALTER TABLE `tbl_materia` ENABLE KEYS */;
UNLOCK TABLES;

--
-- Table structure for table `tbl_matricula`
--

DROP TABLE IF EXISTS `tbl_matricula`;
/*!40101 SET @saved_cs_client     = @@character_set_client */;
/*!40101 SET character_set_client = utf8 */;
CREATE TABLE `tbl_matricula` (
  `cod_matricula_id` int(11) NOT NULL,
  `fecha_matriculacion` date NOT NULL,
  `monto_matricula` int(11) DEFAULT NULL,
  `fk_dpi` char(13) NOT NULL,
  `fk_grado` int(11) NOT NULL,
  PRIMARY KEY (`cod_matricula_id`),
  KEY `fk_tbl_matricula_tbl_datos1_idx` (`fk_dpi`),
  KEY `fk_tbl_matricula_tbl_grado1_idx` (`fk_grado`),
  CONSTRAINT `fk_tbl_matricula_tbl_datos1` FOREIGN KEY (`fk_dpi`) REFERENCES `tbl_estudiante` (`dpi_id`) ON DELETE NO ACTION ON UPDATE NO ACTION,
  CONSTRAINT `fk_tbl_matricula_tbl_grado1` FOREIGN KEY (`fk_grado`) REFERENCES `tbl_grado` (`id_grado`) ON DELETE NO ACTION ON UPDATE NO ACTION
) ENGINE=InnoDB DEFAULT CHARSET=utf8;
/*!40101 SET character_set_client = @saved_cs_client */;

--
-- Dumping data for table `tbl_matricula`
--

LOCK TABLES `tbl_matricula` WRITE;
/*!40000 ALTER TABLE `tbl_matricula` DISABLE KEYS */;
INSERT INTO `tbl_matricula` VALUES (201601101,'2016-02-17',150,'1576280861306',1),(201601102,'2016-02-17',150,'1903717301215',1),(201601103,'2016-02-17',150,'2426126791416',1),(201601104,'2016-02-17',150,'2593609290920',1),(201601105,'2016-02-17',150,'2465452401226',1),(201601106,'2016-02-17',150,'1900973371214',1),(201601107,'2016-02-17',150,'2342242821211',1),(201601108,'2016-02-17',150,'1859030611204',1),(201601109,'2016-02-17',150,'1733964021211',1),(201601110,'2016-02-17',150,'2491935311221',1),(201601111,'2016-02-17',150,'1764704251202',1),(201601112,'2016-02-17',150,'1830128521203',1),(201601113,'2016-02-17',150,'2143605391223',1),(201601114,'2016-02-17',150,'2143038961229',1),(201601115,'2016-02-17',150,'2615777511226',1),(201601116,'2016-02-17',150,'2674443461201',1),(201601117,'2016-02-17',150,'2518339090101',1),(201601118,'2016-02-17',150,'2662066621108',1),(201601119,'2016-02-17',150,'2608160861207',1),(201601120,'2016-02-17',150,'2609160861207',1),(201601121,'2016-02-17',150,'2610160861207',1),(201601122,'2016-02-17',150,'2671331031226',1),(201601123,'2016-02-17',150,'2284488751226',1),(201601124,'2016-02-17',150,'1644311611202',1),(201601125,'2016-02-17',150,'1970424811216',1),(201601126,'2016-02-17',150,'2549002671202',1),(201601127,'2016-02-17',150,'2309536621202',1),(201601128,'2016-02-17',150,'2171453881226',1),(201601129,'2016-02-17',150,'2153155021229',1),(201601130,'2016-02-17',150,'1738601921229',1),(201601131,'2016-02-17',150,'1719135311203',1),(201601132,'2016-02-17',150,'1989590601202',1),(201601133,'2016-02-17',150,'1826744520906',1),(201601134,'2016-02-17',150,'1781283921219',1),(201601135,'2016-02-17',150,'1830138751203',1),(201601136,'2016-02-17',150,'2659522981202',1),(201601137,'2016-02-17',150,'2339291261109',1),(201601138,'2016-02-17',150,'2142010741202',1),(201601139,'2016-02-17',150,'1773139941227',1),(201601140,'2016-02-17',150,'1949992971214',1),(201601141,'2016-02-17',150,'1860400241201',1),(201601142,'2016-02-17',150,'2126442111202',1),(201601143,'2016-02-17',150,'1776823291204',1),(201601144,'2016-02-17',150,'2664048201109',1),(201601145,'2016-02-17',150,'1710423281204',1),(201601146,'2016-02-17',150,'1727610181202',1),(201601147,'2016-02-17',150,'1702768561202',1),(201601148,'2016-02-17',150,'2430828191201',1),(201601149,'2016-02-17',150,'1695746011204',1),(201601150,'2016-02-17',150,'2697574221202',1),(201601151,'2016-02-17',150,'1947532391215',1),(201601152,'2016-02-17',150,'1959126911202',1),(201601153,'2016-02-17',150,'1983922731216',1),(201601154,'2016-02-17',150,'2721442871215',1),(201601155,'2016-02-17',150,'2722442871215',1),(201601156,'2016-02-17',150,'2721273961202',1),(201601157,'2016-02-17',150,'2112127761210',1),(201601158,'2016-02-17',150,'1860388951204',1),(201602101,'2016-02-17',150,'1729893101202',2),(201602102,'2016-02-17',150,'2484976770101',2),(201602103,'2016-02-17',150,'2146293921109',2),(201602104,'2016-02-17',150,'2116599321202',2),(201602105,'2016-02-17',150,'2061230861202',2),(201602106,'2016-02-17',150,'1644167171202',2),(201602107,'2016-02-17',150,'2052165871202',2),(201602108,'2016-02-17',150,'1951219880919',2),(201602109,'2016-02-17',150,'2284464221109',2),(201602110,'2016-02-17',150,'1599675891202',2),(201602111,'2016-02-17',150,'2636731381206',2),(201602112,'2016-02-17',150,'2668415031202',2),(201602113,'2016-02-17',150,'2305549541214',2),(201602114,'2016-02-17',150,'2326028241202',2),(201602115,'2016-02-17',150,'1738716311207',2),(201602116,'2016-02-17',150,'2552761251228',2),(201602117,'2016-02-17',150,'2256193851109',2),(201602118,'2016-02-17',150,'2122224301229',2),(201602119,'2016-02-17',150,'2387778041216',2),(201602120,'2016-02-17',150,'1733701791204',2),(201602121,'2016-02-17',150,'1652913701202',2),(201602122,'2016-02-17',150,'1901717821229',2),(201602123,'2016-02-17',150,'1894074921201',2),(201602124,'2016-02-17',150,'2103434190916',2),(201602125,'2016-02-17',150,'1685117381201',2),(201602126,'2016-02-17',150,'1903032041204',2),(201602127,'2016-02-17',150,'2775498901203',2),(201602128,'2016-02-17',150,'1840014551202',2),(201602129,'2016-02-17',150,'2328388441204',2),(201602130,'2016-02-17',150,'2630370881215',2),(201602131,'2016-02-17',150,'2060201391204',2),(201602132,'2016-02-17',150,'1950614701204',2),(201602133,'2016-02-17',150,'2882292171217',2),(201602134,'2016-02-17',150,'2667281971201',2),(201602135,'2016-02-17',150,'2461488961106',2),(201602136,'2016-02-17',150,'1858983781223',2),(201602137,'2016-02-17',150,'1671465481207',2),(201602138,'2016-02-17',150,'2452942361219',2),(201602139,'2016-02-17',150,'1725262721204',2),(201602140,'2016-02-17',150,'2223085241201',2),(201602141,'2016-02-17',150,'2701687370101',2),(201602142,'2016-02-17',150,'1765314241202',2),(201602143,'2016-02-17',150,'2114563811219',2),(201602144,'2016-02-17',150,'2316238871207',2),(201602145,'2016-02-17',150,'2115547071204',2),(201602146,'2016-02-17',150,'2506094360904',2),(201602147,'2016-02-17',150,'2495944711219',2),(201602148,'2016-02-17',150,'2595286330917',2),(201602149,'2016-02-17',150,'1729887641202',2),(201602150,'2016-02-17',150,'1753564751002',2),(201602151,'2016-02-17',150,'2085146511203',2),(201602152,'2016-02-17',150,'2309054121202',2),(201602153,'2016-02-17',150,'1852492991102',2),(201602154,'2016-02-17',150,'1660962961202',2),(201602155,'2016-02-17',150,'1940876541201',2),(201602156,'2016-02-17',150,'1685102001203',2),(201602157,'2016-02-17',150,'1925655401109',2),(201602158,'2016-02-17',150,'2083208220906',2),(201602159,'2016-02-17',150,'2393353251203',2),(201602160,'2016-02-17',150,'1585607520101',2),(201602161,'2016-02-17',150,'1963762461202',2),(201602162,'2016-02-17',150,'1890486771221',2),(201602163,'2016-02-17',150,'1830345461208',2),(201602164,'2016-02-17',150,'2697157461202',2),(201602165,'2016-02-17',150,'1772142521213',2),(201602166,'2016-02-17',150,'2686162641202',2),(201603101,'2016-02-17',150,'1746713931203',3),(201603102,'2016-02-17',150,'2233230711210',3),(201603103,'2016-02-17',150,'2340760621215',3),(201603104,'2016-02-17',150,'1824830101215',3),(201603105,'2016-02-17',150,'2330682441225',3),(201603106,'2016-02-17',150,'2143481561203',3),(201603107,'2016-02-17',150,'2122196931206',3),(201603108,'2016-02-17',150,'1599104041101',3),(201603109,'2016-02-17',150,'1996844801213',3),(201603110,'2016-02-17',150,'2327042360316',3),(201603111,'2016-02-17',150,'2458963921204',3),(201603112,'2016-02-17',150,'1925599581215',3),(201603113,'2016-02-17',150,'2333571301203',3),(201603114,'2016-02-17',150,'1585408241211',3),(201603115,'2016-02-17',150,'2275540431223',3),(201603116,'2016-02-17',150,'1835162571215',3),(201603117,'2016-02-17',150,'2044688331220',3),(201603118,'2016-02-17',150,'1991708431211',3),(201603119,'2016-02-17',150,'2074871541202',3),(201603120,'2016-02-17',150,'2290545361204',3),(201603121,'2016-02-17',150,'1828359011212',3),(201603122,'2016-02-17',150,'2229104961202',3),(201603123,'2016-02-17',150,'2172177611202',3),(201603124,'2016-02-17',150,'1646016031203',3),(201603125,'2016-02-17',150,'1964806151204',3),(201603126,'2016-02-17',150,'1861842391213',3),(201603127,'2016-02-17',150,'1672072531109',3),(201603128,'2016-02-17',150,'1806667381202',3),(201603129,'2016-02-17',150,'1958991211216',3),(201603130,'2016-02-17',150,'1681280121202',3),(201603131,'2016-02-17',150,'2590659801202',3),(201603132,'2016-02-17',150,'2210392951203',3),(201603133,'2016-02-17',150,'2156046871214',3),(201603134,'2016-02-17',150,'2086673851301',3),(201603135,'2016-02-17',150,'1699113651202',3),(201603136,'2016-02-17',150,'1698103131201',3),(201603137,'2016-02-17',150,'1667101641207',3),(201603138,'2016-02-17',150,'1641450441229',3),(201603139,'2016-02-17',150,'2512457050114',3),(201603140,'2016-02-17',150,'2143976291227',3),(201603141,'2016-02-17',150,'2326761431203',3),(201603142,'2016-02-17',150,'2267518051202',3),(201603143,'2016-02-17',150,'2256791761209',3),(201603144,'2016-02-17',150,'2205720381203',3),(201603145,'2016-02-17',150,'1623967911201',3),(201603146,'2016-02-17',150,'2342572451202',3),(201603147,'2016-02-17',150,'1704116641202',3),(201603148,'2016-02-17',150,'2187239891213',3),(201603149,'2016-02-17',150,'2054037781202',3),(201603150,'2016-02-17',150,'1746709661204',3),(201603151,'2016-02-17',150,'2535408281229',3),(201603152,'2016-02-17',150,'2257611301302',3),(201603153,'2016-02-17',150,'2113369981202',3),(201603154,'2016-02-17',150,'2061235071203',3),(201603155,'2016-02-17',150,'1904293641215',3),(201603156,'2016-02-17',150,'1696125111216',3),(201603157,'2016-02-17',150,'2304798391203',3),(201603158,'2016-02-17',150,'1738782371204',3),(201603159,'2016-02-17',150,'2571077701217',3),(201603160,'2016-02-17',150,'2310935781213',3),(201603161,'2016-02-17',150,'2208350041228',3),(201603162,'2016-02-17',150,'1742033221217',3),(201603163,'2016-02-17',150,'2335713611202',3),(201603164,'2016-02-17',150,'2115190931149',3),(201603165,'2016-02-17',150,'2310348491201',3),(201603166,'2016-02-17',150,'2076844801202',3),(201604101,'2016-02-17',150,'1961946361203',4),(201604102,'2016-02-17',150,'1831883811229',4),(201604103,'2016-02-17',150,'1922122061216',4),(201604104,'2016-02-17',150,'2097236371217',4),(201604105,'2016-02-17',150,'1947497111229',4),(201604106,'2016-02-17',150,'1654646581216',4),(201604107,'2016-02-17',150,'1685098731203',4),(201604108,'2016-02-17',150,'1913149351207',4),(201604109,'2016-02-17',150,'2650623221210',4),(201604110,'2016-02-17',150,'1642840280805',4),(201604111,'2016-02-17',150,'2745573391201',4),(201604112,'2016-02-17',150,'2727585311202',4),(201604113,'2016-02-17',150,'1942627742101',4),(201604114,'2016-02-17',150,'2306716241202',4),(201604115,'2016-02-17',150,'1983994561223',4),(201604116,'2016-02-17',150,'2884021871223',4),(201604117,'2016-02-17',150,'1906431451226',4),(201604118,'2016-02-17',150,'190117951202',4),(201604119,'2016-02-17',150,'1588737071204',4),(201604120,'2016-02-17',150,'1895051091203',4),(201604121,'2016-02-17',150,'1685108981202',4),(201604122,'2016-02-17',150,'1755668281215',4),(201604123,'2016-02-17',150,'1578899041201',4),(201604124,'2016-02-17',150,'2071574481212',4),(201604125,'2016-02-17',150,'2675000251226',4),(201604126,'2016-02-17',150,'2740427971202',4),(201604127,'2016-02-17',150,'2367881831215',4),(201604128,'2016-02-17',150,'1998168591410',4),(201604129,'2016-02-17',150,'1690554341108',4),(201604130,'2016-02-17',150,'1767447031216',4),(201604131,'2016-02-17',150,'1729836651218',4),(201604132,'2016-02-17',150,'1893199251202',4),(201604133,'2016-02-17',150,'2273828381202',4),(201604134,'2016-02-17',150,'2600446361201',4),(201604135,'2016-02-17',150,'2197723391213',4),(201604136,'2016-02-17',150,'1859438101226',4),(201604137,'2016-02-17',150,'1692647341216',4),(201604138,'2016-02-17',150,'2596926541223',4),(201604139,'2016-02-17',150,'1828812451202',4),(201604140,'2016-02-17',150,'2313573890906',4),(201604141,'2016-02-17',150,'1717380711203',4),(201604142,'2016-02-17',150,'1764379401203',4),(201604143,'2016-02-17',150,'2727892241202',4),(201604144,'2016-02-17',150,'2318209331202',4),(201604145,'2016-02-17',150,'2583499481201',4),(201604146,'2016-02-17',150,'1735110581201',4),(201604147,'2016-02-17',150,'1777472851204',4),(201604148,'2016-02-17',150,'1683894951202',4),(201604149,'2016-02-17',150,'1776143901101',4),(201604150,'2016-02-17',150,'1764361541203',4),(201604151,'2016-02-17',150,'1771695240114',4),(201604152,'2016-02-17',150,'1761787671201',4),(201604153,'2016-02-17',150,'2299286091223',4),(201604154,'2016-02-17',150,'2343462211219',4),(201604157,'2016-02-17',150,'2056346721226',4),(201604158,'2016-02-17',150,'1942546701203',4),(201604159,'2016-02-17',150,'1660481511215',4),(201604160,'2016-02-17',150,'1732714481229',4),(201604161,'2016-02-17',150,'2440331881209',4),(201604162,'2016-02-17',150,'1940126461206',4),(201604163,'2016-02-17',150,'1672363931204',4),(201604164,'2016-02-17',150,'1739675151202',4),(201604165,'2016-02-17',150,'2132860331215',4),(201604166,'2016-02-17',150,'1739683331202',4),(201604167,'2016-02-17',150,'1739674421202',4),(201605168,'2016-02-17',150,'1660058781213',5),(201605169,'2016-02-17',150,'2164026381202',5),(201605170,'2016-02-17',150,'1882310801203',5),(201605171,'2016-02-17',150,'2244494941225',5),(201605172,'2016-02-17',150,'2177062071203',5),(201605173,'2016-02-17',150,'1879052661226',5),(201605174,'2016-02-17',150,'2498097611201',5),(201605175,'2016-02-17',150,'2373102360919',5),(201605176,'2016-02-17',150,'2280065701226',5),(201605177,'2016-02-17',150,'1887282951203',5),(201605178,'2016-02-17',150,'1834942101202',5),(201605179,'2016-02-17',150,'1682264481215',5),(201605180,'2016-02-17',150,'2744002351201',5),(201605181,'2016-02-17',150,'2194454511204',5),(201605182,'2016-02-17',150,'1964693411201',5),(201605183,'2016-02-17',150,'2599975361204',5),(201605184,'2016-02-17',150,'1937781731202',5),(201605185,'2016-02-17',150,'1729860001202',5),(201605186,'2016-02-17',150,'2509505021202',5),(201605187,'2016-02-17',150,'2063171581203',5),(201605188,'2016-02-17',150,'2292588591202',5),(201605189,'2016-02-17',150,'1660968651202',5),(201605190,'2016-02-17',150,'2409966231202',5),(201605191,'2016-02-17',150,'2727006141101',5),(201605192,'2016-02-17',150,'2366094161216',5),(201605193,'2016-02-17',150,'2257095111226',5),(201605194,'2016-02-17',150,'2567644761226',5),(201605195,'2016-02-17',150,'2736980281202',5),(201605196,'2016-02-17',150,'1741074471301',5),(201605197,'2016-02-17',150,'1920816081213',5),(201605198,'2016-02-17',150,'2249776361219',5),(201605199,'2016-02-17',150,'2056346801226',5),(201605200,'2016-02-17',150,'1995004361202',5),(201605201,'2016-02-17',150,'2360983220101',5),(201605202,'2016-02-17',150,'2631839981216',5),(201605203,'2016-02-17',150,'1848490981215',5),(201605204,'2016-02-17',150,'1819017651216',5),(201605205,'2016-02-17',150,'2406349501202',5),(201605206,'2016-02-17',150,'2347781481204',5),(201605207,'2016-02-17',150,'2327473421202',5),(201605208,'2016-02-17',150,'1757984001204',5),(201605209,'2016-02-17',150,'1764426261203',5),(201605210,'2016-02-17',150,'2635281461201',5),(201605211,'2016-02-17',150,'2704731221215',5),(201605212,'2016-02-17',150,'2549446201108',5),(201605213,'2016-02-17',150,'2350324841204',5),(201605214,'2016-02-17',150,'1669733431201',5),(201605215,'2016-02-17',150,'2097009631204',5),(201605216,'2016-02-17',150,'1805437411229',5),(201605217,'2016-02-17',150,'2654844801202',5),(201605218,'2016-02-17',150,'2329806161101',5),(201605219,'2016-02-17',150,'1866087800904',5),(201605220,'2016-02-17',150,'2753027251201',5),(201605221,'2016-02-17',150,'2065184121202',5),(201605222,'2016-02-17',150,'1726778741224',5),(201605223,'2016-02-17',150,'1742074471301',5),(201605224,'2016-02-17',150,'1995150071203',5),(201605225,'2016-02-17',150,'2707315710920',5),(201605226,'2016-02-17',150,'2051655081202',5),(201605227,'2016-02-17',150,'1606133530602',5),(201605228,'2016-02-17',150,'1985007771202',5),(201605229,'2016-02-17',150,'1685710481202',5),(201605230,'2016-02-17',150,'1679225641202',5),(201605231,'2016-02-17',150,'2443420241202',5),(201605232,'2016-02-17',150,'1622306721210',5),(201606104,'2016-02-17',150,'2123941181213',6),(201606105,'2016-02-17',150,'1764424721203',6),(201606106,'2016-02-17',150,'1764363241203',6),(201606107,'2016-02-17',150,'1919438050101',6),(201606108,'2016-02-17',150,'1582027751202',6),(201606109,'2016-02-17',150,'1679229551202',6),(201606110,'2016-02-17',150,'1639723381202',6),(201606111,'2016-02-17',150,'2333256541108',6),(201606112,'2016-02-17',150,'2318708841204',6),(201606113,'2016-02-17',150,'1995874930101',6),(201606114,'2016-02-17',150,'2441798511216',6),(201606115,'2016-02-17',150,'2549240931229',6),(201606116,'2016-02-17',150,'2270008621320',6),(201606117,'2016-02-17',150,'2713720361203',6),(201606118,'2016-02-17',150,'2127352561209',6),(201606119,'2016-02-17',150,'1929579291203',6),(201606120,'2016-02-17',150,'1942320422121',6),(201606121,'2016-02-17',150,'2165879801210',6),(201606122,'2016-02-17',150,'2165288601215',6),(201606123,'2016-02-17',150,'2293309671202',6),(201606124,'2016-02-17',150,'1659725561202',6),(201606125,'2016-02-17',150,'1979572261101',6),(201606126,'2016-02-17',150,'2109363041226',6),(201606127,'2016-02-17',150,'1935026901229',6),(201606128,'2016-02-17',150,'2270938601007',6),(201606129,'2016-02-17',150,'1878689211204',6),(201606130,'2016-02-17',150,'2458075351213',6),(201606131,'2016-02-17',150,'1816678511216',6),(201606132,'2016-02-17',150,'1641454271202',6),(201606133,'2016-02-17',150,'1741805271202',6),(201606134,'2016-02-17',150,'1804695840911',6),(201606135,'2016-02-17',150,'1953086111101',6),(201606136,'2016-02-17',150,'2433560991204',6),(201606137,'2016-02-17',150,'1922157791204',6),(201606138,'2016-02-17',150,'2398366991321',6),(201606139,'2016-02-17',150,'2439457521216',6),(201606141,'2016-02-17',150,'2166359341215',6),(201606142,'2016-02-17',150,'1667022931220',6),(201606143,'2016-02-17',150,'2137058261207',6),(201606144,'2016-02-17',150,'1732713671229',6),(201606145,'2016-02-17',150,'1909211531201',6),(201606146,'2016-02-17',150,'1587923941214',6),(201606147,'2016-02-17',150,'2109076651203',6),(201606148,'2016-02-17',150,'1734194881217',6),(201606149,'2016-02-17',150,'1764376061203',6),(201606150,'2016-02-17',150,'2085244351229',6),(201606151,'2016-02-17',150,'1630405751201',6),(201606152,'2016-02-17',150,'1930708551204',6),(201606153,'2016-02-17',150,'1912790481301',6),(201606154,'2016-02-17',150,'2295765321202',6),(201606155,'2016-02-17',150,'2507517631213',6),(201606156,'2016-02-17',150,'2169066441202',6),(201606157,'2016-02-17',150,'1855985871202',6),(201606158,'2016-02-17',150,'1827660471101',6),(201606159,'2016-02-17',150,'2283477181215',6),(201606160,'2016-02-17',150,'2324881181206',6),(201606161,'2016-02-17',150,'2197783451223',6),(201606162,'2016-02-17',150,'1633547971503',6),(201606163,'2016-02-17',150,'1771076691215',6),(201606164,'2016-02-17',150,'1704310371216',6),(201606165,'2016-02-17',150,'1990915441202',6),(201606166,'2016-02-17',150,'1938038281214',6);
/*!40000 ALTER TABLE `tbl_matricula` ENABLE KEYS */;
UNLOCK TABLES;

--
-- Table structure for table `tbl_nota`
--

DROP TABLE IF EXISTS `tbl_nota`;
/*!40101 SET @saved_cs_client     = @@character_set_client */;
/*!40101 SET character_set_client = utf8 */;
CREATE TABLE `tbl_nota` (
  `id_nota` int(11) NOT NULL,
  `n1` float DEFAULT NULL,
  `n2` float DEFAULT NULL,
  `n3` float DEFAULT NULL,
  `n4` float DEFAULT NULL,
  `promedio` float DEFAULT NULL,
  `fk_matricula` int(11) NOT NULL,
  `fk_materia` int(11) NOT NULL,
  PRIMARY KEY (`id_nota`),
  KEY `fk_tbl_nota_tbl_matricula1_idx` (`fk_matricula`),
  KEY `fk_tbl_nota_tbl_materia1_idx` (`fk_materia`),
  CONSTRAINT `fk_tbl_nota_tbl_materia1` FOREIGN KEY (`fk_materia`) REFERENCES `tbl_materia` (`id_materia`) ON DELETE NO ACTION ON UPDATE NO ACTION,
  CONSTRAINT `fk_tbl_nota_tbl_matricula1` FOREIGN KEY (`fk_matricula`) REFERENCES `tbl_matricula` (`cod_matricula_id`) ON DELETE NO ACTION ON UPDATE NO ACTION
) ENGINE=InnoDB DEFAULT CHARSET=utf8;
/*!40101 SET character_set_client = @saved_cs_client */;

--
-- Dumping data for table `tbl_nota`
--

LOCK TABLES `tbl_nota` WRITE;
/*!40000 ALTER TABLE `tbl_nota` DISABLE KEYS */;
INSERT INTO `tbl_nota` VALUES (1,60,60,60,60,60,201601101,1001),(2,80,75,69,70,73.5,201601102,1001),(3,100,90,78,80,87,201601103,1001),(4,100,95,87,90,93,201601104,1001),(5,70,62,60,60,63,201601105,1001),(6,99,97,95,90,95.25,201601106,1001),(7,100,99,97,100,99,201601107,1001),(8,60,60,60,60,60,201601108,1001),(9,80,75,69,70,73.5,201601109,1001),(10,100,90,78,80,87,201601110,1001),(11,100,95,87,90,93,201601111,1001),(12,70,62,60,60,63,201601112,1001),(13,99,97,95,90,95.25,201601113,1001),(14,100,99,97,100,99,201601114,1001),(15,60,60,60,60,60,201601115,1001),(16,80,75,69,70,73.5,201601116,1001),(17,100,90,78,80,87,201601117,1001),(18,100,95,87,90,93,201601118,1001),(19,70,62,60,60,63,201601119,1001),(20,99,97,95,90,95.25,201601120,1001),(21,100,99,97,100,99,201601121,1001),(22,60,60,60,60,60,201601122,1001),(23,80,75,69,70,73.5,201601123,1001),(24,100,90,78,80,87,201601124,1001),(25,100,95,87,90,93,201601125,1001),(26,70,62,60,60,63,201601126,1001),(27,99,97,95,90,95.25,201601127,1001),(28,100,99,97,100,99,201601128,1001),(29,60,60,60,60,60,201601129,1001),(30,80,75,69,70,73.5,201601130,1001),(31,100,90,78,80,87,201601131,1001),(32,100,95,87,90,93,201601132,1001),(33,70,62,60,60,63,201601133,1001),(34,99,97,95,90,95.25,201601134,1001),(35,100,99,97,100,99,201601135,1001),(36,70,62,60,60,63,201601136,1001),(37,99,97,95,90,95.25,201601137,1001),(38,100,99,97,100,99,201601138,1001),(39,60,60,60,60,60,201601139,1001),(40,80,75,69,70,73.5,201601140,1001),(41,100,90,78,80,87,201601141,1001),(42,100,95,87,90,93,201601142,1001),(43,70,62,60,60,63,201601143,1001),(44,99,97,95,90,95.25,201601144,1001),(45,100,99,97,100,99,201601145,1001),(46,60,60,60,60,60,201601146,1001),(47,80,75,69,70,73.5,201601147,1001),(48,100,90,78,80,87,201601148,1001),(49,100,95,87,90,93,201601149,1001),(50,70,62,60,60,63,201601150,1001),(51,99,97,95,90,95.25,201601151,1001),(52,100,99,97,100,99,201601152,1001),(53,60,60,60,60,60,201601153,1001),(54,80,75,69,70,73.5,201601154,1001),(55,100,90,78,80,87,201601155,1001),(56,100,95,87,90,93,201601156,1001),(57,70,62,60,60,63,201601157,1001),(58,99,97,95,90,95.25,201601158,1001),(59,100,99,97,100,99,201602101,1011),(60,60,60,60,60,60,201602102,1011),(61,80,75,69,70,73.5,201602103,1011),(62,100,90,78,80,87,201602104,1011),(63,100,95,87,90,93,201602105,1011),(64,70,62,60,60,63,201602106,1011),(65,99,97,95,90,95.25,201602107,1011),(66,100,99,97,100,99,201602108,1011),(67,70,62,60,60,63,201602109,1011),(68,99,97,95,90,95.25,201602110,1011),(69,100,99,97,100,99,201602111,1011),(70,60,60,60,60,60,201602112,1011),(71,80,75,69,70,73.5,201602113,1011),(72,100,90,78,80,87,201602114,1011),(73,100,95,87,90,93,201602115,1011),(74,70,62,60,60,63,201602116,1011),(75,99,97,95,90,95.25,201602117,1011),(76,100,99,97,100,99,201602118,1011),(77,60,60,60,60,60,201602119,1011),(78,80,75,69,70,73.5,201602120,1011),(79,100,90,78,80,87,201602121,1011),(80,99,97,95,90,95.25,201602122,1011),(81,100,99,97,100,99,201602123,1011),(82,60,60,60,60,60,201602124,1011),(83,80,75,69,70,73.5,201602125,1011),(84,100,90,78,80,87,201602126,1011),(85,100,95,87,90,93,201602127,1011),(86,70,62,60,60,63,201602128,1011),(87,99,97,95,90,95.25,201602129,1011),(88,100,99,97,100,99,201602130,1011),(89,60,60,60,60,60,201602131,1011),(90,80,75,69,70,73.5,201602132,1011),(91,80,75,69,70,73.5,201602133,1011),(92,100,90,78,80,87,201602134,1011),(93,99,97,95,90,95.25,201602135,1011),(94,100,99,97,100,99,201602136,1011),(95,60,60,60,60,60,201602137,1011),(96,80,75,69,70,73.5,201602138,1011),(97,100,90,78,80,87,201602139,1011),(98,60,60,60,60,60,201602140,1011),(99,80,75,69,70,73.5,201602141,1011),(100,100,90,78,80,87,201602142,1011),(101,100,95,87,90,93,201602143,1011),(102,70,62,60,60,63,201602144,1011),(103,99,97,95,90,95.25,201602145,1011),(104,100,99,97,100,99,201602146,1011),(105,60,60,60,60,60,201602147,1011),(106,80,75,69,70,73.5,201602148,1011),(107,100,90,78,80,87,201602149,1011),(108,100,95,87,90,93,201602150,1011),(109,70,62,60,60,63,201602151,1011),(110,99,97,95,90,95.25,201602152,1011),(111,100,99,97,100,99,201602153,1011),(112,60,60,60,60,60,201602154,1011),(113,80,75,69,70,73.5,201602155,1011),(114,100,90,78,80,87,201602156,1011),(115,100,95,87,90,93,201602157,1011),(116,70,62,60,60,63,201602158,1011),(117,99,97,95,90,95.25,201602159,1011),(118,100,99,97,100,99,201602160,1011),(119,60,60,60,60,60,201602161,1011),(120,80,75,69,70,73.5,201602162,1011),(121,100,90,78,80,87,201602163,1011),(122,100,95,87,90,93,201602164,1011),(123,70,62,60,60,63,201602165,1011),(124,99,97,95,90,95.25,201602166,1011),(125,100,99,97,100,99,201603101,1021),(126,60,60,60,60,60,201603102,1021),(127,80,75,69,70,73.5,201603103,1021),(128,100,90,78,80,87,201603104,1021),(129,100,95,87,90,93,201603105,1021),(130,70,62,60,60,63,201603106,1021),(131,99,97,95,90,95.25,201603107,1021),(132,100,99,97,100,99,201603108,1021),(133,70,62,60,60,63,201603109,1021),(134,99,97,95,90,95.25,201603110,1021),(135,100,99,97,100,99,201603111,1021),(136,60,60,60,60,60,201603112,1021),(137,80,75,69,70,73.5,201603113,1021),(138,100,90,78,80,87,201603114,1021),(139,100,95,87,90,93,201603115,1021),(140,70,62,60,60,63,201603116,1021),(141,99,97,95,90,95.25,201603117,1021),(142,100,99,97,100,99,201603118,1021),(143,60,60,60,60,60,201603119,1021),(144,80,75,69,70,73.5,201603120,1021),(145,100,90,78,80,87,201603121,1021),(146,100,95,87,90,93,201603122,1021),(147,70,62,60,60,63,201603123,1021),(148,99,97,95,90,95.25,201603124,1021),(149,100,99,97,100,99,201603125,1021),(150,60,60,60,60,60,201603126,1021),(151,80,75,69,70,73.5,201603127,1021),(152,100,90,78,80,87,201603128,1021),(153,100,95,87,90,93,201603129,1021),(154,70,62,60,60,63,201603130,1021),(155,99,97,95,90,95.25,201603131,1021),(156,100,99,97,100,99,201603132,1021),(157,60,60,60,60,60,201603133,1021),(158,80,75,69,70,73.5,201603134,1021),(159,100,90,78,80,87,201603135,1021),(160,100,95,87,90,93,201603136,1021),(161,70,62,60,60,63,201603137,1021),(162,99,97,95,90,95.25,201603138,1021),(163,100,99,97,100,99,201603139,1021),(164,70,62,60,60,63,201603140,1021),(165,99,97,95,90,95.25,201603141,1021),(166,100,99,97,100,99,201603142,1021),(167,60,60,60,60,60,201603143,1021),(168,80,75,69,70,73.5,201603144,1021),(169,100,90,78,80,87,201603145,1021),(170,100,95,87,90,93,201603146,1021),(171,70,62,60,60,63,201603147,1021),(172,99,97,95,90,95.25,201603148,1021),(173,100,99,97,100,99,201603149,1021),(174,60,60,60,60,60,201603150,1021),(175,80,75,69,70,73.5,201603151,1021),(176,100,90,78,80,87,201603152,1021),(177,99,97,95,90,95.25,201603153,1021),(178,100,99,97,100,99,201603154,1021),(179,60,60,60,60,60,201603155,1021),(180,80,75,69,70,73.5,201603156,1021),(181,100,90,78,80,87,201603157,1021),(182,100,95,87,90,93,201603158,1021),(183,70,62,60,60,63,201603159,1021),(184,99,97,95,90,95.25,201603160,1021),(185,100,99,97,100,99,201603161,1021),(186,60,60,60,60,60,201603162,1021),(187,80,75,69,70,73.5,201603163,1021),(188,80,75,69,70,73.5,201603164,1021),(189,100,90,78,80,87,201603165,1021),(190,99,97,95,90,95.25,201603166,1021),(191,100,99,97,100,99,201604101,1031),(192,60,60,60,60,60,201604102,1031),(193,80,75,69,70,73.5,201604103,1031),(194,100,90,78,80,87,201604104,1031),(195,60,60,60,60,60,201604105,1031),(196,80,75,69,70,73.5,201604106,1031),(197,100,90,78,80,87,201604107,1031),(198,100,95,87,90,93,201604108,1031),(199,70,62,60,60,63,201604109,1031),(200,99,97,95,90,95.25,201604110,1031),(201,100,99,97,100,99,201604111,1031),(202,60,60,60,60,60,201604112,1031),(203,80,75,69,70,73.5,201604113,1031),(204,100,90,78,80,87,201604114,1031),(205,100,95,87,90,93,201604115,1031),(206,70,62,60,60,63,201604116,1031),(207,99,97,95,90,95.25,201604117,1031),(208,100,99,97,100,99,201604118,1031),(209,60,60,60,60,60,201604119,1031),(210,80,75,69,70,73.5,201604120,1031),(211,100,90,78,80,87,201604121,1031),(212,100,95,87,90,93,201604122,1031),(213,70,62,60,60,63,201604123,1031),(214,99,97,95,90,95.25,201604124,1031),(215,100,99,97,100,99,201604125,1031),(216,60,60,60,60,60,201604126,1031),(217,80,75,69,70,73.5,201604127,1031),(218,100,90,78,80,87,201604128,1031),(219,100,95,87,90,93,201604129,1031),(220,70,62,60,60,63,201604130,1031),(221,99,97,95,90,95.25,201604131,1031),(222,100,99,97,100,99,201604132,1031),(223,60,60,60,60,60,201604133,1031),(224,80,75,69,70,73.5,201604134,1031),(225,100,90,78,80,87,201604135,1031),(226,100,95,87,90,93,201604136,1031),(227,70,62,60,60,63,201604137,1031),(228,99,97,95,90,95.25,201604138,1031),(229,100,99,97,100,99,201604139,1031),(230,70,62,60,60,63,201604140,1031),(231,99,97,95,90,95.25,201604141,1031),(232,100,99,97,100,99,201604142,1031),(233,60,60,60,60,60,201604143,1031),(234,80,75,69,70,73.5,201604144,1031),(235,100,90,78,80,87,201604145,1031),(236,100,95,87,90,93,201604146,1031),(237,70,62,60,60,63,201604147,1031),(238,99,97,95,90,95.25,201604148,1031),(239,100,99,97,100,99,201604149,1031),(240,60,60,60,60,60,201604150,1031),(241,80,75,69,70,73.5,201604151,1031),(242,100,90,78,80,87,201604152,1031),(243,100,95,87,90,93,201604153,1031),(244,70,62,60,60,63,201604154,1031),(245,99,97,95,90,95.25,201604157,1031),(246,100,99,97,100,99,201604158,1031),(247,60,60,60,60,60,201604159,1031),(248,80,75,69,70,73.5,201604160,1031),(249,100,90,78,80,87,201604161,1031),(250,100,95,87,90,93,201604162,1031),(251,70,62,60,60,63,201604163,1031),(252,99,97,95,90,95.25,201604164,1031),(253,100,99,97,100,99,201604165,1031),(254,60,60,60,60,60,201604166,1031),(255,80,75,69,70,73.5,201604167,1031),(256,100,90,78,80,87,201605168,1041),(257,100,95,87,90,93,201605169,1041),(258,70,62,60,60,63,201605170,1041),(259,99,97,95,90,95.25,201605171,1041),(260,100,99,97,100,99,201605172,1041),(261,70,62,60,60,63,201605173,1041),(262,99,97,95,90,95.25,201605174,1041),(263,100,99,97,100,99,201605175,1041),(264,60,60,60,60,60,201605176,1041),(265,80,75,69,70,73.5,201605177,1041),(266,100,90,78,80,87,201605178,1041),(267,100,95,87,90,93,201605179,1041),(268,70,62,60,60,63,201605180,1041),(269,99,97,95,90,95.25,201605181,1041),(270,100,99,97,100,99,201605182,1041),(271,60,60,60,60,60,201605183,1041),(272,80,75,69,70,73.5,201605184,1041),(273,100,90,78,80,87,201605185,1041),(274,99,97,95,90,95.25,201605186,1041),(275,100,99,97,100,99,201605187,1041),(276,60,60,60,60,60,201605188,1041),(277,80,75,69,70,73.5,201605189,1041),(278,100,90,78,80,87,201605190,1041),(279,100,95,87,90,93,201605191,1041),(280,70,62,60,60,63,201605192,1041),(281,99,97,95,90,95.25,201605193,1041),(282,100,99,97,100,99,201605194,1041),(283,60,60,60,60,60,201605195,1041),(284,80,75,69,70,73.5,201605196,1041),(285,80,75,69,70,73.5,201605197,1041),(286,100,90,78,80,87,201605198,1041),(287,99,97,95,90,95.25,201605199,1041),(288,100,99,97,100,99,201605200,1041),(289,60,60,60,60,60,201605201,1041),(290,80,75,69,70,73.5,201605202,1041),(291,100,90,78,80,87,201605203,1041),(292,60,60,60,60,60,201605204,1041),(293,80,75,69,70,73.5,201605205,1041),(294,100,90,78,80,87,201605206,1041),(295,100,95,87,90,93,201605207,1041),(296,70,62,60,60,63,201605208,1041),(297,99,97,95,90,95.25,201605209,1041),(298,100,99,97,100,99,201605210,1041),(299,60,60,60,60,60,201605211,1041),(300,80,75,69,70,73.5,201605212,1041),(301,100,90,78,80,87,201605213,1041),(302,100,95,87,90,93,201605214,1041),(303,70,62,60,60,63,201605215,1041),(304,99,97,95,90,95.25,201605216,1041),(305,100,99,97,100,99,201605217,1041),(306,60,60,60,60,60,201605218,1041),(307,80,75,69,70,73.5,201605219,1041),(308,100,90,78,80,87,201605220,1041),(309,100,95,87,90,93,201605221,1041),(310,70,62,60,60,63,201605222,1041),(311,99,97,95,90,95.25,201605223,1041),(312,100,99,97,100,99,201605224,1041),(313,60,60,60,60,60,201605225,1041),(314,80,75,69,70,73.5,201605226,1041),(315,100,90,78,80,87,201605227,1041),(316,100,95,87,90,93,201605228,1041),(317,70,62,60,60,63,201605229,1041),(318,99,97,95,90,95.25,201605230,1041),(319,100,99,97,100,99,201605231,1041),(320,60,60,60,60,60,201605232,1041),(321,80,75,69,70,73.5,201606104,1051),(322,100,90,78,80,87,201606105,1051),(323,100,95,87,90,93,201606106,1051),(324,70,62,60,60,63,201606107,1051),(325,99,97,95,90,95.25,201606108,1051),(326,100,99,97,100,99,201606109,1051),(327,70,62,60,60,63,201606110,1051),(328,99,97,95,90,95.25,201606111,1051),(329,100,99,97,100,99,201606112,1051),(330,60,60,60,60,60,201606113,1051),(331,80,75,69,70,73.5,201606114,1051),(332,100,90,78,80,87,201606115,1051),(333,100,95,87,90,93,201606116,1051),(334,70,62,60,60,63,201606117,1051),(335,99,97,95,90,95.25,201606118,1051),(336,100,99,97,100,99,201606119,1051),(337,60,60,60,60,60,201606120,1051),(338,80,75,69,70,73.5,201606121,1051),(339,100,90,78,80,87,201606122,1051),(340,100,95,87,90,93,201606123,1051),(341,70,62,60,60,63,201606124,1051),(342,99,97,95,90,95.25,201606125,1051),(343,100,99,97,100,99,201606126,1051),(344,60,60,60,60,60,201606127,1051),(345,80,75,69,70,73.5,201606128,1051),(346,100,90,78,80,87,201606129,1051),(347,100,95,87,90,93,201606130,1051),(348,70,62,60,60,63,201606131,1051),(349,99,97,95,90,95.25,201606132,1051),(350,100,99,97,100,99,201606133,1051),(351,60,60,60,60,60,201606134,1051),(352,80,75,69,70,73.5,201606135,1051),(353,100,90,78,80,87,201606136,1051),(354,100,95,87,90,93,201606137,1051),(355,70,62,60,60,63,201606138,1051),(356,99,97,95,90,95.25,201606139,1051),(357,100,99,97,100,99,201606141,1051),(358,70,62,60,60,63,201606142,1051),(359,99,97,95,90,95.25,201606143,1051),(360,100,99,97,100,99,201606144,1051),(361,60,60,60,60,60,201606145,1051),(362,80,75,69,70,73.5,201606146,1051),(363,100,90,78,80,87,201606147,1051),(364,100,95,87,90,93,201606148,1051),(365,70,62,60,60,63,201606149,1051),(366,99,97,95,90,95.25,201606150,1051),(367,100,99,97,100,99,201606151,1051),(368,60,60,60,60,60,201606152,1051),(369,80,75,69,70,73.5,201606153,1051),(370,100,90,78,80,87,201606154,1051),(371,99,97,95,90,95.25,201606155,1051),(372,100,99,97,100,99,201606156,1051),(373,60,60,60,60,60,201606157,1051),(374,80,75,69,70,73.5,201606158,1051),(375,100,90,78,80,87,201606159,1051),(376,100,95,87,90,93,201606160,1051),(377,70,62,60,60,63,201606161,1051),(378,99,97,95,90,95.25,201606162,1051),(379,100,99,97,100,99,201606163,1051),(380,60,60,60,60,60,201606164,1051),(381,80,75,69,70,73.5,201606165,1051),(382,80,75,69,70,73.5,201606166,1051),(383,60,60,60,60,60,201601101,1002),(384,69,75,80,70,73.5,201601102,1002),(385,78,90,100,80,87,201601103,1002),(386,87,95,100,90,93,201601104,1002),(387,60,62,70,60,63,201601105,1002),(388,95,97,99,90,95.25,201601106,1002),(389,97,99,100,100,99,201601107,1002),(390,60,60,60,60,60,201601108,1002),(391,69,75,80,70,73.5,201601109,1002),(392,78,90,100,80,87,201601110,1002),(393,87,95,100,90,93,201601111,1002),(394,60,62,70,60,63,201601112,1002),(395,95,97,99,90,95.25,201601113,1002),(396,97,99,100,100,99,201601114,1002),(397,60,60,60,60,60,201601115,1002),(398,69,75,80,70,73.5,201601116,1002),(399,78,90,100,80,87,201601117,1002),(400,87,95,100,90,93,201601118,1002),(401,60,62,70,60,63,201601119,1002),(402,95,97,99,90,95.25,201601120,1002),(403,97,99,100,100,99,201601121,1002),(404,60,60,60,60,60,201601122,1002),(405,69,75,80,70,73.5,201601123,1002),(406,78,90,100,80,87,201601124,1002),(407,87,95,100,90,93,201601125,1002),(408,60,62,70,60,63,201601126,1002),(409,95,97,99,90,95.25,201601127,1002),(410,97,99,100,100,99,201601128,1002),(411,60,60,60,60,60,201601129,1002),(412,69,75,80,70,73.5,201601130,1002),(413,78,90,100,80,87,201601131,1002),(414,87,95,100,90,93,201601132,1002),(415,60,62,70,60,63,201601133,1002),(416,95,97,99,90,95.25,201601134,1002),(417,97,99,100,100,99,201601135,1002),(418,60,62,70,60,63,201601136,1002),(419,95,97,99,90,95.25,201601137,1002),(420,97,99,100,100,99,201601138,1002),(421,60,60,60,60,60,201601139,1002),(422,69,75,80,70,73.5,201601140,1002),(423,78,90,100,80,87,201601141,1002),(424,87,95,100,90,93,201601142,1002),(425,60,62,70,60,63,201601143,1002),(426,95,97,99,90,95.25,201601144,1002),(427,97,99,100,100,99,201601145,1002),(428,60,60,60,60,60,201601146,1002),(429,69,75,80,70,73.5,201601147,1002),(430,78,90,100,80,87,201601148,1002),(431,87,95,100,90,93,201601149,1002),(432,60,62,70,60,63,201601150,1002),(433,95,97,99,90,95.25,201601151,1002),(434,97,99,100,100,99,201601152,1002),(435,60,60,60,60,60,201601153,1002),(436,69,75,80,70,73.5,201601154,1002),(437,78,90,100,80,87,201601155,1002),(438,87,95,100,90,93,201601156,1002),(439,60,62,70,60,63,201601157,1002),(440,95,97,99,90,95.25,201601158,1002),(441,97,99,100,100,99,201602101,1012),(442,60,60,60,60,60,201602102,1012),(443,69,75,80,70,73.5,201602103,1012),(444,78,90,100,80,87,201602104,1012),(445,87,95,100,90,93,201602105,1012),(446,60,62,70,60,63,201602106,1012),(447,95,97,99,90,95.25,201602107,1012),(448,97,99,100,100,99,201602108,1012),(449,60,62,70,60,63,201602109,1012),(450,95,97,99,90,95.25,201602110,1012),(451,97,99,100,100,99,201602111,1012),(452,60,60,60,60,60,201602112,1012),(453,69,75,80,70,73.5,201602113,1012),(454,78,90,100,80,87,201602114,1012),(455,87,95,100,90,93,201602115,1012),(456,60,62,70,60,63,201602116,1012),(457,95,97,99,90,95.25,201602117,1012),(458,97,99,100,100,99,201602118,1012),(459,60,60,60,60,60,201602119,1012),(460,69,75,80,70,73.5,201602120,1012),(461,78,90,100,80,87,201602121,1012),(462,95,97,99,90,95.25,201602122,1012),(463,97,99,100,100,99,201602123,1012),(464,60,60,60,60,60,201602124,1012),(465,69,75,80,70,73.5,201602125,1012),(466,78,90,100,80,87,201602126,1012),(467,87,95,100,90,93,201602127,1012),(468,60,62,70,60,63,201602128,1012),(469,95,97,99,90,95.25,201602129,1012),(470,97,99,100,100,99,201602130,1012),(471,60,60,60,60,60,201602131,1012),(472,69,75,80,70,73.5,201602132,1012),(473,69,75,80,70,73.5,201602133,1012),(474,78,90,100,80,87,201602134,1012),(475,95,97,99,90,95.25,201602135,1012),(476,97,99,100,100,99,201602136,1012),(477,60,60,60,60,60,201602137,1012),(478,69,75,80,70,73.5,201602138,1012),(479,78,90,100,80,87,201602139,1012),(480,60,60,60,60,60,201602140,1012),(481,69,75,80,70,73.5,201602141,1012),(482,78,90,100,80,87,201602142,1012),(483,87,95,100,90,93,201602143,1012),(484,60,62,70,60,63,201602144,1012),(485,95,97,99,90,95.25,201602145,1012),(486,97,99,100,100,99,201602146,1012),(487,60,60,60,60,60,201602147,1012),(488,69,75,80,70,73.5,201602148,1012),(489,78,90,100,80,87,201602149,1012),(490,87,95,100,90,93,201602150,1012),(491,60,62,70,60,63,201602151,1012),(492,95,97,99,90,95.25,201602152,1012),(493,97,99,100,100,99,201602153,1012),(494,60,60,60,60,60,201602154,1012),(495,69,75,80,70,73.5,201602155,1012),(496,78,90,100,80,87,201602156,1012),(497,87,95,100,90,93,201602157,1012),(498,60,62,70,60,63,201602158,1012),(499,95,97,99,90,95.25,201602159,1012),(500,97,99,100,100,99,201602160,1012),(501,60,60,60,60,60,201602161,1012),(502,69,75,80,70,73.5,201602162,1012),(503,78,90,100,80,87,201602163,1012),(504,87,95,100,90,93,201602164,1012),(505,60,62,70,60,63,201602165,1012),(506,95,97,99,90,95.25,201602166,1012),(507,97,99,100,100,99,201603101,1022),(508,60,60,60,60,60,201603102,1022),(509,69,75,80,70,73.5,201603103,1022),(510,78,90,100,80,87,201603104,1022),(511,87,95,100,90,93,201603105,1022),(512,60,62,70,60,63,201603106,1022),(513,95,97,99,90,95.25,201603107,1022),(514,97,99,100,100,99,201603108,1022),(515,60,62,70,60,63,201603109,1022),(516,95,97,99,90,95.25,201603110,1022),(517,97,99,100,100,99,201603111,1022),(518,60,60,60,60,60,201603112,1022),(519,69,75,80,70,73.5,201603113,1022),(520,78,90,100,80,87,201603114,1022),(521,87,95,100,90,93,201603115,1022),(522,60,62,70,60,63,201603116,1022),(523,95,97,99,90,95.25,201603117,1022),(524,97,99,100,100,99,201603118,1022),(525,60,60,60,60,60,201603119,1022),(526,69,75,80,70,73.5,201603120,1022),(527,78,90,100,80,87,201603121,1022),(528,87,95,100,90,93,201603122,1022),(529,60,62,70,60,63,201603123,1022),(530,95,97,99,90,95.25,201603124,1022),(531,97,99,100,100,99,201603125,1022),(532,60,60,60,60,60,201603126,1022),(533,69,75,80,70,73.5,201603127,1022),(534,78,90,100,80,87,201603128,1022),(535,87,95,100,90,93,201603129,1022),(536,60,62,70,60,63,201603130,1022),(537,95,97,99,90,95.25,201603131,1022),(538,97,99,100,100,99,201603132,1022),(539,60,60,60,60,60,201603133,1022),(540,69,75,80,70,73.5,201603134,1022),(541,78,90,100,80,87,201603135,1022),(542,87,95,100,90,93,201603136,1022),(543,60,62,70,60,63,201603137,1022),(544,95,97,99,90,95.25,201603138,1022),(545,97,99,100,100,99,201603139,1022),(546,60,62,70,60,63,201603140,1022),(547,95,97,99,90,95.25,201603141,1022),(548,97,99,100,100,99,201603142,1022),(549,60,60,60,60,60,201603143,1022),(550,69,75,80,70,73.5,201603144,1022),(551,78,90,100,80,87,201603145,1022),(552,87,95,100,90,93,201603146,1022),(553,60,62,70,60,63,201603147,1022),(554,95,97,99,90,95.25,201603148,1022),(555,97,99,100,100,99,201603149,1022),(556,60,60,60,60,60,201603150,1022),(557,69,75,80,70,73.5,201603151,1022),(558,78,90,100,80,87,201603152,1022),(559,95,97,99,90,95.25,201603153,1022),(560,97,99,100,100,99,201603154,1022),(561,60,60,60,60,60,201603155,1022),(562,69,75,80,70,73.5,201603156,1022),(563,78,90,100,80,87,201603157,1022),(564,87,95,100,90,93,201603158,1022),(565,60,62,70,60,63,201603159,1022),(566,95,97,99,90,95.25,201603160,1022),(567,97,99,100,100,99,201603161,1022),(568,60,60,60,60,60,201603162,1022),(569,69,75,80,70,73.5,201603163,1022),(570,69,75,80,70,73.5,201603164,1022),(571,78,90,100,80,87,201603165,1022),(572,95,97,99,90,95.25,201603166,1022),(573,97,99,100,100,99,201604101,1032),(574,60,60,60,60,60,201604102,1032),(575,69,75,80,70,73.5,201604103,1032),(576,78,90,100,80,87,201604104,1032),(577,60,60,60,60,60,201604105,1032),(578,69,75,80,70,73.5,201604106,1032),(579,78,90,100,80,87,201604107,1032),(580,87,95,100,90,93,201604108,1032),(581,60,62,70,60,63,201604109,1032),(582,95,97,99,90,95.25,201604110,1032),(583,97,99,100,100,99,201604111,1032),(584,60,60,60,60,60,201604112,1032),(585,69,75,80,70,73.5,201604113,1032),(586,78,90,100,80,87,201604114,1032),(587,87,95,100,90,93,201604115,1032),(588,60,62,70,60,63,201604116,1032),(589,95,97,99,90,95.25,201604117,1032),(590,97,99,100,100,99,201604118,1032),(591,60,60,60,60,60,201604119,1032),(592,69,75,80,70,73.5,201604120,1032),(593,78,90,100,80,87,201604121,1032),(594,87,95,100,90,93,201604122,1032),(595,60,62,70,60,63,201604123,1032),(596,95,97,99,90,95.25,201604124,1032),(597,97,99,100,100,99,201604125,1032),(598,60,60,60,60,60,201604126,1032),(599,69,75,80,70,73.5,201604127,1032),(600,78,90,100,80,87,201604128,1032),(601,87,95,100,90,93,201604129,1032),(602,60,62,70,60,63,201604130,1032),(603,95,97,99,90,95.25,201604131,1032),(604,97,99,100,100,99,201604132,1032),(605,60,60,60,60,60,201604133,1032),(606,69,75,80,70,73.5,201604134,1032),(607,78,90,100,80,87,201604135,1032),(608,87,95,100,90,93,201604136,1032),(609,60,62,70,60,63,201604137,1032),(610,95,97,99,90,95.25,201604138,1032),(611,97,99,100,100,99,201604139,1032),(612,60,62,70,60,63,201604140,1032),(613,95,97,99,90,95.25,201604141,1032),(614,97,99,100,100,99,201604142,1032),(615,60,60,60,60,60,201604143,1032),(616,69,75,80,70,73.5,201604144,1032),(617,78,90,100,80,87,201604145,1032),(618,87,95,100,90,93,201604146,1032),(619,60,62,70,60,63,201604147,1032),(620,95,97,99,90,95.25,201604148,1032),(621,97,99,100,100,99,201604149,1032),(622,60,60,60,60,60,201604150,1032),(623,69,75,80,70,73.5,201604151,1032),(624,78,90,100,80,87,201604152,1032),(625,87,95,100,90,93,201604153,1032),(626,60,62,70,60,63,201604154,1032),(627,95,97,99,90,95.25,201604157,1032),(628,97,99,100,100,99,201604158,1032),(629,60,60,60,60,60,201604159,1032),(630,69,75,80,70,73.5,201604160,1032),(631,78,90,100,80,87,201604161,1032),(632,87,95,100,90,93,201604162,1032),(633,60,62,70,60,63,201604163,1032),(634,95,97,99,90,95.25,201604164,1032),(635,97,99,100,100,99,201604165,1032),(636,60,60,60,60,60,201604166,1032),(637,69,75,80,70,73.5,201604167,1032),(638,78,90,100,80,87,201605168,1042),(639,87,95,100,90,93,201605169,1042),(640,60,62,70,60,63,201605170,1042),(641,95,97,99,90,95.25,201605171,1042),(642,97,99,100,100,99,201605172,1042),(643,60,62,70,60,63,201605173,1042),(644,95,97,99,90,95.25,201605174,1042),(645,97,99,100,100,99,201605175,1042),(646,60,60,60,60,60,201605176,1042),(647,69,75,80,70,73.5,201605177,1042),(648,78,90,100,80,87,201605178,1042),(649,87,95,100,90,93,201605179,1042),(650,60,62,70,60,63,201605180,1042),(651,95,97,99,90,95.25,201605181,1042),(652,97,99,100,100,99,201605182,1042),(653,60,60,60,60,60,201605183,1042),(654,69,75,80,70,73.5,201605184,1042),(655,78,90,100,80,87,201605185,1042),(656,95,97,99,90,95.25,201605186,1042),(657,97,99,100,100,99,201605187,1042),(658,60,60,60,60,60,201605188,1042),(659,69,75,80,70,73.5,201605189,1042),(660,78,90,100,80,87,201605190,1042),(661,87,95,100,90,93,201605191,1042),(662,60,62,70,60,63,201605192,1042),(663,95,97,99,90,95.25,201605193,1042),(664,97,99,100,100,99,201605194,1042),(665,60,60,60,60,60,201605195,1042),(666,69,75,80,70,73.5,201605196,1042),(667,69,75,80,70,73.5,201605197,1042),(668,78,90,100,80,87,201605198,1042),(669,95,97,99,90,95.25,201605199,1042),(670,97,99,100,100,99,201605200,1042),(671,60,60,60,60,60,201605201,1042),(672,69,75,80,70,73.5,201605202,1042),(673,78,90,100,80,87,201605203,1042),(674,60,60,60,60,60,201605204,1042),(675,69,75,80,70,73.5,201605205,1042),(676,78,90,100,80,87,201605206,1042),(677,87,95,100,90,93,201605207,1042),(678,60,62,70,60,63,201605208,1042),(679,95,97,99,90,95.25,201605209,1042),(680,97,99,100,100,99,201605210,1042),(681,60,60,60,60,60,201605211,1042),(682,69,75,80,70,73.5,201605212,1042),(683,78,90,100,80,87,201605213,1042),(684,87,95,100,90,93,201605214,1042),(685,60,62,70,60,63,201605215,1042),(686,95,97,99,90,95.25,201605216,1042),(687,97,99,100,100,99,201605217,1042),(688,60,60,60,60,60,201605218,1042),(689,69,75,80,70,73.5,201605219,1042),(690,78,90,100,80,87,201605220,1042),(691,87,95,100,90,93,201605221,1042),(692,60,62,70,60,63,201605222,1042),(693,95,97,99,90,95.25,201605223,1042),(694,97,99,100,100,99,201605224,1042),(695,60,60,60,60,60,201605225,1042),(696,69,75,80,70,73.5,201605226,1042),(697,78,90,100,80,87,201605227,1042),(698,87,95,100,90,93,201605228,1042),(699,60,62,70,60,63,201605229,1042),(700,95,97,99,90,95.25,201605230,1042),(701,97,99,100,100,99,201605231,1042),(702,60,60,60,60,60,201605232,1042),(703,69,75,80,70,73.5,201606104,1052),(704,78,90,100,80,87,201606105,1052),(705,87,95,100,90,93,201606106,1052),(706,60,62,70,60,63,201606107,1052),(707,95,97,99,90,95.25,201606108,1052),(708,97,99,100,100,99,201606109,1052),(709,60,62,70,60,63,201606110,1052),(710,95,97,99,90,95.25,201606111,1052),(711,97,99,100,100,99,201606112,1052),(712,60,60,60,60,60,201606113,1052),(713,69,75,80,70,73.5,201606114,1052),(714,78,90,100,80,87,201606115,1052),(715,87,95,100,90,93,201606116,1052),(716,60,62,70,60,63,201606117,1052),(717,95,97,99,90,95.25,201606118,1052),(718,97,99,100,100,99,201606119,1052),(719,60,60,60,60,60,201606120,1052),(720,69,75,80,70,73.5,201606121,1052),(721,78,90,100,80,87,201606122,1052),(722,87,95,100,90,93,201606123,1052),(723,60,62,70,60,63,201606124,1052),(724,95,97,99,90,95.25,201606125,1052),(725,97,99,100,100,99,201606126,1052),(726,60,60,60,60,60,201606127,1052),(727,69,75,80,70,73.5,201606128,1052),(728,78,90,100,80,87,201606129,1052),(729,87,95,100,90,93,201606130,1052),(730,60,62,70,60,63,201606131,1052),(731,95,97,99,90,95.25,201606132,1052),(732,97,99,100,100,99,201606133,1052),(733,60,60,60,60,60,201606134,1052),(734,69,75,80,70,73.5,201606135,1052),(735,78,90,100,80,87,201606136,1052),(736,87,95,100,90,93,201606137,1052),(737,60,62,70,60,63,201606138,1052),(738,95,97,99,90,95.25,201606139,1052),(739,97,99,100,100,99,201606141,1052),(740,60,62,70,60,63,201606142,1052),(741,95,97,99,90,95.25,201606143,1052),(742,97,99,100,100,99,201606144,1052),(743,60,60,60,60,60,201606145,1052),(744,69,75,80,70,73.5,201606146,1052),(745,78,90,100,80,87,201606147,1052),(746,87,95,100,90,93,201606148,1052),(747,60,62,70,60,63,201606149,1052),(748,95,97,99,90,95.25,201606150,1052),(749,97,99,100,100,99,201606151,1052),(750,60,60,60,60,60,201606152,1052),(751,69,75,80,70,73.5,201606153,1052),(752,78,90,100,80,87,201606154,1052),(753,95,97,99,90,95.25,201606155,1052),(754,97,99,100,100,99,201606156,1052),(755,60,60,60,60,60,201606157,1052),(756,69,75,80,70,73.5,201606158,1052),(757,78,90,100,80,87,201606159,1052),(758,87,95,100,90,93,201606160,1052),(759,60,62,70,60,63,201606161,1052),(760,95,97,99,90,95.25,201606162,1052),(761,97,99,100,100,99,201606163,1052),(762,60,60,60,60,60,201606164,1052),(763,69,75,80,70,73.5,201606165,1052),(764,69,75,80,70,73.5,201606166,1052),(765,100,60,70,60,72.5,201601101,1003),(766,60,75,71.25,70,69.06,201601102,1003),(767,80,90,87.5,80,84.38,201601103,1003),(768,100,95,96.25,90,95.31,201601104,1003),(769,100,62,73,60,73.75,201601105,1003),(770,70,97,89,90,86.5,201601106,1003),(771,99,99,99.5,100,99.38,201601107,1003),(772,100,60,70,60,72.5,201601108,1003),(773,60,70,70,70,67.5,201601109,1003),(774,80,80,85,80,81.25,201601110,1003),(775,100,90,95,90,93.75,201601111,1003),(776,100,60,72.5,60,73.13,201601112,1003),(777,70,90,87.25,90,84.31,201601113,1003),(778,99,100,99.75,100,99.69,201601114,1003),(779,100,60,70,60,72.5,201601115,1003),(780,60,70,70,70,67.5,201601116,1003),(781,80,80,85,80,81.25,201601117,1003),(782,100,90,95,90,93.75,201601118,1003),(783,100,60,72.5,60,73.13,201601119,1003),(784,70,90,87.25,90,84.31,201601120,1003),(785,99,100,99.75,100,99.69,201601121,1003),(786,100,60,70,60,72.5,201601122,1003),(787,70,70,72.5,70,70.63,201601123,1003),(788,99,80,89.75,80,87.19,201601124,1003),(789,100,90,95,90,93.75,201601125,1003),(790,60,60,62.5,60,60.63,201601126,1003),(791,80,90,89.75,90,87.44,201601127,1003),(792,100,100,100,100,100,201601128,1003),(793,100,60,70,60,72.5,201601129,1003),(794,70,70,72.5,70,70.63,201601130,1003),(795,99,80,89.75,80,87.19,201601131,1003),(796,100,90,95,90,93.75,201601132,1003),(797,60,60,62.5,60,60.63,201601133,1003),(798,80,90,89.75,90,87.44,201601134,1003),(799,100,100,100,100,100,201601135,1003),(800,100,60,72.5,60,73.13,201601136,1003),(801,70,70,82.25,90,78.06,201601137,1003),(802,99,80,94.75,100,93.44,201601138,1003),(803,100,90,77.5,60,81.88,201601139,1003),(804,60,60,67.5,70,64.38,201601140,1003),(805,80,90,87.5,80,84.38,201601141,1003),(806,100,100,97.5,90,96.88,201601142,1003),(807,100,60,72.5,60,73.13,201601143,1003),(808,70,90,87.25,90,84.31,201601144,1003),(809,99,100,99.75,100,99.69,201601145,1003),(810,100,60,70,60,72.5,201601146,1003),(811,60,70,70,70,67.5,201601147,1003),(812,80,80,85,80,81.25,201601148,1003),(813,100,90,95,90,93.75,201601149,1003),(814,100,60,72.5,60,73.13,201601150,1003),(815,70,90,87.25,90,84.31,201601151,1003),(816,99,100,99.75,100,99.69,201601152,1003),(817,100,60,70,60,72.5,201601153,1003),(818,70,70,72.5,70,70.63,201601154,1003),(819,99,80,89.75,80,87.19,201601155,1003),(820,100,90,95,90,93.75,201601156,1003),(821,60,60,62.5,60,60.63,201601157,1003),(822,80,90,89.75,90,87.44,201601158,1003),(823,100,100,100,100,100,201602101,1013),(824,100,60,70,60,72.5,201602102,1013),(825,70,70,72.5,70,70.63,201602103,1013),(826,99,80,89.75,80,87.19,201602104,1013),(827,100,90,95,90,93.75,201602105,1013),(828,60,60,62.5,60,60.63,201602106,1013),(829,80,90,89.75,90,87.44,201602107,1013),(830,100,100,100,100,100,201602108,1013),(831,99,60,72.25,60,72.81,201602109,1013),(832,100,70,89.75,90,87.44,201602110,1013),(833,60,80,85,100,81.25,201602111,1013),(834,80,90,72.5,60,75.63,201602112,1013),(835,100,60,77.5,70,76.88,201602113,1013),(836,100,90,92.5,80,90.63,201602114,1013),(837,70,100,90,90,87.5,201602115,1013),(838,99,60,72.25,60,72.81,201602116,1013),(839,100,90,94.75,90,93.69,201602117,1013),(840,60,100,90,100,87.5,201602118,1013),(841,80,60,65,60,66.25,201602119,1013),(842,80,70,75,70,73.75,201602120,1013),(843,100,80,90,80,87.5,201602121,1013),(844,99,90,94.5,90,93.38,201602122,1013),(845,100,60,90,100,87.5,201602123,1013),(846,60,90,67.5,60,69.38,201602124,1013),(847,80,100,82.5,70,83.13,201602125,1013),(848,100,60,85,80,81.25,201602126,1013),(849,60,70,80,90,75,201602127,1013),(850,80,80,72.5,60,73.13,201602128,1013),(851,100,90,94.75,90,93.69,201602129,1013),(852,100,100,100,100,100,201602130,1013),(853,70,60,62.5,60,63.13,201602131,1013),(854,99,70,79.75,70,79.69,201602132,1013),(855,100,80,82.5,70,83.13,201602133,1013),(856,60,90,82.5,80,78.13,201602134,1013),(857,80,60,82.25,90,78.06,201602135,1013),(858,100,90,97.5,100,96.88,201602136,1013),(859,100,100,80,60,85,201602137,1013),(860,70,60,70,70,67.5,201602138,1013),(861,99,70,87.25,80,84.06,201602139,1013),(862,100,70,72.5,60,75.63,201602140,1013),(863,60,80,72.5,70,70.63,201602141,1013),(864,80,90,87.5,80,84.38,201602142,1013),(865,100,100,97.5,90,96.88,201602143,1013),(866,100,60,72.5,60,73.13,201602144,1013),(867,70,70,82.25,90,78.06,201602145,1013),(868,99,80,94.75,100,93.44,201602146,1013),(869,100,60,70,60,72.5,201602147,1013),(870,60,70,70,70,67.5,201602148,1013),(871,80,80,85,80,81.25,201602149,1013),(872,100,90,95,90,93.75,201602150,1013),(873,100,60,72.5,60,73.13,201602151,1013),(874,70,90,87.25,90,84.31,201602152,1013),(875,99,100,99.75,100,99.69,201602153,1013),(876,100,60,70,60,72.5,201602154,1013),(877,60,70,70,70,67.5,201602155,1013),(878,80,80,85,80,81.25,201602156,1013),(879,100,90,95,90,93.75,201602157,1013),(880,100,60,72.5,60,73.13,201602158,1013),(881,70,90,87.25,90,84.31,201602159,1013),(882,99,100,99.75,100,99.69,201602160,1013),(883,100,60,70,60,72.5,201602161,1013),(884,70,70,72.5,70,70.63,201602162,1013),(885,99,80,89.75,80,87.19,201602163,1013),(886,100,90,95,90,93.75,201602164,1013),(887,60,60,62.5,60,60.63,201602165,1013),(888,80,90,89.75,90,87.44,201602166,1013),(889,100,100,100,100,100,201603101,1023),(890,100,60,70,60,72.5,201603102,1023),(891,70,70,72.5,70,70.63,201603103,1023),(892,99,80,89.75,80,87.19,201603104,1023),(893,100,90,95,90,93.75,201603105,1023),(894,60,60,62.5,60,60.63,201603106,1023),(895,80,90,89.75,90,87.44,201603107,1023),(896,100,100,100,100,100,201603108,1023),(897,100,60,72.5,60,73.13,201603109,1023),(898,70,70,82.25,90,78.06,201603110,1023),(899,99,80,94.75,100,93.44,201603111,1023),(900,100,90,77.5,60,81.88,201603112,1023),(901,60,60,67.5,70,64.38,201603113,1023),(902,80,90,87.5,80,84.38,201603114,1023),(903,100,100,97.5,90,96.88,201603115,1023),(904,100,60,72.5,60,73.13,201603116,1023),(905,70,90,87.25,90,84.31,201603117,1023),(906,99,100,99.75,100,99.69,201603118,1023),(907,100,60,70,60,72.5,201603119,1023),(908,60,70,70,70,67.5,201603120,1023),(909,80,80,85,80,81.25,201603121,1023),(910,100,90,95,90,93.75,201603122,1023),(911,100,60,72.5,60,73.13,201603123,1023),(912,70,90,87.25,90,84.31,201603124,1023),(913,99,100,99.75,100,99.69,201603125,1023),(914,100,60,70,60,72.5,201603126,1023),(915,70,70,72.5,70,70.63,201603127,1023),(916,99,80,89.75,80,87.19,201603128,1023),(917,100,90,95,90,93.75,201603129,1023),(918,60,60,62.5,60,60.63,201603130,1023),(919,80,90,89.75,90,87.44,201603131,1023),(920,100,100,100,100,100,201603132,1023),(921,100,60,70,60,72.5,201603133,1023),(922,70,70,72.5,70,70.63,201603134,1023),(923,99,80,89.75,80,87.19,201603135,1023),(924,100,90,95,90,93.75,201603136,1023),(925,60,60,62.5,60,60.63,201603137,1023),(926,80,90,89.75,90,87.44,201603138,1023),(927,100,100,100,100,100,201603139,1023),(928,99,60,72.25,60,72.81,201603140,1023),(929,100,70,89.75,90,87.44,201603141,1023),(930,60,80,85,100,81.25,201603142,1023),(931,80,90,72.5,60,75.63,201603143,1023),(932,100,60,77.5,70,76.88,201603144,1023),(933,100,90,92.5,80,90.63,201603145,1023),(934,70,100,90,90,87.5,201603146,1023),(935,99,60,72.25,60,72.81,201603147,1023),(936,100,90,94.75,90,93.69,201603148,1023),(937,60,100,90,100,87.5,201603149,1023),(938,80,60,65,60,66.25,201603150,1023),(939,80,70,75,70,73.75,201603151,1023),(940,100,80,90,80,87.5,201603152,1023),(941,99,90,94.5,90,93.38,201603153,1023),(942,100,60,90,100,87.5,201603154,1023),(943,60,90,67.5,60,69.38,201603155,1023),(944,80,100,82.5,70,83.13,201603156,1023),(945,100,60,85,80,81.25,201603157,1023),(946,60,70,80,90,75,201603158,1023),(947,80,80,72.5,60,73.13,201603159,1023),(948,100,90,94.75,90,93.69,201603160,1023),(949,100,100,100,100,100,201603161,1023),(950,70,60,62.5,60,63.13,201603162,1023),(951,99,70,79.75,70,79.69,201603163,1023),(952,100,80,82.5,70,83.13,201603164,1023),(953,60,90,82.5,80,78.13,201603165,1023),(954,80,60,82.25,90,78.06,201603166,1023),(955,100,90,97.5,100,96.88,201604101,1033),(956,100,100,80,60,85,201604102,1033),(957,70,60,70,70,67.5,201604103,1033),(958,99,70,87.25,80,84.06,201604104,1033),(959,100,70,72.5,60,75.63,201604105,1033),(960,60,80,72.5,70,70.63,201604106,1033),(961,80,90,87.5,80,84.38,201604107,1033),(962,100,100,97.5,90,96.88,201604108,1033),(963,100,60,72.5,60,73.13,201604109,1033),(964,70,70,82.25,90,78.06,201604110,1033),(965,99,80,94.75,100,93.44,201604111,1033),(966,100,60,70,60,72.5,201604112,1033),(967,60,70,70,70,67.5,201604113,1033),(968,80,80,85,80,81.25,201604114,1033),(969,100,90,95,90,93.75,201604115,1033),(970,100,60,72.5,60,73.13,201604116,1033),(971,70,90,87.25,90,84.31,201604117,1033),(972,99,100,99.75,100,99.69,201604118,1033),(973,100,60,70,60,72.5,201604119,1033),(974,60,70,70,70,67.5,201604120,1033),(975,80,80,85,80,81.25,201604121,1033),(976,100,90,95,90,93.75,201604122,1033),(977,100,60,72.5,60,73.13,201604123,1033),(978,70,90,87.25,90,84.31,201604124,1033),(979,99,100,99.75,100,99.69,201604125,1033),(980,100,60,70,60,72.5,201604126,1033),(981,70,70,72.5,70,70.63,201604127,1033),(982,99,80,89.75,80,87.19,201604128,1033),(983,100,90,95,90,93.75,201604129,1033),(984,60,60,62.5,60,60.63,201604130,1033),(985,80,90,89.75,90,87.44,201604131,1033),(986,100,100,100,100,100,201604132,1033),(987,100,60,70,60,72.5,201604133,1033),(988,70,70,72.5,70,70.63,201604134,1033),(989,99,80,89.75,80,87.19,201604135,1033),(990,100,90,95,90,93.75,201604136,1033),(991,60,60,62.5,60,60.63,201604137,1033),(992,80,90,89.75,90,87.44,201604138,1033),(993,100,100,100,100,100,201604139,1033),(994,100,60,72.5,60,73.13,201604140,1033),(995,70,70,82.25,90,78.06,201604141,1033),(996,99,80,94.75,100,93.44,201604142,1033),(997,100,90,77.5,60,81.88,201604143,1033),(998,60,60,67.5,70,64.38,201604144,1033),(999,80,90,87.5,80,84.38,201604145,1033),(1000,100,100,97.5,90,96.88,201604146,1033),(1001,100,60,72.5,60,73.13,201604147,1033),(1002,70,90,87.25,90,84.31,201604148,1033),(1003,99,100,99.75,100,99.69,201604149,1033),(1004,100,60,70,60,72.5,201604150,1033),(1005,60,70,70,70,67.5,201604151,1033),(1006,80,80,85,80,81.25,201604152,1033),(1007,100,90,95,90,93.75,201604153,1033),(1008,100,60,72.5,60,73.13,201604154,1033),(1009,70,90,87.25,90,84.31,201604157,1033),(1010,99,100,99.75,100,99.69,201604158,1033),(1011,100,60,70,60,72.5,201604159,1033),(1012,70,70,72.5,70,70.63,201604160,1033),(1013,99,80,89.75,80,87.19,201604161,1033),(1014,100,90,95,90,93.75,201604162,1033),(1015,60,60,62.5,60,60.63,201604163,1033),(1016,80,90,89.75,90,87.44,201604164,1033),(1017,100,100,100,100,100,201604165,1033),(1018,100,60,70,60,72.5,201604166,1033),(1019,70,70,72.5,70,70.63,201604167,1033),(1020,99,80,89.75,80,87.19,201605168,1043),(1021,100,90,95,90,93.75,201605169,1043),(1022,60,60,62.5,60,60.63,201605170,1043),(1023,80,90,89.75,90,87.44,201605171,1043),(1024,100,100,100,100,100,201605172,1043),(1025,99,60,72.25,60,72.81,201605173,1043),(1026,100,70,89.75,90,87.44,201605174,1043),(1027,60,80,85,100,81.25,201605175,1043),(1028,80,90,72.5,60,75.63,201605176,1043),(1029,100,60,77.5,70,76.88,201605177,1043),(1030,100,90,92.5,80,90.63,201605178,1043),(1031,70,100,90,90,87.5,201605179,1043),(1032,99,60,72.25,60,72.81,201605180,1043),(1033,100,90,94.75,90,93.69,201605181,1043),(1034,60,100,90,100,87.5,201605182,1043),(1035,80,60,65,60,66.25,201605183,1043),(1036,80,70,75,70,73.75,201605184,1043),(1037,100,80,90,80,87.5,201605185,1043),(1038,99,90,94.5,90,93.38,201605186,1043),(1039,100,60,90,100,87.5,201605187,1043),(1040,60,90,67.5,60,69.38,201605188,1043),(1041,80,100,82.5,70,83.13,201605189,1043),(1042,100,60,85,80,81.25,201605190,1043),(1043,60,70,80,90,75,201605191,1043),(1044,80,80,72.5,60,73.13,201605192,1043),(1045,100,90,94.75,90,93.69,201605193,1043),(1046,100,100,100,100,100,201605194,1043),(1047,70,60,62.5,60,63.13,201605195,1043),(1048,99,70,79.75,70,79.69,201605196,1043),(1049,100,80,82.5,70,83.13,201605197,1043),(1050,60,90,82.5,80,78.13,201605198,1043),(1051,80,60,82.25,90,78.06,201605199,1043),(1052,100,90,97.5,100,96.88,201605200,1043),(1053,100,100,80,60,85,201605201,1043),(1054,70,60,70,70,67.5,201605202,1043),(1055,99,70,87.25,80,84.06,201605203,1043),(1056,100,70,72.5,60,75.63,201605204,1043),(1057,60,80,72.5,70,70.63,201605205,1043),(1058,80,90,87.5,80,84.38,201605206,1043),(1059,100,100,97.5,90,96.88,201605207,1043),(1060,100,60,72.5,60,73.13,201605208,1043),(1061,70,70,82.25,90,78.06,201605209,1043),(1062,99,80,94.75,100,93.44,201605210,1043),(1063,100,60,70,60,72.5,201605211,1043),(1064,60,70,70,70,67.5,201605212,1043),(1065,80,80,85,80,81.25,201605213,1043),(1066,100,90,95,90,93.75,201605214,1043),(1067,100,60,72.5,60,73.13,201605215,1043),(1068,70,90,87.25,90,84.31,201605216,1043),(1069,99,100,99.75,100,99.69,201605217,1043),(1070,100,60,70,60,72.5,201605218,1043),(1071,60,70,70,70,67.5,201605219,1043),(1072,80,80,85,80,81.25,201605220,1043),(1073,100,90,95,90,93.75,201605221,1043),(1074,100,60,72.5,60,73.13,201605222,1043),(1075,70,90,87.25,90,84.31,201605223,1043),(1076,99,100,99.75,100,99.69,201605224,1043),(1077,100,60,70,60,72.5,201605225,1043),(1078,70,70,72.5,70,70.63,201605226,1043),(1079,99,80,89.75,80,87.19,201605227,1043),(1080,100,90,95,90,93.75,201605228,1043),(1081,60,60,62.5,60,60.63,201605229,1043),(1082,80,90,89.75,90,87.44,201605230,1043),(1083,100,100,100,100,100,201605231,1043),(1084,100,60,70,60,72.5,201605232,1043),(1085,70,70,72.5,70,70.63,201606104,1053),(1086,99,80,89.75,80,87.19,201606105,1053),(1087,100,90,95,90,93.75,201606106,1053),(1088,60,60,62.5,60,60.63,201606107,1053),(1089,80,90,89.75,90,87.44,201606108,1053),(1090,100,100,100,100,100,201606109,1053),(1091,100,60,72.5,60,73.13,201606110,1053),(1092,70,70,82.25,90,78.06,201606111,1053),(1093,99,80,94.75,100,93.44,201606112,1053),(1094,100,90,77.5,60,81.88,201606113,1053),(1095,60,60,67.5,70,64.38,201606114,1053),(1096,80,90,87.5,80,84.38,201606115,1053),(1097,100,100,97.5,90,96.88,201606116,1053),(1098,100,60,72.5,60,73.13,201606117,1053),(1099,70,90,87.25,90,84.31,201606118,1053),(1100,99,100,99.75,100,99.69,201606119,1053),(1101,100,60,70,60,72.5,201606120,1053),(1102,60,70,70,70,67.5,201606121,1053),(1103,80,80,85,80,81.25,201606122,1053),(1104,100,90,95,90,93.75,201606123,1053),(1105,100,60,72.5,60,73.13,201606124,1053),(1106,70,90,87.25,90,84.31,201606125,1053),(1107,99,100,99.75,100,99.69,201606126,1053),(1108,100,60,70,60,72.5,201606127,1053),(1109,70,70,72.5,70,70.63,201606128,1053),(1110,99,80,89.75,80,87.19,201606129,1053),(1111,100,90,95,90,93.75,201606130,1053),(1112,60,60,62.5,60,60.63,201606131,1053),(1113,80,90,89.75,90,87.44,201606132,1053),(1114,100,100,100,100,100,201606133,1053),(1115,100,60,70,60,72.5,201606134,1053),(1116,70,70,72.5,70,70.63,201606135,1053),(1117,99,80,89.75,80,87.19,201606136,1053),(1118,100,90,95,90,93.75,201606137,1053),(1119,60,60,62.5,60,60.63,201606138,1053),(1120,80,90,89.75,90,87.44,201606139,1053),(1121,100,100,100,100,100,201606141,1053),(1122,99,62,72.75,60,73.44,201606142,1053),(1123,100,97,96.5,90,95.88,201606143,1053),(1124,60,99,89.75,100,87.19,201606144,1053),(1125,80,60,65,60,66.25,201606145,1053),(1126,100,75,81.25,70,81.56,201606146,1053),(1127,100,90,92.5,80,90.63,201606147,1053),(1128,70,95,88.75,90,85.94,201606148,1053),(1129,80,62,68,60,67.5,201606149,1053),(1130,90,97,94,90,92.75,201606150,1053),(1131,100,99,99.75,100,99.69,201606151,1053),(1132,60,60,60,60,60,201606152,1053),(1133,70,75,73.75,70,72.19,201606153,1053),(1134,80,90,87.5,80,84.38,201606154,1053),(1135,90,97,94,90,92.75,201606155,1053),(1136,60,99,89.75,100,87.19,201606156,1053),(1137,90,60,67.5,60,69.38,201606157,1053),(1138,100,75,81.25,70,81.56,201606158,1053),(1139,60,90,82.5,80,78.13,201606159,1053),(1140,70,95,88.75,90,85.94,201606160,1053),(1141,70,62,65.5,60,64.38,201606161,1053),(1142,95,97,95.25,90,94.31,201606162,1053),(1143,97,99,99,100,98.75,201606163,1053),(1144,60,60,60,60,60,201606164,1053),(1145,69,75,73.5,70,71.88,201606165,1053),(1146,69,75,73.5,70,71.88,201606166,1053),(1147,72.5,60,70,60,65.63,201601101,1004),(1148,69.06,75,71.25,70,71.33,201601102,1004),(1149,84.38,90,87.5,80,85.47,201601103,1004),(1150,95.31,95,96.25,90,94.14,201601104,1004),(1151,73.75,62,73,60,67.19,201601105,1004),(1152,86.5,97,89,90,90.63,201601106,1004),(1153,99.38,99,99.5,100,99.47,201601107,1004),(1154,72.5,60,70,60,65.63,201601108,1004),(1155,67.5,70,70,70,69.38,201601109,1004),(1156,81.25,80,85,80,81.56,201601110,1004),(1157,93.75,90,95,90,92.19,201601111,1004),(1158,73.13,60,72.5,60,66.41,201601112,1004),(1159,84.31,90,87.25,90,87.89,201601113,1004),(1160,99.69,100,99.75,100,99.86,201601114,1004),(1161,72.5,60,70,60,65.63,201601115,1004),(1162,67.5,70,70,70,69.38,201601116,1004),(1163,81.25,80,85,80,81.56,201601117,1004),(1164,93.75,90,95,90,92.19,201601118,1004),(1165,73.13,60,72.5,60,66.41,201601119,1004),(1166,84.31,90,87.25,90,87.89,201601120,1004),(1167,99.69,100,99.75,100,99.86,201601121,1004),(1168,72.5,60,70,60,65.63,201601122,1004),(1169,70.63,70,72.5,70,70.78,201601123,1004),(1170,87.19,80,89.75,80,84.23,201601124,1004),(1171,93.75,90,95,90,92.19,201601125,1004),(1172,60.63,60,62.5,60,60.78,201601126,1004),(1173,87.44,90,89.75,90,89.3,201601127,1004),(1174,100,100,100,100,100,201601128,1004),(1175,72.5,60,70,60,65.63,201601129,1004),(1176,70.63,70,72.5,70,70.78,201601130,1004),(1177,87.19,80,89.75,80,84.23,201601131,1004),(1178,93.75,90,95,90,92.19,201601132,1004),(1179,60.63,60,62.5,60,60.78,201601133,1004),(1180,87.44,90,89.75,90,89.3,201601134,1004),(1181,100,100,100,100,100,201601135,1004),(1182,73.13,60,72.5,60,66.41,201601136,1004),(1183,78.06,70,82.25,90,80.08,201601137,1004),(1184,93.44,80,94.75,100,92.05,201601138,1004),(1185,81.88,90,77.5,60,77.34,201601139,1004),(1186,64.38,60,67.5,70,65.47,201601140,1004),(1187,84.38,90,87.5,80,85.47,201601141,1004),(1188,96.88,100,97.5,90,96.09,201601142,1004),(1189,73.13,60,72.5,60,66.41,201601143,1004),(1190,84.31,90,87.25,90,87.89,201601144,1004),(1191,99.69,100,99.75,100,99.86,201601145,1004),(1192,72.5,60,70,60,65.63,201601146,1004),(1193,67.5,70,70,70,69.38,201601147,1004),(1194,81.25,80,85,80,81.56,201601148,1004),(1195,93.75,90,95,90,92.19,201601149,1004),(1196,73.13,60,72.5,60,66.41,201601150,1004),(1197,84.31,90,87.25,90,87.89,201601151,1004),(1198,99.69,100,99.75,100,99.86,201601152,1004),(1199,72.5,60,70,60,65.63,201601153,1004),(1200,70.63,70,72.5,70,70.78,201601154,1004),(1201,87.19,80,89.75,80,84.23,201601155,1004),(1202,93.75,90,95,90,92.19,201601156,1004),(1203,60.63,60,62.5,60,60.78,201601157,1004),(1204,87.44,90,89.75,90,89.3,201601158,1004),(1205,100,100,100,100,100,201602101,1014),(1206,72.5,60,70,60,65.63,201602102,1014),(1207,70.63,70,72.5,70,70.78,201602103,1014),(1208,87.19,80,89.75,80,84.23,201602104,1014),(1209,93.75,90,95,90,92.19,201602105,1014),(1210,60.63,60,62.5,60,60.78,201602106,1014),(1211,87.44,90,89.75,90,89.3,201602107,1014),(1212,100,100,100,100,100,201602108,1014),(1213,72.81,60,72.25,60,66.27,201602109,1014),(1214,87.44,70,89.75,90,84.3,201602110,1014),(1215,81.25,80,85,100,86.56,201602111,1014),(1216,75.63,90,72.5,60,74.53,201602112,1014),(1217,76.88,60,77.5,70,71.09,201602113,1014),(1218,90.63,90,92.5,80,88.28,201602114,1014),(1219,87.5,100,90,90,91.88,201602115,1014),(1220,72.81,60,72.25,60,66.27,201602116,1014),(1221,93.69,90,94.75,90,92.11,201602117,1014),(1222,87.5,100,90,100,94.38,201602118,1014),(1223,66.25,60,65,60,62.81,201602119,1014),(1224,73.75,70,75,70,72.19,201602120,1014),(1225,87.5,80,90,80,84.38,201602121,1014),(1226,93.38,90,94.5,90,91.97,201602122,1014),(1227,87.5,60,90,100,84.38,201602123,1014),(1228,69.38,90,67.5,60,71.72,201602124,1014),(1229,83.13,100,82.5,70,83.91,201602125,1014),(1230,81.25,60,85,80,76.56,201602126,1014),(1231,75,70,80,90,78.75,201602127,1014),(1232,73.13,80,72.5,60,71.41,201602128,1014),(1233,93.69,90,94.75,90,92.11,201602129,1014),(1234,100,100,100,100,100,201602130,1014),(1235,63.13,60,62.5,60,61.41,201602131,1014),(1236,79.69,70,79.75,70,74.86,201602132,1014),(1237,83.13,80,82.5,70,78.91,201602133,1014),(1238,78.13,90,82.5,80,82.66,201602134,1014),(1239,78.06,60,82.25,90,77.58,201602135,1014),(1240,96.88,90,97.5,100,96.09,201602136,1014),(1241,85,100,80,60,81.25,201602137,1014),(1242,67.5,60,70,70,66.88,201602138,1014),(1243,84.06,70,87.25,80,80.33,201602139,1014),(1244,75.63,70,72.5,60,69.53,201602140,1014),(1245,70.63,80,72.5,70,73.28,201602141,1014),(1246,84.38,90,87.5,80,85.47,201602142,1014),(1247,96.88,100,97.5,90,96.09,201602143,1014),(1248,73.13,60,72.5,60,66.41,201602144,1014),(1249,78.06,70,82.25,90,80.08,201602145,1014),(1250,93.44,80,94.75,100,92.05,201602146,1014),(1251,72.5,60,70,60,65.63,201602147,1014),(1252,67.5,70,70,70,69.38,201602148,1014),(1253,81.25,80,85,80,81.56,201602149,1014),(1254,93.75,90,95,90,92.19,201602150,1014),(1255,73.13,60,72.5,60,66.41,201602151,1014),(1256,84.31,90,87.25,90,87.89,201602152,1014),(1257,99.69,100,99.75,100,99.86,201602153,1014),(1258,72.5,60,70,60,65.63,201602154,1014),(1259,67.5,70,70,70,69.38,201602155,1014),(1260,81.25,80,85,80,81.56,201602156,1014),(1261,93.75,90,95,90,92.19,201602157,1014),(1262,73.13,60,72.5,60,66.41,201602158,1014),(1263,84.31,90,87.25,90,87.89,201602159,1014),(1264,99.69,100,99.75,100,99.86,201602160,1014),(1265,72.5,60,70,60,65.63,201602161,1014),(1266,70.63,70,72.5,70,70.78,201602162,1014),(1267,87.19,80,89.75,80,84.23,201602163,1014),(1268,93.75,90,95,90,92.19,201602164,1014),(1269,60.63,60,62.5,60,60.78,201602165,1014),(1270,87.44,90,89.75,90,89.3,201602166,1014),(1271,100,100,100,100,100,201603101,1024),(1272,72.5,60,70,60,65.63,201603102,1024),(1273,70.63,70,72.5,70,70.78,201603103,1024),(1274,87.19,80,89.75,80,84.23,201603104,1024),(1275,93.75,90,95,90,92.19,201603105,1024),(1276,60.63,60,62.5,60,60.78,201603106,1024),(1277,87.44,90,89.75,90,89.3,201603107,1024),(1278,100,100,100,100,100,201603108,1024),(1279,73.13,60,72.5,60,66.41,201603109,1024),(1280,78.06,70,82.25,90,80.08,201603110,1024),(1281,93.44,80,94.75,100,92.05,201603111,1024),(1282,81.88,90,77.5,60,77.34,201603112,1024),(1283,64.38,60,67.5,70,65.47,201603113,1024),(1284,84.38,90,87.5,80,85.47,201603114,1024),(1285,96.88,100,97.5,90,96.09,201603115,1024),(1286,73.13,60,72.5,60,66.41,201603116,1024),(1287,84.31,90,87.25,90,87.89,201603117,1024),(1288,99.69,100,99.75,100,99.86,201603118,1024),(1289,72.5,60,70,60,65.63,201603119,1024),(1290,67.5,70,70,70,69.38,201603120,1024),(1291,81.25,80,85,80,81.56,201603121,1024),(1292,93.75,90,95,90,92.19,201603122,1024),(1293,73.13,60,72.5,60,66.41,201603123,1024),(1294,84.31,90,87.25,90,87.89,201603124,1024),(1295,99.69,100,99.75,100,99.86,201603125,1024),(1296,72.5,60,70,60,65.63,201603126,1024),(1297,70.63,70,72.5,70,70.78,201603127,1024),(1298,87.19,80,89.75,80,84.23,201603128,1024),(1299,93.75,90,95,90,92.19,201603129,1024),(1300,60.63,60,62.5,60,60.78,201603130,1024),(1301,87.44,90,89.75,90,89.3,201603131,1024),(1302,100,100,100,100,100,201603132,1024),(1303,72.5,60,70,60,65.63,201603133,1024),(1304,70.63,70,72.5,70,70.78,201603134,1024),(1305,87.19,80,89.75,80,84.23,201603135,1024),(1306,93.75,90,95,90,92.19,201603136,1024),(1307,60.63,60,62.5,60,60.78,201603137,1024),(1308,87.44,90,89.75,90,89.3,201603138,1024),(1309,100,100,100,100,100,201603139,1024),(1310,72.81,60,72.25,60,66.27,201603140,1024),(1311,87.44,70,89.75,90,84.3,201603141,1024),(1312,81.25,80,85,100,86.56,201603142,1024),(1313,75.63,90,72.5,60,74.53,201603143,1024),(1314,76.88,60,77.5,70,71.09,201603144,1024),(1315,90.63,90,92.5,80,88.28,201603145,1024),(1316,87.5,100,90,90,91.88,201603146,1024),(1317,72.81,60,72.25,60,66.27,201603147,1024),(1318,93.69,90,94.75,90,92.11,201603148,1024),(1319,87.5,100,90,100,94.38,201603149,1024),(1320,66.25,60,65,60,62.81,201603150,1024),(1321,73.75,70,75,70,72.19,201603151,1024),(1322,87.5,80,90,80,84.38,201603152,1024),(1323,93.38,90,94.5,90,91.97,201603153,1024),(1324,87.5,60,90,100,84.38,201603154,1024),(1325,69.38,90,67.5,60,71.72,201603155,1024),(1326,83.13,100,82.5,70,83.91,201603156,1024),(1327,81.25,60,85,80,76.56,201603157,1024),(1328,75,70,80,90,78.75,201603158,1024),(1329,73.13,80,72.5,60,71.41,201603159,1024),(1330,93.69,90,94.75,90,92.11,201603160,1024),(1331,100,100,100,100,100,201603161,1024),(1332,63.13,60,62.5,60,61.41,201603162,1024),(1333,79.69,70,79.75,70,74.86,201603163,1024),(1334,83.13,80,82.5,70,78.91,201603164,1024),(1335,78.13,90,82.5,80,82.66,201603165,1024),(1336,78.06,60,82.25,90,77.58,201603166,1024),(1337,96.88,90,97.5,100,96.09,201604101,1034),(1338,85,100,80,60,81.25,201604102,1034),(1339,67.5,60,70,70,66.88,201604103,1034),(1340,84.06,70,87.25,80,80.33,201604104,1034),(1341,75.63,70,72.5,60,69.53,201604105,1034),(1342,70.63,80,72.5,70,73.28,201604106,1034),(1343,84.38,90,87.5,80,85.47,201604107,1034),(1344,96.88,100,97.5,90,96.09,201604108,1034),(1345,73.13,60,72.5,60,66.41,201604109,1034),(1346,78.06,70,82.25,90,80.08,201604110,1034),(1347,93.44,80,94.75,100,92.05,201604111,1034),(1348,72.5,60,70,60,65.63,201604112,1034),(1349,67.5,70,70,70,69.38,201604113,1034),(1350,81.25,80,85,80,81.56,201604114,1034),(1351,93.75,90,95,90,92.19,201604115,1034),(1352,73.13,60,72.5,60,66.41,201604116,1034),(1353,84.31,90,87.25,90,87.89,201604117,1034),(1354,99.69,100,99.75,100,99.86,201604118,1034),(1355,72.5,60,70,60,65.63,201604119,1034),(1356,67.5,70,70,70,69.38,201604120,1034),(1357,81.25,80,85,80,81.56,201604121,1034),(1358,93.75,90,95,90,92.19,201604122,1034),(1359,73.13,60,72.5,60,66.41,201604123,1034),(1360,84.31,90,87.25,90,87.89,201604124,1034),(1361,99.69,100,99.75,100,99.86,201604125,1034),(1362,72.5,60,70,60,65.63,201604126,1034),(1363,70.63,70,72.5,70,70.78,201604127,1034),(1364,87.19,80,89.75,80,84.23,201604128,1034),(1365,93.75,90,95,90,92.19,201604129,1034),(1366,60.63,60,62.5,60,60.78,201604130,1034),(1367,87.44,90,89.75,90,89.3,201604131,1034),(1368,100,100,100,100,100,201604132,1034),(1369,72.5,60,70,60,65.63,201604133,1034),(1370,70.63,70,72.5,70,70.78,201604134,1034),(1371,87.19,80,89.75,80,84.23,201604135,1034),(1372,93.75,90,95,90,92.19,201604136,1034),(1373,60.63,60,62.5,60,60.78,201604137,1034),(1374,87.44,90,89.75,90,89.3,201604138,1034),(1375,100,100,100,100,100,201604139,1034),(1376,73.13,60,72.5,60,66.41,201604140,1034),(1377,78.06,70,82.25,90,80.08,201604141,1034),(1378,93.44,80,94.75,100,92.05,201604142,1034),(1379,81.88,90,77.5,60,77.34,201604143,1034),(1380,64.38,60,67.5,70,65.47,201604144,1034),(1381,84.38,90,87.5,80,85.47,201604145,1034),(1382,96.88,100,97.5,90,96.09,201604146,1034),(1383,73.13,60,72.5,60,66.41,201604147,1034),(1384,84.31,90,87.25,90,87.89,201604148,1034),(1385,99.69,100,99.75,100,99.86,201604149,1034),(1386,72.5,60,70,60,65.63,201604150,1034),(1387,67.5,70,70,70,69.38,201604151,1034),(1388,81.25,80,85,80,81.56,201604152,1034),(1389,93.75,90,95,90,92.19,201604153,1034),(1390,73.13,60,72.5,60,66.41,201604154,1034),(1391,84.31,90,87.25,90,87.89,201604157,1034),(1392,99.69,100,99.75,100,99.86,201604158,1034),(1393,72.5,60,70,60,65.63,201604159,1034),(1394,70.63,70,72.5,70,70.78,201604160,1034),(1395,87.19,80,89.75,80,84.23,201604161,1034),(1396,93.75,90,95,90,92.19,201604162,1034),(1397,60.63,60,62.5,60,60.78,201604163,1034),(1398,87.44,90,89.75,90,89.3,201604164,1034),(1399,100,100,100,100,100,201604165,1034),(1400,72.5,60,70,60,65.63,201604166,1034),(1401,70.63,70,72.5,70,70.78,201604167,1034),(1402,87.19,80,89.75,80,84.23,201605168,1044),(1403,93.75,90,95,90,92.19,201605169,1044),(1404,60.63,60,62.5,60,60.78,201605170,1044),(1405,87.44,90,89.75,90,89.3,201605171,1044),(1406,100,100,100,100,100,201605172,1044),(1407,72.81,60,72.25,60,66.27,201605173,1044),(1408,87.44,70,89.75,90,84.3,201605174,1044),(1409,81.25,80,85,100,86.56,201605175,1044),(1410,75.63,90,72.5,60,74.53,201605176,1044),(1411,76.88,60,77.5,70,71.09,201605177,1044),(1412,90.63,90,92.5,80,88.28,201605178,1044),(1413,87.5,100,90,90,91.88,201605179,1044),(1414,72.81,60,72.25,60,66.27,201605180,1044),(1415,93.69,90,94.75,90,92.11,201605181,1044),(1416,87.5,100,90,100,94.38,201605182,1044),(1417,66.25,60,65,60,62.81,201605183,1044),(1418,73.75,70,75,70,72.19,201605184,1044),(1419,87.5,80,90,80,84.38,201605185,1044),(1420,93.38,90,94.5,90,91.97,201605186,1044),(1421,87.5,60,90,100,84.38,201605187,1044),(1422,69.38,90,67.5,60,71.72,201605188,1044),(1423,83.13,100,82.5,70,83.91,201605189,1044),(1424,81.25,60,85,80,76.56,201605190,1044),(1425,75,70,80,90,78.75,201605191,1044),(1426,73.13,80,72.5,60,71.41,201605192,1044),(1427,93.69,90,94.75,90,92.11,201605193,1044),(1428,100,100,100,100,100,201605194,1044),(1429,63.13,60,62.5,60,61.41,201605195,1044),(1430,79.69,70,79.75,70,74.86,201605196,1044),(1431,83.13,80,82.5,70,78.91,201605197,1044),(1432,78.13,90,82.5,80,82.66,201605198,1044),(1433,78.06,60,82.25,90,77.58,201605199,1044),(1434,96.88,90,97.5,100,96.09,201605200,1044),(1435,85,100,80,60,81.25,201605201,1044),(1436,67.5,60,70,70,66.88,201605202,1044),(1437,84.06,70,87.25,80,80.33,201605203,1044),(1438,75.63,70,72.5,60,69.53,201605204,1044),(1439,70.63,80,72.5,70,73.28,201605205,1044),(1440,84.38,90,87.5,80,85.47,201605206,1044),(1441,96.88,100,97.5,90,96.09,201605207,1044),(1442,73.13,60,72.5,60,66.41,201605208,1044),(1443,78.06,70,82.25,90,80.08,201605209,1044),(1444,93.44,80,94.75,100,92.05,201605210,1044),(1445,72.5,60,70,60,65.63,201605211,1044),(1446,67.5,70,70,70,69.38,201605212,1044),(1447,81.25,80,85,80,81.56,201605213,1044),(1448,93.75,90,95,90,92.19,201605214,1044),(1449,73.13,60,72.5,60,66.41,201605215,1044),(1450,84.31,90,87.25,90,87.89,201605216,1044),(1451,99.69,100,99.75,100,99.86,201605217,1044),(1452,72.5,60,70,60,65.63,201605218,1044),(1453,67.5,70,70,70,69.38,201605219,1044),(1454,81.25,80,85,80,81.56,201605220,1044),(1455,93.75,90,95,90,92.19,201605221,1044),(1456,73.13,60,72.5,60,66.41,201605222,1044),(1457,84.31,90,87.25,90,87.89,201605223,1044),(1458,99.69,100,99.75,100,99.86,201605224,1044),(1459,72.5,60,70,60,65.63,201605225,1044),(1460,70.63,70,72.5,70,70.78,201605226,1044),(1461,87.19,80,89.75,80,84.23,201605227,1044),(1462,93.75,90,95,90,92.19,201605228,1044),(1463,60.63,60,62.5,60,60.78,201605229,1044),(1464,87.44,90,89.75,90,89.3,201605230,1044),(1465,100,100,100,100,100,201605231,1044),(1466,72.5,60,70,60,65.63,201605232,1044),(1467,70.63,70,72.5,70,70.78,201606104,1054),(1468,87.19,80,89.75,80,84.23,201606105,1054),(1469,93.75,90,95,90,92.19,201606106,1054),(1470,60.63,60,62.5,60,60.78,201606107,1054),(1471,87.44,90,89.75,90,89.3,201606108,1054),(1472,100,100,100,100,100,201606109,1054),(1473,73.13,60,72.5,60,66.41,201606110,1054),(1474,78.06,70,82.25,90,80.08,201606111,1054),(1475,93.44,80,94.75,100,92.05,201606112,1054),(1476,81.88,90,77.5,60,77.34,201606113,1054),(1477,64.38,60,67.5,70,65.47,201606114,1054),(1478,84.38,90,87.5,80,85.47,201606115,1054),(1479,96.88,100,97.5,90,96.09,201606116,1054),(1480,73.13,60,72.5,60,66.41,201606117,1054),(1481,84.31,90,87.25,90,87.89,201606118,1054),(1482,99.69,100,99.75,100,99.86,201606119,1054),(1483,72.5,60,70,60,65.63,201606120,1054),(1484,67.5,70,70,70,69.38,201606121,1054),(1485,81.25,80,85,80,81.56,201606122,1054),(1486,93.75,90,95,90,92.19,201606123,1054),(1487,73.13,60,72.5,60,66.41,201606124,1054),(1488,84.31,90,87.25,90,87.89,201606125,1054),(1489,99.69,100,99.75,100,99.86,201606126,1054),(1490,72.5,60,70,60,65.63,201606127,1054),(1491,70.63,70,72.5,70,70.78,201606128,1054),(1492,87.19,80,89.75,80,84.23,201606129,1054),(1493,93.75,90,95,90,92.19,201606130,1054),(1494,60.63,60,62.5,60,60.78,201606131,1054),(1495,87.44,90,89.75,90,89.3,201606132,1054),(1496,100,100,100,100,100,201606133,1054),(1497,72.5,60,70,60,65.63,201606134,1054),(1498,70.63,70,72.5,70,70.78,201606135,1054),(1499,87.19,80,89.75,80,84.23,201606136,1054),(1500,93.75,90,95,90,92.19,201606137,1054),(1501,60.63,60,62.5,60,60.78,201606138,1054),(1502,87.44,90,89.75,90,89.3,201606139,1054),(1503,100,100,100,100,100,201606141,1054),(1504,73.44,62,72.75,60,67.05,201606142,1054),(1505,95.88,97,96.5,90,94.84,201606143,1054),(1506,87.19,99,89.75,100,93.98,201606144,1054),(1507,66.25,60,65,60,62.81,201606145,1054),(1508,81.56,75,81.25,70,76.95,201606146,1054),(1509,90.63,90,92.5,80,88.28,201606147,1054),(1510,85.94,95,88.75,90,89.92,201606148,1054),(1511,67.5,62,68,60,64.38,201606149,1054),(1512,92.75,97,94,90,93.44,201606150,1054),(1513,99.69,99,99.75,100,99.61,201606151,1054),(1514,60,60,60,60,60,201606152,1054),(1515,72.19,75,73.75,70,72.73,201606153,1054),(1516,84.38,90,87.5,80,85.47,201606154,1054),(1517,92.75,97,94,90,93.44,201606155,1054),(1518,87.19,99,89.75,100,93.98,201606156,1054),(1519,69.38,60,67.5,60,64.22,201606157,1054),(1520,81.56,75,81.25,70,76.95,201606158,1054),(1521,78.13,90,82.5,80,82.66,201606159,1054),(1522,85.94,95,88.75,90,89.92,201606160,1054),(1523,64.38,62,65.5,60,62.97,201606161,1054),(1524,94.31,97,95.25,90,94.14,201606162,1054),(1525,98.75,99,99,100,99.19,201606163,1054),(1526,60,60,60,60,60,201606164,1054),(1527,71.88,75,73.5,70,72.59,201606165,1054),(1528,71.88,75,73.5,70,72.59,201606166,1054);
/*!40000 ALTER TABLE `tbl_nota` ENABLE KEYS */;
UNLOCK TABLES;

--
-- Table structure for table `tbl_usuarios`
--

DROP TABLE IF EXISTS `tbl_usuarios`;
/*!40101 SET @saved_cs_client     = @@character_set_client */;
/*!40101 SET character_set_client = utf8 */;
CREATE TABLE `tbl_usuarios` (
  `id_usuarios` int(11) NOT NULL,
  `usuario` varchar(45) NOT NULL COMMENT '	',
  `pass` varchar(45) NOT NULL,
  `email` varchar(45) DEFAULT NULL,
  `fk_dpidocente` char(13) NOT NULL,
  `tbl_usuarioscol` varchar(45) DEFAULT NULL,
  PRIMARY KEY (`id_usuarios`),
  KEY `fk_tbl_usuarios_tbl_docente1_idx` (`fk_dpidocente`),
  CONSTRAINT `fk_tbl_usuarios_tbl_docente1` FOREIGN KEY (`fk_dpidocente`) REFERENCES `tbl_docente` (`dpidocente_id`) ON DELETE NO ACTION ON UPDATE NO ACTION
) ENGINE=InnoDB DEFAULT CHARSET=utf8;
/*!40101 SET character_set_client = @saved_cs_client */;

--
-- Dumping data for table `tbl_usuarios`
--

LOCK TABLES `tbl_usuarios` WRITE;
/*!40000 ALTER TABLE `tbl_usuarios` DISABLE KEYS */;
/*!40000 ALTER TABLE `tbl_usuarios` ENABLE KEYS */;
UNLOCK TABLES;

--
-- Dumping events for database 'mydb'
--

--
-- Dumping routines for database 'mydb'
--
/*!40103 SET TIME_ZONE=@OLD_TIME_ZONE */;

/*!40101 SET SQL_MODE=@OLD_SQL_MODE */;
/*!40014 SET FOREIGN_KEY_CHECKS=@OLD_FOREIGN_KEY_CHECKS */;
/*!40014 SET UNIQUE_CHECKS=@OLD_UNIQUE_CHECKS */;
/*!40101 SET CHARACTER_SET_CLIENT=@OLD_CHARACTER_SET_CLIENT */;
/*!40101 SET CHARACTER_SET_RESULTS=@OLD_CHARACTER_SET_RESULTS */;
/*!40101 SET COLLATION_CONNECTION=@OLD_COLLATION_CONNECTION */;
/*!40111 SET SQL_NOTES=@OLD_SQL_NOTES */;

-- Dump completed on 2016-11-06 17:40:46
